2026-04-09 23:21:38,636 | INFO | Loading calibration file: C:\Users\allda\Downloads\Snap-card-pipeline\photopea_batch\calibration_table.json
2026-04-09 23:23:48,449 | INFO | Loading calibration file: C:\Users\allda\Downloads\Snap-card-pipeline\photopea_batch\calibration_table.json
2026-04-09 23:23:48,450 | INFO | Loaded calibration entries | cost=9 | power=22
2026-04-09 23:23:48,451 | INFO | Found 60 PSD(s) in input directory: C:\Users\allda\Downloads\Snap-card-pipeline\photopea_batch\output_psd_dev
2026-04-09 23:24:02,890 | INFO | [ok] ajax.psd
2026-04-09 23:24:02,890 | INFO |     Cost 5: (167, 180, 328, 393) -> (170, 186, 331, 399) (target (170, 186, 331, 399), dx=3, dy=6)
2026-04-09 23:24:02,891 | INFO |     Power 7: (1482, 188, 1655, 402) -> (1482, 188, 1655, 402) (target (1482, 188, 1655, 402), dx=0, dy=0)
2026-04-09 23:24:11,410 | INFO | [ok] ant-man.psd
2026-04-09 23:24:11,411 | INFO |     Cost 1: (193, 186, 312, 399) -> (196, 183, 315, 396) (target (196, 183, 315, 396), dx=3, dy=-3)
2026-04-09 23:24:11,411 | INFO |     Power 1: (1507, 191, 1625, 405) -> (1507, 191, 1625, 405) (target (1507, 191, 1625, 405), dx=0, dy=0)
2026-04-09 23:24:20,111 | INFO | [ok] black-swan.psd
2026-04-09 23:24:20,111 | INFO |     Cost 2: (163, 183, 332, 396) -> (166, 186, 335, 399) (target (166, 186, 335, 399), dx=3, dy=3)
2026-04-09 23:24:20,112 | INFO |     Power 3: (1478, 185, 1643, 399) -> (1478, 185, 1643, 399) (target (1478, 185, 1643, 399), dx=0, dy=0)
2026-04-09 23:24:20,321 | WARNING | ZIP_WITH_PREDICTION decode failed (error: Error -3 while decompressing data: incorrect data check); channel replaced with black. width=2318 height=2142 depth=8 version=1
2026-04-09 23:24:20,331 | WARNING | Failed channel has been replaced by black
2026-04-09 23:24:20,372 | WARNING | ZIP_WITH_PREDICTION decode failed (error: Error -3 while decompressing data: incorrect data check); channel replaced with black. width=2318 height=2142 depth=8 version=1
2026-04-09 23:24:20,379 | WARNING | Failed channel has been replaced by black
2026-04-09 23:24:20,414 | WARNING | ZIP_WITH_PREDICTION decode failed (error: Error -3 while decompressing data: incorrect data check); channel replaced with black. width=2318 height=2142 depth=8 version=1
2026-04-09 23:24:20,420 | WARNING | Failed channel has been replaced by black
2026-04-09 23:24:20,484 | WARNING | ZIP_WITH_PREDICTION decode failed (error: Error -3 while decompressing data: incorrect data check); channel replaced with black. width=2318 height=2142 depth=8 version=1
2026-04-09 23:24:20,490 | WARNING | Failed channel has been replaced by black
2026-04-09 23:24:21,286 | WARNING | ZIP_WITH_PREDICTION decode failed (ValueError: Decompressed size exceeds expected maximum of 1042926 bytes); channel replaced with black. width=1721 height=606 depth=8 version=1
2026-04-09 23:24:21,287 | WARNING | Failed channel has been replaced by black
2026-04-09 23:24:21,293 | WARNING | ZIP_WITH_PREDICTION decode failed (ValueError: Decompressed size exceeds expected maximum of 1042926 bytes); channel replaced with black. width=1721 height=606 depth=8 version=1
2026-04-09 23:24:21,294 | WARNING | Failed channel has been replaced by black
2026-04-09 23:24:21,300 | WARNING | ZIP_WITH_PREDICTION decode failed (ValueError: Decompressed size exceeds expected maximum of 1042926 bytes); channel replaced with black. width=1721 height=606 depth=8 version=1
2026-04-09 23:24:21,301 | WARNING | Failed channel has been replaced by black
2026-04-09 23:24:21,314 | WARNING | ZIP_WITH_PREDICTION decode failed (ValueError: Decompressed size exceeds expected maximum of 1042926 bytes); channel replaced with black. width=1721 height=606 depth=8 version=1
2026-04-09 23:24:21,315 | WARNING | Failed channel has been replaced by black
2026-04-09 23:24:22,075 | WARNING | ZIP_WITH_PREDICTION decode failed (ValueError: Decompressed size exceeds expected maximum of 3770442 bytes); channel replaced with black. width=1703 height=2214 depth=8 version=1
2026-04-09 23:24:22,082 | WARNING | Failed channel has been replaced by black
2026-04-09 23:24:22,103 | WARNING | ZIP_WITH_PREDICTION decode failed (ValueError: Decompressed size exceeds expected maximum of 3770442 bytes); channel replaced with black. width=1703 height=2214 depth=8 version=1
2026-04-09 23:24:22,107 | WARNING | Failed channel has been replaced by black
2026-04-09 23:24:22,129 | WARNING | ZIP_WITH_PREDICTION decode failed (ValueError: Decompressed size exceeds expected maximum of 3770442 bytes); channel replaced with black. width=1703 height=2214 depth=8 version=1
2026-04-09 23:24:22,133 | WARNING | Failed channel has been replaced by black
2026-04-09 23:24:22,186 | WARNING | ZIP_WITH_PREDICTION decode failed (ValueError: Decompressed size exceeds expected maximum of 3770442 bytes); channel replaced with black. width=1703 height=2214 depth=8 version=1
2026-04-09 23:24:22,190 | WARNING | Failed channel has been replaced by black
2026-04-09 23:24:22,962 | WARNING | ZIP_WITH_PREDICTION decode failed (error: Error -3 while decompressing data: incorrect data check); channel replaced with black. width=1792 height=2646 depth=8 version=1
2026-04-09 23:24:22,972 | WARNING | Failed channel has been replaced by black
2026-04-09 23:24:22,998 | WARNING | ZIP_WITH_PREDICTION decode failed (error: Error -3 while decompressing data: incorrect data check); channel replaced with black. width=1792 height=2646 depth=8 version=1
2026-04-09 23:24:23,004 | WARNING | Failed channel has been replaced by black
2026-04-09 23:24:23,030 | WARNING | ZIP_WITH_PREDICTION decode failed (error: Error -3 while decompressing data: incorrect data check); channel replaced with black. width=1792 height=2646 depth=8 version=1
2026-04-09 23:24:23,035 | WARNING | Failed channel has been replaced by black
2026-04-09 23:24:23,094 | WARNING | ZIP_WITH_PREDICTION decode failed (error: Error -3 while decompressing data: incorrect data check); channel replaced with black. width=1792 height=2646 depth=8 version=1
2026-04-09 23:24:23,100 | WARNING | Failed channel has been replaced by black
2026-04-09 23:24:23,892 | WARNING | ZIP_WITH_PREDICTION decode failed (ValueError: Decompressed size exceeds expected maximum of 2816422 bytes); channel replaced with black. width=1421 height=1982 depth=8 version=1
2026-04-09 23:24:23,897 | WARNING | Failed channel has been replaced by black
2026-04-09 23:24:23,913 | WARNING | ZIP_WITH_PREDICTION decode failed (ValueError: Decompressed size exceeds expected maximum of 2816422 bytes); channel replaced with black. width=1421 height=1982 depth=8 version=1
2026-04-09 23:24:23,917 | WARNING | Failed channel has been replaced by black
2026-04-09 23:24:23,932 | WARNING | ZIP_WITH_PREDICTION decode failed (ValueError: Decompressed size exceeds expected maximum of 2816422 bytes); channel replaced with black. width=1421 height=1982 depth=8 version=1
2026-04-09 23:24:23,936 | WARNING | Failed channel has been replaced by black
2026-04-09 23:24:23,970 | WARNING | ZIP_WITH_PREDICTION decode failed (ValueError: Decompressed size exceeds expected maximum of 2816422 bytes); channel replaced with black. width=1421 height=1982 depth=8 version=1
2026-04-09 23:24:23,974 | WARNING | Failed channel has been replaced by black
2026-04-09 23:24:24,047 | WARNING | ZIP_WITH_PREDICTION decode failed (error: Error -3 while decompressing data: incorrect data check); channel replaced with black. width=2006 height=2006 depth=8 version=1
2026-04-09 23:24:24,052 | WARNING | Failed channel has been replaced by black
2026-04-09 23:24:24,080 | WARNING | ZIP_WITH_PREDICTION decode failed (error: Error -3 while decompressing data: incorrect data check); channel replaced with black. width=2006 height=2006 depth=8 version=1
2026-04-09 23:24:24,085 | WARNING | Failed channel has been replaced by black
2026-04-09 23:24:24,111 | WARNING | ZIP_WITH_PREDICTION decode failed (error: Error -3 while decompressing data: incorrect data check); channel replaced with black. width=2006 height=2006 depth=8 version=1
2026-04-09 23:24:24,115 | WARNING | Failed channel has been replaced by black
2026-04-09 23:24:24,164 | WARNING | ZIP_WITH_PREDICTION decode failed (error: Error -3 while decompressing data: incorrect data check); channel replaced with black. width=2006 height=2006 depth=8 version=1
2026-04-09 23:24:24,169 | WARNING | Failed channel has been replaced by black
2026-04-09 23:24:25,650 | WARNING | ZIP_WITH_PREDICTION decode failed (error: Error -3 while decompressing data: incorrect data check); channel replaced with black. width=1653 height=644 depth=8 version=1
2026-04-09 23:24:25,653 | WARNING | Failed channel has been replaced by black
2026-04-09 23:24:25,659 | WARNING | ZIP_WITH_PREDICTION decode failed (error: Error -3 while decompressing data: incorrect data check); channel replaced with black. width=1653 height=644 depth=8 version=1
2026-04-09 23:24:25,660 | WARNING | Failed channel has been replaced by black
2026-04-09 23:24:25,666 | WARNING | ZIP_WITH_PREDICTION decode failed (error: Error -3 while decompressing data: incorrect data check); channel replaced with black. width=1653 height=644 depth=8 version=1
2026-04-09 23:24:25,667 | WARNING | Failed channel has been replaced by black
2026-04-09 23:24:25,681 | WARNING | ZIP_WITH_PREDICTION decode failed (error: Error -3 while decompressing data: incorrect data check); channel replaced with black. width=1653 height=644 depth=8 version=1
2026-04-09 23:24:25,682 | WARNING | Failed channel has been replaced by black
2026-04-09 23:24:26,406 | WARNING | ZIP_WITH_PREDICTION decode failed (ValueError: Decompressed size exceeds expected maximum of 35358 bytes); channel replaced with black. width=166 height=213 depth=8 version=1
2026-04-09 23:24:26,407 | WARNING | Failed channel has been replaced by black
2026-04-09 23:24:26,408 | WARNING | ZIP_WITH_PREDICTION decode failed (ValueError: Decompressed size exceeds expected maximum of 35358 bytes); channel replaced with black. width=166 height=213 depth=8 version=1
2026-04-09 23:24:26,408 | WARNING | Failed channel has been replaced by black
2026-04-09 23:24:26,409 | WARNING | ZIP_WITH_PREDICTION decode failed (ValueError: Decompressed size exceeds expected maximum of 35358 bytes); channel replaced with black. width=166 height=213 depth=8 version=1
2026-04-09 23:24:26,409 | WARNING | Failed channel has been replaced by black
2026-04-09 23:24:26,409 | WARNING | ZIP_WITH_PREDICTION decode failed (ValueError: Decompressed size exceeds expected maximum of 35358 bytes); channel replaced with black. width=166 height=213 depth=8 version=1
2026-04-09 23:24:26,410 | WARNING | Failed channel has been replaced by black
2026-04-09 23:24:27,129 | WARNING | ZIP_WITH_PREDICTION decode failed (error: Error -3 while decompressing data: incorrect data check); channel replaced with black. width=1348 height=238 depth=8 version=1
2026-04-09 23:24:27,131 | WARNING | Failed channel has been replaced by black
2026-04-09 23:24:27,133 | WARNING | ZIP_WITH_PREDICTION decode failed (error: Error -3 while decompressing data: incorrect data check); channel replaced with black. width=1348 height=238 depth=8 version=1
2026-04-09 23:24:27,133 | WARNING | Failed channel has been replaced by black
2026-04-09 23:24:27,134 | WARNING | ZIP_WITH_PREDICTION decode failed (error: Error -3 while decompressing data: incorrect data check); channel replaced with black. width=1348 height=238 depth=8 version=1
2026-04-09 23:24:27,135 | WARNING | Failed channel has been replaced by black
2026-04-09 23:24:27,138 | WARNING | ZIP_WITH_PREDICTION decode failed (error: Error -3 while decompressing data: incorrect data check); channel replaced with black. width=1348 height=238 depth=8 version=1
2026-04-09 23:24:27,138 | WARNING | Failed channel has been replaced by black
2026-04-09 23:24:27,879 | WARNING | ZIP_WITH_PREDICTION decode failed (ValueError: Decompressed size exceeds expected maximum of 35310 bytes); channel replaced with black. width=165 height=214 depth=8 version=1
2026-04-09 23:24:28,981 | WARNING | Failed channel has been replaced by black
2026-04-09 23:24:28,984 | WARNING | ZIP_WITH_PREDICTION decode failed (ValueError: Decompressed size exceeds expected maximum of 35310 bytes); channel replaced with black. width=165 height=214 depth=8 version=1
2026-04-09 23:24:28,986 | WARNING | Failed channel has been replaced by black
2026-04-09 23:24:28,987 | WARNING | ZIP_WITH_PREDICTION decode failed (ValueError: Decompressed size exceeds expected maximum of 35310 bytes); channel replaced with black. width=165 height=214 depth=8 version=1
2026-04-09 23:24:28,987 | WARNING | Failed channel has been replaced by black
2026-04-09 23:24:28,988 | WARNING | ZIP_WITH_PREDICTION decode failed (ValueError: Decompressed size exceeds expected maximum of 35310 bytes); channel replaced with black. width=165 height=214 depth=8 version=1
2026-04-09 23:24:28,989 | WARNING | Failed channel has been replaced by black
2026-04-09 23:24:30,277 | INFO | [ok] black-widow.psd
2026-04-09 23:24:30,278 | INFO |     Cost 3: (152, 174, 318, 387) -> (167, 183, 333, 396) (target (167, 183, 333, 396), dx=15, dy=9)
2026-04-09 23:24:30,279 | INFO |     Power 3: (1460, 197, 1625, 411) -> (1478, 185, 1643, 399) (target (1478, 185, 1643, 399), dx=18, dy=-12)
2026-04-09 23:24:39,185 | INFO | [ok] blob.psd
2026-04-09 23:24:39,185 | INFO |     Cost 6: (154, 183, 323, 396) -> (163, 189, 332, 402) (target (163, 189, 332, 402), dx=9, dy=6)
2026-04-09 23:24:39,186 | INFO |     Power 0: (1473, 179, 1654, 393) -> (1464, 191, 1645, 405) (target (1464, 191, 1645, 405), dx=-9, dy=12)
2026-04-09 23:24:39,378 | INFO | [ok] cloak.psd
2026-04-09 23:24:39,378 | INFO |     Cost 2: (166, 186, 335, 399) -> (166, 186, 335, 399) (target (166, 186, 335, 399), dx=0, dy=0)
2026-04-09 23:24:39,379 | INFO |     Power 4: (1472, 182, 1643, 396) -> (1472, 182, 1643, 396) (target (1472, 182, 1643, 396), dx=0, dy=0)
2026-04-09 23:24:39,551 | INFO | [ok] death.psd
2026-04-09 23:24:39,551 | INFO |     Cost 8: (160, 186, 341, 399) -> (160, 186, 341, 399) (target (160, 186, 341, 399), dx=0, dy=0)
2026-04-09 23:24:39,552 | INFO |     Power 12: (1447, 191, 1689, 405) -> (1447, 191, 1689, 405) (target (1447, 191, 1689, 405), dx=0, dy=0)
2026-04-09 23:24:48,379 | INFO | [ok] destroyer.psd
2026-04-09 23:24:48,379 | INFO |     Cost 6: (154, 177, 323, 390) -> (163, 189, 332, 402) (target (163, 189, 332, 402), dx=9, dy=12)
2026-04-09 23:24:48,381 | INFO |     Power 18: (1429, 187, 1689, 402) -> (1429, 187, 1689, 402) (target (1429, 187, 1689, 402), dx=0, dy=0)
2026-04-09 23:24:48,562 | INFO | [ok] dormammu.psd
2026-04-09 23:24:48,562 | INFO |     Cost 7: (159, 186, 333, 399) -> (159, 186, 333, 399) (target (159, 186, 333, 399), dx=0, dy=0)
2026-04-09 23:24:48,564 | INFO |     Power 13: (1441, 185, 1681, 399) -> (1441, 185, 1681, 399) (target (1441, 185, 1681, 399), dx=0, dy=0)
2026-04-09 23:24:57,527 | INFO | [ok] eson.psd
2026-04-09 23:24:57,528 | INFO |     Cost 6: (154, 183, 323, 396) -> (163, 189, 332, 402) (target (163, 189, 332, 402), dx=9, dy=6)
2026-04-09 23:24:57,529 | INFO |     Power 10: (1432, 190, 1692, 405) -> (1432, 190, 1692, 405) (target (1432, 190, 1692, 405), dx=0, dy=0)
2026-04-09 23:25:06,556 | INFO | [ok] galacta.psd
2026-04-09 23:25:06,556 | INFO |     Cost 4: (159, 186, 330, 399) -> (153, 186, 324, 399) (target (153, 186, 324, 399), dx=-6, dy=0)
2026-04-09 23:25:06,557 | INFO |     Power 6: (1471, 188, 1638, 402) -> (1471, 188, 1638, 402) (target (1471, 188, 1638, 402), dx=0, dy=0)
2026-04-09 23:25:06,745 | WARNING | ZIP_WITH_PREDICTION decode failed (error: Error -3 while decompressing data: incorrect data check); channel replaced with black. width=2318 height=2142 depth=8 version=1
2026-04-09 23:25:06,752 | WARNING | Failed channel has been replaced by black
2026-04-09 23:25:06,784 | WARNING | ZIP_WITH_PREDICTION decode failed (error: Error -3 while decompressing data: incorrect data check); channel replaced with black. width=2318 height=2142 depth=8 version=1
2026-04-09 23:25:06,790 | WARNING | Failed channel has been replaced by black
2026-04-09 23:25:06,824 | WARNING | ZIP_WITH_PREDICTION decode failed (error: Error -3 while decompressing data: incorrect data check); channel replaced with black. width=2318 height=2142 depth=8 version=1
2026-04-09 23:25:06,831 | WARNING | Failed channel has been replaced by black
2026-04-09 23:25:06,895 | WARNING | ZIP_WITH_PREDICTION decode failed (error: Error -3 while decompressing data: incorrect data check); channel replaced with black. width=2318 height=2142 depth=8 version=1
2026-04-09 23:25:06,901 | WARNING | Failed channel has been replaced by black
2026-04-09 23:25:07,758 | WARNING | ZIP_WITH_PREDICTION decode failed (ValueError: Decompressed size exceeds expected maximum of 1042926 bytes); channel replaced with black. width=1721 height=606 depth=8 version=1
2026-04-09 23:25:07,759 | WARNING | Failed channel has been replaced by black
2026-04-09 23:25:07,765 | WARNING | ZIP_WITH_PREDICTION decode failed (ValueError: Decompressed size exceeds expected maximum of 1042926 bytes); channel replaced with black. width=1721 height=606 depth=8 version=1
2026-04-09 23:25:07,766 | WARNING | Failed channel has been replaced by black
2026-04-09 23:25:07,771 | WARNING | ZIP_WITH_PREDICTION decode failed (ValueError: Decompressed size exceeds expected maximum of 1042926 bytes); channel replaced with black. width=1721 height=606 depth=8 version=1
2026-04-09 23:25:07,772 | WARNING | Failed channel has been replaced by black
2026-04-09 23:25:07,786 | WARNING | ZIP_WITH_PREDICTION decode failed (ValueError: Decompressed size exceeds expected maximum of 1042926 bytes); channel replaced with black. width=1721 height=606 depth=8 version=1
2026-04-09 23:25:07,786 | WARNING | Failed channel has been replaced by black
2026-04-09 23:25:08,557 | WARNING | ZIP_WITH_PREDICTION decode failed (ValueError: Decompressed size exceeds expected maximum of 3770442 bytes); channel replaced with black. width=1703 height=2214 depth=8 version=1
2026-04-09 23:25:08,562 | WARNING | Failed channel has been replaced by black
2026-04-09 23:25:08,583 | WARNING | ZIP_WITH_PREDICTION decode failed (ValueError: Decompressed size exceeds expected maximum of 3770442 bytes); channel replaced with black. width=1703 height=2214 depth=8 version=1
2026-04-09 23:25:08,588 | WARNING | Failed channel has been replaced by black
2026-04-09 23:25:08,611 | WARNING | ZIP_WITH_PREDICTION decode failed (ValueError: Decompressed size exceeds expected maximum of 3770442 bytes); channel replaced with black. width=1703 height=2214 depth=8 version=1
2026-04-09 23:25:08,618 | WARNING | Failed channel has been replaced by black
2026-04-09 23:25:08,669 | WARNING | ZIP_WITH_PREDICTION decode failed (ValueError: Decompressed size exceeds expected maximum of 3770442 bytes); channel replaced with black. width=1703 height=2214 depth=8 version=1
2026-04-09 23:25:08,674 | WARNING | Failed channel has been replaced by black
2026-04-09 23:25:09,477 | WARNING | ZIP_WITH_PREDICTION decode failed (error: Error -3 while decompressing data: incorrect data check); channel replaced with black. width=1792 height=2646 depth=8 version=1
2026-04-09 23:25:09,485 | WARNING | Failed channel has been replaced by black
2026-04-09 23:25:09,510 | WARNING | ZIP_WITH_PREDICTION decode failed (error: Error -3 while decompressing data: incorrect data check); channel replaced with black. width=1792 height=2646 depth=8 version=1
2026-04-09 23:25:09,516 | WARNING | Failed channel has been replaced by black
2026-04-09 23:25:09,542 | WARNING | ZIP_WITH_PREDICTION decode failed (error: Error -3 while decompressing data: incorrect data check); channel replaced with black. width=1792 height=2646 depth=8 version=1
2026-04-09 23:25:09,547 | WARNING | Failed channel has been replaced by black
2026-04-09 23:25:09,609 | WARNING | ZIP_WITH_PREDICTION decode failed (error: Error -3 while decompressing data: incorrect data check); channel replaced with black. width=1792 height=2646 depth=8 version=1
2026-04-09 23:25:09,615 | WARNING | Failed channel has been replaced by black
2026-04-09 23:25:10,414 | WARNING | ZIP_WITH_PREDICTION decode failed (ValueError: Decompressed size exceeds expected maximum of 2816422 bytes); channel replaced with black. width=1421 height=1982 depth=8 version=1
2026-04-09 23:25:10,420 | WARNING | Failed channel has been replaced by black
2026-04-09 23:25:10,437 | WARNING | ZIP_WITH_PREDICTION decode failed (ValueError: Decompressed size exceeds expected maximum of 2816422 bytes); channel replaced with black. width=1421 height=1982 depth=8 version=1
2026-04-09 23:25:10,444 | WARNING | Failed channel has been replaced by black
2026-04-09 23:25:10,460 | WARNING | ZIP_WITH_PREDICTION decode failed (ValueError: Decompressed size exceeds expected maximum of 2816422 bytes); channel replaced with black. width=1421 height=1982 depth=8 version=1
2026-04-09 23:25:10,464 | WARNING | Failed channel has been replaced by black
2026-04-09 23:25:10,501 | WARNING | ZIP_WITH_PREDICTION decode failed (ValueError: Decompressed size exceeds expected maximum of 2816422 bytes); channel replaced with black. width=1421 height=1982 depth=8 version=1
2026-04-09 23:25:10,506 | WARNING | Failed channel has been replaced by black
2026-04-09 23:25:10,574 | WARNING | ZIP_WITH_PREDICTION decode failed (error: Error -3 while decompressing data: incorrect data check); channel replaced with black. width=2006 height=2006 depth=8 version=1
2026-04-09 23:25:10,580 | WARNING | Failed channel has been replaced by black
2026-04-09 23:25:10,606 | WARNING | ZIP_WITH_PREDICTION decode failed (error: Error -3 while decompressing data: incorrect data check); channel replaced with black. width=2006 height=2006 depth=8 version=1
2026-04-09 23:25:10,611 | WARNING | Failed channel has been replaced by black
2026-04-09 23:25:10,639 | WARNING | ZIP_WITH_PREDICTION decode failed (error: Error -3 while decompressing data: incorrect data check); channel replaced with black. width=2006 height=2006 depth=8 version=1
2026-04-09 23:25:10,643 | WARNING | Failed channel has been replaced by black
2026-04-09 23:25:10,701 | WARNING | ZIP_WITH_PREDICTION decode failed (error: Error -3 while decompressing data: incorrect data check); channel replaced with black. width=2006 height=2006 depth=8 version=1
2026-04-09 23:25:10,706 | WARNING | Failed channel has been replaced by black
2026-04-09 23:25:12,227 | WARNING | ZIP_WITH_PREDICTION decode failed (ValueError: Decompressed size exceeds expected maximum of 1205625 bytes); channel replaced with black. width=1875 height=643 depth=8 version=1
2026-04-09 23:25:12,230 | WARNING | Failed channel has been replaced by black
2026-04-09 23:25:12,239 | WARNING | ZIP_WITH_PREDICTION decode failed (ValueError: Decompressed size exceeds expected maximum of 1205625 bytes); channel replaced with black. width=1875 height=643 depth=8 version=1
2026-04-09 23:25:12,240 | WARNING | Failed channel has been replaced by black
2026-04-09 23:25:12,248 | WARNING | ZIP_WITH_PREDICTION decode failed (ValueError: Decompressed size exceeds expected maximum of 1205625 bytes); channel replaced with black. width=1875 height=643 depth=8 version=1
2026-04-09 23:25:12,249 | WARNING | Failed channel has been replaced by black
2026-04-09 23:25:12,267 | WARNING | ZIP_WITH_PREDICTION decode failed (ValueError: Decompressed size exceeds expected maximum of 1205625 bytes); channel replaced with black. width=1875 height=643 depth=8 version=1
2026-04-09 23:25:12,269 | WARNING | Failed channel has been replaced by black
2026-04-09 23:25:13,046 | WARNING | ZIP_WITH_PREDICTION decode failed (ValueError: Decompressed size exceeds expected maximum of 35997 bytes); channel replaced with black. width=169 height=213 depth=8 version=1
2026-04-09 23:25:13,048 | WARNING | Failed channel has been replaced by black
2026-04-09 23:25:13,049 | WARNING | ZIP_WITH_PREDICTION decode failed (ValueError: Decompressed size exceeds expected maximum of 35997 bytes); channel replaced with black. width=169 height=213 depth=8 version=1
2026-04-09 23:25:13,049 | WARNING | Failed channel has been replaced by black
2026-04-09 23:25:13,050 | WARNING | ZIP_WITH_PREDICTION decode failed (ValueError: Decompressed size exceeds expected maximum of 35997 bytes); channel replaced with black. width=169 height=213 depth=8 version=1
2026-04-09 23:25:13,050 | WARNING | Failed channel has been replaced by black
2026-04-09 23:25:13,050 | WARNING | ZIP_WITH_PREDICTION decode failed (ValueError: Decompressed size exceeds expected maximum of 35997 bytes); channel replaced with black. width=169 height=213 depth=8 version=1
2026-04-09 23:25:13,051 | WARNING | Failed channel has been replaced by black
2026-04-09 23:25:13,808 | WARNING | ZIP_WITH_PREDICTION decode failed (error: Error -3 while decompressing data: incorrect data check); channel replaced with black. width=1459 height=373 depth=8 version=1
2026-04-09 23:25:13,810 | WARNING | Failed channel has been replaced by black
2026-04-09 23:25:13,813 | WARNING | ZIP_WITH_PREDICTION decode failed (error: Error -3 while decompressing data: incorrect data check); channel replaced with black. width=1459 height=373 depth=8 version=1
2026-04-09 23:25:13,814 | WARNING | Failed channel has been replaced by black
2026-04-09 23:25:13,817 | WARNING | ZIP_WITH_PREDICTION decode failed (error: Error -3 while decompressing data: incorrect data check); channel replaced with black. width=1459 height=373 depth=8 version=1
2026-04-09 23:25:13,817 | WARNING | Failed channel has been replaced by black
2026-04-09 23:25:13,824 | WARNING | ZIP_WITH_PREDICTION decode failed (error: Error -3 while decompressing data: incorrect data check); channel replaced with black. width=1459 height=373 depth=8 version=1
2026-04-09 23:25:13,824 | WARNING | Failed channel has been replaced by black
2026-04-09 23:25:14,593 | WARNING | ZIP_WITH_PREDICTION decode failed (error: Error -3 while decompressing data: incorrect data check); channel replaced with black. width=242 height=214 depth=8 version=1
2026-04-09 23:25:14,594 | WARNING | Failed channel has been replaced by black
2026-04-09 23:25:14,594 | WARNING | ZIP_WITH_PREDICTION decode failed (error: Error -3 while decompressing data: incorrect data check); channel replaced with black. width=242 height=214 depth=8 version=1
2026-04-09 23:25:14,595 | WARNING | Failed channel has been replaced by black
2026-04-09 23:25:14,595 | WARNING | ZIP_WITH_PREDICTION decode failed (error: Error -3 while decompressing data: incorrect data check); channel replaced with black. width=242 height=214 depth=8 version=1
2026-04-09 23:25:14,596 | WARNING | Failed channel has been replaced by black
2026-04-09 23:25:14,596 | WARNING | ZIP_WITH_PREDICTION decode failed (error: Error -3 while decompressing data: incorrect data check); channel replaced with black. width=242 height=214 depth=8 version=1
2026-04-09 23:25:14,596 | WARNING | Failed channel has been replaced by black
2026-04-09 23:25:15,837 | INFO | [ok] galactus-first-steps.psd
2026-04-09 23:25:15,837 | INFO |     Cost 6: (154, 174, 323, 387) -> (163, 189, 332, 402) (target (163, 189, 332, 402), dx=9, dy=15)
2026-04-09 23:25:15,838 | INFO |     Power 12: (1480, 197, 1722, 411) -> (1447, 191, 1689, 405) (target (1447, 191, 1689, 405), dx=-33, dy=-6)
2026-04-09 23:25:24,929 | INFO | [ok] giganto.psd
2026-04-09 23:25:24,929 | INFO |     Cost 6: (154, 180, 323, 393) -> (163, 189, 332, 402) (target (163, 189, 332, 402), dx=9, dy=9)
2026-04-09 23:25:24,931 | INFO |     Power 16: (1435, 188, 1679, 402) -> (1435, 188, 1679, 402) (target (1435, 188, 1679, 402), dx=0, dy=0)
2026-04-09 23:25:34,067 | INFO | [ok] gilgamesh.psd
2026-04-09 23:25:34,067 | INFO |     Cost 5: (167, 186, 328, 399) -> (170, 186, 331, 399) (target (170, 186, 331, 399), dx=3, dy=0)
2026-04-09 23:25:34,068 | INFO |     Power 9: (1487, 185, 1655, 399) -> (1487, 185, 1655, 399) (target (1487, 185, 1655, 399), dx=0, dy=0)
2026-04-09 23:25:34,251 | INFO | [ok] gladiator.psd
2026-04-09 23:25:34,252 | INFO |     Cost 3: (167, 183, 333, 396) -> (167, 183, 333, 396) (target (167, 183, 333, 396), dx=0, dy=0)
2026-04-09 23:25:34,253 | INFO |     Power 8: (1470, 188, 1651, 402) -> (1470, 188, 1651, 402) (target (1470, 188, 1651, 402), dx=0, dy=0)
2026-04-09 23:25:43,250 | INFO | [ok] green-goblin.psd
2026-04-09 23:25:44,964 | INFO |     Cost 3: (166, 182, 332, 395) -> (167, 183, 333, 396) (target (167, 183, 333, 396), dx=1, dy=1)
2026-04-09 23:25:44,968 | INFO |     Power -4: (1426, 183, 1656, 396) -> (1426, 183, 1656, 396) (target (1426, 183, 1656, 396), dx=0, dy=0)
2026-04-09 23:25:45,156 | WARNING | ZIP_WITH_PREDICTION decode failed (error: Error -3 while decompressing data: incorrect data check); channel replaced with black. width=2318 height=2142 depth=8 version=1
2026-04-09 23:25:45,163 | WARNING | Failed channel has been replaced by black
2026-04-09 23:25:45,194 | WARNING | ZIP_WITH_PREDICTION decode failed (error: Error -3 while decompressing data: incorrect data check); channel replaced with black. width=2318 height=2142 depth=8 version=1
2026-04-09 23:25:45,200 | WARNING | Failed channel has been replaced by black
2026-04-09 23:25:45,234 | WARNING | ZIP_WITH_PREDICTION decode failed (error: Error -3 while decompressing data: incorrect data check); channel replaced with black. width=2318 height=2142 depth=8 version=1
2026-04-09 23:25:45,241 | WARNING | Failed channel has been replaced by black
2026-04-09 23:25:45,308 | WARNING | ZIP_WITH_PREDICTION decode failed (error: Error -3 while decompressing data: incorrect data check); channel replaced with black. width=2318 height=2142 depth=8 version=1
2026-04-09 23:25:45,315 | WARNING | Failed channel has been replaced by black
2026-04-09 23:25:46,130 | WARNING | ZIP_WITH_PREDICTION decode failed (ValueError: Decompressed size exceeds expected maximum of 1042926 bytes); channel replaced with black. width=1721 height=606 depth=8 version=1
2026-04-09 23:25:46,131 | WARNING | Failed channel has been replaced by black
2026-04-09 23:25:46,138 | WARNING | ZIP_WITH_PREDICTION decode failed (ValueError: Decompressed size exceeds expected maximum of 1042926 bytes); channel replaced with black. width=1721 height=606 depth=8 version=1
2026-04-09 23:25:46,140 | WARNING | Failed channel has been replaced by black
2026-04-09 23:25:46,146 | WARNING | ZIP_WITH_PREDICTION decode failed (ValueError: Decompressed size exceeds expected maximum of 1042926 bytes); channel replaced with black. width=1721 height=606 depth=8 version=1
2026-04-09 23:25:46,147 | WARNING | Failed channel has been replaced by black
2026-04-09 23:25:46,166 | WARNING | ZIP_WITH_PREDICTION decode failed (ValueError: Decompressed size exceeds expected maximum of 1042926 bytes); channel replaced with black. width=1721 height=606 depth=8 version=1
2026-04-09 23:25:46,167 | WARNING | Failed channel has been replaced by black
2026-04-09 23:25:47,016 | WARNING | ZIP_WITH_PREDICTION decode failed (ValueError: Decompressed size exceeds expected maximum of 3770442 bytes); channel replaced with black. width=1703 height=2214 depth=8 version=1
2026-04-09 23:25:47,020 | WARNING | Failed channel has been replaced by black
2026-04-09 23:25:47,043 | WARNING | ZIP_WITH_PREDICTION decode failed (ValueError: Decompressed size exceeds expected maximum of 3770442 bytes); channel replaced with black. width=1703 height=2214 depth=8 version=1
2026-04-09 23:25:47,048 | WARNING | Failed channel has been replaced by black
2026-04-09 23:25:47,071 | WARNING | ZIP_WITH_PREDICTION decode failed (ValueError: Decompressed size exceeds expected maximum of 3770442 bytes); channel replaced with black. width=1703 height=2214 depth=8 version=1
2026-04-09 23:25:47,075 | WARNING | Failed channel has been replaced by black
2026-04-09 23:25:47,127 | WARNING | ZIP_WITH_PREDICTION decode failed (ValueError: Decompressed size exceeds expected maximum of 3770442 bytes); channel replaced with black. width=1703 height=2214 depth=8 version=1
2026-04-09 23:25:47,132 | WARNING | Failed channel has been replaced by black
2026-04-09 23:25:47,943 | WARNING | ZIP_WITH_PREDICTION decode failed (error: Error -3 while decompressing data: incorrect data check); channel replaced with black. width=1792 height=2646 depth=8 version=1
2026-04-09 23:25:47,950 | WARNING | Failed channel has been replaced by black
2026-04-09 23:25:47,977 | WARNING | ZIP_WITH_PREDICTION decode failed (error: Error -3 while decompressing data: incorrect data check); channel replaced with black. width=1792 height=2646 depth=8 version=1
2026-04-09 23:25:47,983 | WARNING | Failed channel has been replaced by black
2026-04-09 23:25:48,009 | WARNING | ZIP_WITH_PREDICTION decode failed (error: Error -3 while decompressing data: incorrect data check); channel replaced with black. width=1792 height=2646 depth=8 version=1
2026-04-09 23:25:48,015 | WARNING | Failed channel has been replaced by black
2026-04-09 23:25:48,079 | WARNING | ZIP_WITH_PREDICTION decode failed (error: Error -3 while decompressing data: incorrect data check); channel replaced with black. width=1792 height=2646 depth=8 version=1
2026-04-09 23:25:48,086 | WARNING | Failed channel has been replaced by black
2026-04-09 23:25:48,886 | WARNING | ZIP_WITH_PREDICTION decode failed (ValueError: Decompressed size exceeds expected maximum of 2816422 bytes); channel replaced with black. width=1421 height=1982 depth=8 version=1
2026-04-09 23:25:48,890 | WARNING | Failed channel has been replaced by black
2026-04-09 23:25:48,907 | WARNING | ZIP_WITH_PREDICTION decode failed (ValueError: Decompressed size exceeds expected maximum of 2816422 bytes); channel replaced with black. width=1421 height=1982 depth=8 version=1
2026-04-09 23:25:48,911 | WARNING | Failed channel has been replaced by black
2026-04-09 23:25:48,928 | WARNING | ZIP_WITH_PREDICTION decode failed (ValueError: Decompressed size exceeds expected maximum of 2816422 bytes); channel replaced with black. width=1421 height=1982 depth=8 version=1
2026-04-09 23:25:48,932 | WARNING | Failed channel has been replaced by black
2026-04-09 23:25:48,971 | WARNING | ZIP_WITH_PREDICTION decode failed (ValueError: Decompressed size exceeds expected maximum of 2816422 bytes); channel replaced with black. width=1421 height=1982 depth=8 version=1
2026-04-09 23:25:48,975 | WARNING | Failed channel has been replaced by black
2026-04-09 23:25:49,050 | WARNING | ZIP_WITH_PREDICTION decode failed (error: Error -3 while decompressing data: incorrect data check); channel replaced with black. width=2006 height=2006 depth=8 version=1
2026-04-09 23:25:49,057 | WARNING | Failed channel has been replaced by black
2026-04-09 23:25:49,085 | WARNING | ZIP_WITH_PREDICTION decode failed (error: Error -3 while decompressing data: incorrect data check); channel replaced with black. width=2006 height=2006 depth=8 version=1
2026-04-09 23:25:49,091 | WARNING | Failed channel has been replaced by black
2026-04-09 23:25:49,118 | WARNING | ZIP_WITH_PREDICTION decode failed (error: Error -3 while decompressing data: incorrect data check); channel replaced with black. width=2006 height=2006 depth=8 version=1
2026-04-09 23:25:49,124 | WARNING | Failed channel has been replaced by black
2026-04-09 23:25:49,178 | WARNING | ZIP_WITH_PREDICTION decode failed (error: Error -3 while decompressing data: incorrect data check); channel replaced with black. width=2006 height=2006 depth=8 version=1
2026-04-09 23:25:49,183 | WARNING | Failed channel has been replaced by black
2026-04-09 23:25:50,706 | WARNING | ZIP_WITH_PREDICTION decode failed (error: Error -3 while decompressing data: incorrect data check); channel replaced with black. width=1328 height=643 depth=8 version=1
2026-04-09 23:25:50,708 | WARNING | Failed channel has been replaced by black
2026-04-09 23:25:50,713 | WARNING | ZIP_WITH_PREDICTION decode failed (error: Error -3 while decompressing data: incorrect data check); channel replaced with black. width=1328 height=643 depth=8 version=1
2026-04-09 23:25:50,713 | WARNING | Failed channel has been replaced by black
2026-04-09 23:25:50,717 | WARNING | ZIP_WITH_PREDICTION decode failed (error: Error -3 while decompressing data: incorrect data check); channel replaced with black. width=1328 height=643 depth=8 version=1
2026-04-09 23:25:50,718 | WARNING | Failed channel has been replaced by black
2026-04-09 23:25:50,732 | WARNING | ZIP_WITH_PREDICTION decode failed (error: Error -3 while decompressing data: incorrect data check); channel replaced with black. width=1328 height=643 depth=8 version=1
2026-04-09 23:25:50,733 | WARNING | Failed channel has been replaced by black
2026-04-09 23:25:51,512 | WARNING | ZIP_WITH_PREDICTION decode failed (ValueError: Decompressed size exceeds expected maximum of 35358 bytes); channel replaced with black. width=166 height=213 depth=8 version=1
2026-04-09 23:25:51,512 | WARNING | Failed channel has been replaced by black
2026-04-09 23:25:51,513 | WARNING | ZIP_WITH_PREDICTION decode failed (ValueError: Decompressed size exceeds expected maximum of 35358 bytes); channel replaced with black. width=166 height=213 depth=8 version=1
2026-04-09 23:25:51,514 | WARNING | Failed channel has been replaced by black
2026-04-09 23:25:51,514 | WARNING | ZIP_WITH_PREDICTION decode failed (ValueError: Decompressed size exceeds expected maximum of 35358 bytes); channel replaced with black. width=166 height=213 depth=8 version=1
2026-04-09 23:25:51,514 | WARNING | Failed channel has been replaced by black
2026-04-09 23:25:51,515 | WARNING | ZIP_WITH_PREDICTION decode failed (ValueError: Decompressed size exceeds expected maximum of 35358 bytes); channel replaced with black. width=166 height=213 depth=8 version=1
2026-04-09 23:25:51,515 | WARNING | Failed channel has been replaced by black
2026-04-09 23:25:52,295 | WARNING | ZIP_WITH_PREDICTION decode failed (error: Error -3 while decompressing data: incorrect data check); channel replaced with black. width=1336 height=235 depth=8 version=1
2026-04-09 23:25:52,297 | WARNING | Failed channel has been replaced by black
2026-04-09 23:25:52,299 | WARNING | ZIP_WITH_PREDICTION decode failed (error: Error -3 while decompressing data: incorrect data check); channel replaced with black. width=1336 height=235 depth=8 version=1
2026-04-09 23:25:52,299 | WARNING | Failed channel has been replaced by black
2026-04-09 23:25:52,300 | WARNING | ZIP_WITH_PREDICTION decode failed (error: Error -3 while decompressing data: incorrect data check); channel replaced with black. width=1336 height=235 depth=8 version=1
2026-04-09 23:25:52,301 | WARNING | Failed channel has been replaced by black
2026-04-09 23:25:52,304 | WARNING | ZIP_WITH_PREDICTION decode failed (error: Error -3 while decompressing data: incorrect data check); channel replaced with black. width=1336 height=235 depth=8 version=1
2026-04-09 23:25:52,304 | WARNING | Failed channel has been replaced by black
2026-04-09 23:25:53,055 | WARNING | ZIP_WITH_PREDICTION decode failed (ValueError: Decompressed size exceeds expected maximum of 36594 bytes); channel replaced with black. width=171 height=214 depth=8 version=1
2026-04-09 23:25:53,056 | WARNING | Failed channel has been replaced by black
2026-04-09 23:25:53,057 | WARNING | ZIP_WITH_PREDICTION decode failed (ValueError: Decompressed size exceeds expected maximum of 36594 bytes); channel replaced with black. width=171 height=214 depth=8 version=1
2026-04-09 23:25:53,057 | WARNING | Failed channel has been replaced by black
2026-04-09 23:25:53,058 | WARNING | ZIP_WITH_PREDICTION decode failed (ValueError: Decompressed size exceeds expected maximum of 36594 bytes); channel replaced with black. width=171 height=214 depth=8 version=1
2026-04-09 23:25:53,058 | WARNING | Failed channel has been replaced by black
2026-04-09 23:25:53,059 | WARNING | ZIP_WITH_PREDICTION decode failed (ValueError: Decompressed size exceeds expected maximum of 36594 bytes); channel replaced with black. width=171 height=214 depth=8 version=1
2026-04-09 23:25:53,059 | WARNING | Failed channel has been replaced by black
2026-04-09 23:25:54,304 | INFO | [ok] groot.psd
2026-04-09 23:25:54,305 | INFO |     Cost 3: (152, 174, 318, 387) -> (167, 183, 333, 396) (target (167, 183, 333, 396), dx=15, dy=9)
2026-04-09 23:25:54,306 | INFO |     Power 4: (1472, 197, 1643, 411) -> (1472, 182, 1643, 396) (target (1472, 182, 1643, 396), dx=0, dy=-15)
2026-04-09 23:25:54,494 | WARNING | ZIP_WITH_PREDICTION decode failed (error: Error -3 while decompressing data: incorrect data check); channel replaced with black. width=2318 height=2142 depth=8 version=1
2026-04-09 23:25:54,501 | WARNING | Failed channel has been replaced by black
2026-04-09 23:25:54,535 | WARNING | ZIP_WITH_PREDICTION decode failed (error: Error -3 while decompressing data: incorrect data check); channel replaced with black. width=2318 height=2142 depth=8 version=1
2026-04-09 23:25:54,540 | WARNING | Failed channel has been replaced by black
2026-04-09 23:25:54,574 | WARNING | ZIP_WITH_PREDICTION decode failed (error: Error -3 while decompressing data: incorrect data check); channel replaced with black. width=2318 height=2142 depth=8 version=1
2026-04-09 23:25:54,580 | WARNING | Failed channel has been replaced by black
2026-04-09 23:25:54,642 | WARNING | ZIP_WITH_PREDICTION decode failed (error: Error -3 while decompressing data: incorrect data check); channel replaced with black. width=2318 height=2142 depth=8 version=1
2026-04-09 23:25:54,648 | WARNING | Failed channel has been replaced by black
2026-04-09 23:25:55,441 | WARNING | ZIP_WITH_PREDICTION decode failed (ValueError: Decompressed size exceeds expected maximum of 1042926 bytes); channel replaced with black. width=1721 height=606 depth=8 version=1
2026-04-09 23:25:55,443 | WARNING | Failed channel has been replaced by black
2026-04-09 23:25:55,450 | WARNING | ZIP_WITH_PREDICTION decode failed (ValueError: Decompressed size exceeds expected maximum of 1042926 bytes); channel replaced with black. width=1721 height=606 depth=8 version=1
2026-04-09 23:25:55,452 | WARNING | Failed channel has been replaced by black
2026-04-09 23:25:55,457 | WARNING | ZIP_WITH_PREDICTION decode failed (ValueError: Decompressed size exceeds expected maximum of 1042926 bytes); channel replaced with black. width=1721 height=606 depth=8 version=1
2026-04-09 23:25:55,458 | WARNING | Failed channel has been replaced by black
2026-04-09 23:25:55,474 | WARNING | ZIP_WITH_PREDICTION decode failed (ValueError: Decompressed size exceeds expected maximum of 1042926 bytes); channel replaced with black. width=1721 height=606 depth=8 version=1
2026-04-09 23:25:55,475 | WARNING | Failed channel has been replaced by black
2026-04-09 23:25:56,250 | WARNING | ZIP_WITH_PREDICTION decode failed (ValueError: Decompressed size exceeds expected maximum of 3770442 bytes); channel replaced with black. width=1703 height=2214 depth=8 version=1
2026-04-09 23:25:56,254 | WARNING | Failed channel has been replaced by black
2026-04-09 23:25:56,277 | WARNING | ZIP_WITH_PREDICTION decode failed (ValueError: Decompressed size exceeds expected maximum of 3770442 bytes); channel replaced with black. width=1703 height=2214 depth=8 version=1
2026-04-09 23:25:56,282 | WARNING | Failed channel has been replaced by black
2026-04-09 23:25:56,306 | WARNING | ZIP_WITH_PREDICTION decode failed (ValueError: Decompressed size exceeds expected maximum of 3770442 bytes); channel replaced with black. width=1703 height=2214 depth=8 version=1
2026-04-09 23:25:56,311 | WARNING | Failed channel has been replaced by black
2026-04-09 23:25:56,361 | WARNING | ZIP_WITH_PREDICTION decode failed (ValueError: Decompressed size exceeds expected maximum of 3770442 bytes); channel replaced with black. width=1703 height=2214 depth=8 version=1
2026-04-09 23:25:56,366 | WARNING | Failed channel has been replaced by black
2026-04-09 23:25:57,145 | WARNING | ZIP_WITH_PREDICTION decode failed (error: Error -3 while decompressing data: incorrect data check); channel replaced with black. width=1792 height=2646 depth=8 version=1
2026-04-09 23:25:57,152 | WARNING | Failed channel has been replaced by black
2026-04-09 23:25:57,178 | WARNING | ZIP_WITH_PREDICTION decode failed (error: Error -3 while decompressing data: incorrect data check); channel replaced with black. width=1792 height=2646 depth=8 version=1
2026-04-09 23:25:57,184 | WARNING | Failed channel has been replaced by black
2026-04-09 23:25:57,211 | WARNING | ZIP_WITH_PREDICTION decode failed (error: Error -3 while decompressing data: incorrect data check); channel replaced with black. width=1792 height=2646 depth=8 version=1
2026-04-09 23:25:57,218 | WARNING | Failed channel has been replaced by black
2026-04-09 23:25:57,281 | WARNING | ZIP_WITH_PREDICTION decode failed (error: Error -3 while decompressing data: incorrect data check); channel replaced with black. width=1792 height=2646 depth=8 version=1
2026-04-09 23:25:57,287 | WARNING | Failed channel has been replaced by black
2026-04-09 23:25:58,080 | WARNING | ZIP_WITH_PREDICTION decode failed (ValueError: Decompressed size exceeds expected maximum of 2816422 bytes); channel replaced with black. width=1421 height=1982 depth=8 version=1
2026-04-09 23:25:58,084 | WARNING | Failed channel has been replaced by black
2026-04-09 23:25:58,101 | WARNING | ZIP_WITH_PREDICTION decode failed (ValueError: Decompressed size exceeds expected maximum of 2816422 bytes); channel replaced with black. width=1421 height=1982 depth=8 version=1
2026-04-09 23:25:58,105 | WARNING | Failed channel has been replaced by black
2026-04-09 23:25:58,122 | WARNING | ZIP_WITH_PREDICTION decode failed (ValueError: Decompressed size exceeds expected maximum of 2816422 bytes); channel replaced with black. width=1421 height=1982 depth=8 version=1
2026-04-09 23:25:58,126 | WARNING | Failed channel has been replaced by black
2026-04-09 23:25:58,163 | WARNING | ZIP_WITH_PREDICTION decode failed (ValueError: Decompressed size exceeds expected maximum of 2816422 bytes); channel replaced with black. width=1421 height=1982 depth=8 version=1
2026-04-09 23:25:58,169 | WARNING | Failed channel has been replaced by black
2026-04-09 23:25:58,243 | WARNING | ZIP_WITH_PREDICTION decode failed (error: Error -3 while decompressing data: incorrect data check); channel replaced with black. width=2006 height=2006 depth=8 version=1
2026-04-09 23:25:58,249 | WARNING | Failed channel has been replaced by black
2026-04-09 23:25:58,278 | WARNING | ZIP_WITH_PREDICTION decode failed (error: Error -3 while decompressing data: incorrect data check); channel replaced with black. width=2006 height=2006 depth=8 version=1
2026-04-09 23:25:58,283 | WARNING | Failed channel has been replaced by black
2026-04-09 23:25:58,313 | WARNING | ZIP_WITH_PREDICTION decode failed (error: Error -3 while decompressing data: incorrect data check); channel replaced with black. width=2006 height=2006 depth=8 version=1
2026-04-09 23:25:58,318 | WARNING | Failed channel has been replaced by black
2026-04-09 23:25:58,372 | WARNING | ZIP_WITH_PREDICTION decode failed (error: Error -3 while decompressing data: incorrect data check); channel replaced with black. width=2006 height=2006 depth=8 version=1
2026-04-09 23:25:58,378 | WARNING | Failed channel has been replaced by black
2026-04-09 23:25:59,911 | WARNING | ZIP_WITH_PREDICTION decode failed (ValueError: Decompressed size exceeds expected maximum of 911774 bytes); channel replaced with black. width=1418 height=643 depth=8 version=1
2026-04-09 23:25:59,913 | WARNING | Failed channel has been replaced by black
2026-04-09 23:25:59,918 | WARNING | ZIP_WITH_PREDICTION decode failed (ValueError: Decompressed size exceeds expected maximum of 911774 bytes); channel replaced with black. width=1418 height=643 depth=8 version=1
2026-04-09 23:25:59,919 | WARNING | Failed channel has been replaced by black
2026-04-09 23:25:59,923 | WARNING | ZIP_WITH_PREDICTION decode failed (ValueError: Decompressed size exceeds expected maximum of 911774 bytes); channel replaced with black. width=1418 height=643 depth=8 version=1
2026-04-09 23:25:59,924 | WARNING | Failed channel has been replaced by black
2026-04-09 23:25:59,936 | WARNING | ZIP_WITH_PREDICTION decode failed (ValueError: Decompressed size exceeds expected maximum of 911774 bytes); channel replaced with black. width=1418 height=643 depth=8 version=1
2026-04-09 23:25:59,937 | WARNING | Failed channel has been replaced by black
2026-04-09 23:26:00,685 | WARNING | ZIP_WITH_PREDICTION decode failed (ValueError: Decompressed size exceeds expected maximum of 35997 bytes); channel replaced with black. width=169 height=213 depth=8 version=1
2026-04-09 23:26:00,685 | WARNING | Failed channel has been replaced by black
2026-04-09 23:26:00,686 | WARNING | ZIP_WITH_PREDICTION decode failed (ValueError: Decompressed size exceeds expected maximum of 35997 bytes); channel replaced with black. width=169 height=213 depth=8 version=1
2026-04-09 23:26:00,687 | WARNING | Failed channel has been replaced by black
2026-04-09 23:26:00,687 | WARNING | ZIP_WITH_PREDICTION decode failed (ValueError: Decompressed size exceeds expected maximum of 35997 bytes); channel replaced with black. width=169 height=213 depth=8 version=1
2026-04-09 23:26:00,688 | WARNING | Failed channel has been replaced by black
2026-04-09 23:26:00,689 | WARNING | ZIP_WITH_PREDICTION decode failed (ValueError: Decompressed size exceeds expected maximum of 35997 bytes); channel replaced with black. width=169 height=213 depth=8 version=1
2026-04-09 23:26:00,689 | WARNING | Failed channel has been replaced by black
2026-04-09 23:26:01,436 | WARNING | ZIP_WITH_PREDICTION decode failed (error: Error -3 while decompressing data: incorrect data check); channel replaced with black. width=1393 height=239 depth=8 version=1
2026-04-09 23:26:01,438 | WARNING | Failed channel has been replaced by black
2026-04-09 23:26:01,440 | WARNING | ZIP_WITH_PREDICTION decode failed (error: Error -3 while decompressing data: incorrect data check); channel replaced with black. width=1393 height=239 depth=8 version=1
2026-04-09 23:26:01,440 | WARNING | Failed channel has been replaced by black
2026-04-09 23:26:01,442 | WARNING | ZIP_WITH_PREDICTION decode failed (error: Error -3 while decompressing data: incorrect data check); channel replaced with black. width=1393 height=239 depth=8 version=1
2026-04-09 23:26:01,442 | WARNING | Failed channel has been replaced by black
2026-04-09 23:26:01,446 | WARNING | ZIP_WITH_PREDICTION decode failed (error: Error -3 while decompressing data: incorrect data check); channel replaced with black. width=1393 height=239 depth=8 version=1
2026-04-09 23:26:01,447 | WARNING | Failed channel has been replaced by black
2026-04-09 23:26:02,201 | WARNING | ZIP_WITH_PREDICTION decode failed (error: Error -3 while decompressing data: incorrect data check); channel replaced with black. width=118 height=214 depth=8 version=1
2026-04-09 23:26:02,202 | WARNING | Failed channel has been replaced by black
2026-04-09 23:26:02,203 | WARNING | ZIP_WITH_PREDICTION decode failed (error: Error -3 while decompressing data: incorrect data check); channel replaced with black. width=118 height=214 depth=8 version=1
2026-04-09 23:26:02,203 | WARNING | Failed channel has been replaced by black
2026-04-09 23:26:02,203 | WARNING | ZIP_WITH_PREDICTION decode failed (error: Error -3 while decompressing data: incorrect data check); channel replaced with black. width=118 height=214 depth=8 version=1
2026-04-09 23:26:02,204 | WARNING | Failed channel has been replaced by black
2026-04-09 23:26:02,204 | WARNING | ZIP_WITH_PREDICTION decode failed (error: Error -3 while decompressing data: incorrect data check); channel replaced with black. width=118 height=214 depth=8 version=1
2026-04-09 23:26:02,204 | WARNING | Failed channel has been replaced by black
2026-04-09 23:26:03,464 | INFO | [ok] havok.psd
2026-04-09 23:26:03,465 | INFO |     Cost 2: (151, 174, 320, 387) -> (166, 186, 335, 399) (target (166, 186, 335, 399), dx=15, dy=12)
2026-04-09 23:26:03,466 | INFO |     Power 1: (1480, 197, 1598, 411) -> (1507, 191, 1625, 405) (target (1507, 191, 1625, 405), dx=27, dy=-6)
2026-04-09 23:26:03,655 | WARNING | ZIP_WITH_PREDICTION decode failed (error: Error -3 while decompressing data: incorrect data check); channel replaced with black. width=2318 height=2142 depth=8 version=1
2026-04-09 23:26:03,662 | WARNING | Failed channel has been replaced by black
2026-04-09 23:26:03,693 | WARNING | ZIP_WITH_PREDICTION decode failed (error: Error -3 while decompressing data: incorrect data check); channel replaced with black. width=2318 height=2142 depth=8 version=1
2026-04-09 23:26:03,700 | WARNING | Failed channel has been replaced by black
2026-04-09 23:26:03,733 | WARNING | ZIP_WITH_PREDICTION decode failed (error: Error -3 while decompressing data: incorrect data check); channel replaced with black. width=2318 height=2142 depth=8 version=1
2026-04-09 23:26:03,740 | WARNING | Failed channel has been replaced by black
2026-04-09 23:26:03,803 | WARNING | ZIP_WITH_PREDICTION decode failed (error: Error -3 while decompressing data: incorrect data check); channel replaced with black. width=2318 height=2142 depth=8 version=1
2026-04-09 23:26:03,810 | WARNING | Failed channel has been replaced by black
2026-04-09 23:26:04,616 | WARNING | ZIP_WITH_PREDICTION decode failed (ValueError: Decompressed size exceeds expected maximum of 1042926 bytes); channel replaced with black. width=1721 height=606 depth=8 version=1
2026-04-09 23:26:04,616 | WARNING | Failed channel has been replaced by black
2026-04-09 23:26:04,622 | WARNING | ZIP_WITH_PREDICTION decode failed (ValueError: Decompressed size exceeds expected maximum of 1042926 bytes); channel replaced with black. width=1721 height=606 depth=8 version=1
2026-04-09 23:26:04,623 | WARNING | Failed channel has been replaced by black
2026-04-09 23:26:04,629 | WARNING | ZIP_WITH_PREDICTION decode failed (ValueError: Decompressed size exceeds expected maximum of 1042926 bytes); channel replaced with black. width=1721 height=606 depth=8 version=1
2026-04-09 23:26:04,629 | WARNING | Failed channel has been replaced by black
2026-04-09 23:26:04,643 | WARNING | ZIP_WITH_PREDICTION decode failed (ValueError: Decompressed size exceeds expected maximum of 1042926 bytes); channel replaced with black. width=1721 height=606 depth=8 version=1
2026-04-09 23:26:04,643 | WARNING | Failed channel has been replaced by black
2026-04-09 23:26:05,417 | WARNING | ZIP_WITH_PREDICTION decode failed (ValueError: Decompressed size exceeds expected maximum of 3770442 bytes); channel replaced with black. width=1703 height=2214 depth=8 version=1
2026-04-09 23:26:05,422 | WARNING | Failed channel has been replaced by black
2026-04-09 23:26:05,444 | WARNING | ZIP_WITH_PREDICTION decode failed (ValueError: Decompressed size exceeds expected maximum of 3770442 bytes); channel replaced with black. width=1703 height=2214 depth=8 version=1
2026-04-09 23:26:05,449 | WARNING | Failed channel has been replaced by black
2026-04-09 23:26:05,473 | WARNING | ZIP_WITH_PREDICTION decode failed (ValueError: Decompressed size exceeds expected maximum of 3770442 bytes); channel replaced with black. width=1703 height=2214 depth=8 version=1
2026-04-09 23:26:05,478 | WARNING | Failed channel has been replaced by black
2026-04-09 23:26:05,526 | WARNING | ZIP_WITH_PREDICTION decode failed (ValueError: Decompressed size exceeds expected maximum of 3770442 bytes); channel replaced with black. width=1703 height=2214 depth=8 version=1
2026-04-09 23:26:05,531 | WARNING | Failed channel has been replaced by black
2026-04-09 23:26:06,306 | WARNING | ZIP_WITH_PREDICTION decode failed (error: Error -3 while decompressing data: incorrect data check); channel replaced with black. width=1792 height=2646 depth=8 version=1
2026-04-09 23:26:06,312 | WARNING | Failed channel has been replaced by black
2026-04-09 23:26:06,339 | WARNING | ZIP_WITH_PREDICTION decode failed (error: Error -3 while decompressing data: incorrect data check); channel replaced with black. width=1792 height=2646 depth=8 version=1
2026-04-09 23:26:06,344 | WARNING | Failed channel has been replaced by black
2026-04-09 23:26:06,371 | WARNING | ZIP_WITH_PREDICTION decode failed (error: Error -3 while decompressing data: incorrect data check); channel replaced with black. width=1792 height=2646 depth=8 version=1
2026-04-09 23:26:06,377 | WARNING | Failed channel has been replaced by black
2026-04-09 23:26:06,439 | WARNING | ZIP_WITH_PREDICTION decode failed (error: Error -3 while decompressing data: incorrect data check); channel replaced with black. width=1792 height=2646 depth=8 version=1
2026-04-09 23:26:06,445 | WARNING | Failed channel has been replaced by black
2026-04-09 23:26:07,227 | WARNING | ZIP_WITH_PREDICTION decode failed (ValueError: Decompressed size exceeds expected maximum of 2816422 bytes); channel replaced with black. width=1421 height=1982 depth=8 version=1
2026-04-09 23:26:07,231 | WARNING | Failed channel has been replaced by black
2026-04-09 23:26:07,248 | WARNING | ZIP_WITH_PREDICTION decode failed (ValueError: Decompressed size exceeds expected maximum of 2816422 bytes); channel replaced with black. width=1421 height=1982 depth=8 version=1
2026-04-09 23:26:07,252 | WARNING | Failed channel has been replaced by black
2026-04-09 23:26:07,269 | WARNING | ZIP_WITH_PREDICTION decode failed (ValueError: Decompressed size exceeds expected maximum of 2816422 bytes); channel replaced with black. width=1421 height=1982 depth=8 version=1
2026-04-09 23:26:07,272 | WARNING | Failed channel has been replaced by black
2026-04-09 23:26:07,310 | WARNING | ZIP_WITH_PREDICTION decode failed (ValueError: Decompressed size exceeds expected maximum of 2816422 bytes); channel replaced with black. width=1421 height=1982 depth=8 version=1
2026-04-09 23:26:07,315 | WARNING | Failed channel has been replaced by black
2026-04-09 23:26:07,391 | WARNING | ZIP_WITH_PREDICTION decode failed (error: Error -3 while decompressing data: incorrect data check); channel replaced with black. width=2006 height=2006 depth=8 version=1
2026-04-09 23:26:07,397 | WARNING | Failed channel has been replaced by black
2026-04-09 23:26:07,425 | WARNING | ZIP_WITH_PREDICTION decode failed (error: Error -3 while decompressing data: incorrect data check); channel replaced with black. width=2006 height=2006 depth=8 version=1
2026-04-09 23:26:07,430 | WARNING | Failed channel has been replaced by black
2026-04-09 23:26:07,462 | WARNING | ZIP_WITH_PREDICTION decode failed (error: Error -3 while decompressing data: incorrect data check); channel replaced with black. width=2006 height=2006 depth=8 version=1
2026-04-09 23:26:07,466 | WARNING | Failed channel has been replaced by black
2026-04-09 23:26:07,520 | WARNING | ZIP_WITH_PREDICTION decode failed (error: Error -3 while decompressing data: incorrect data check); channel replaced with black. width=2006 height=2006 depth=8 version=1
2026-04-09 23:26:07,525 | WARNING | Failed channel has been replaced by black
2026-04-09 23:26:09,056 | WARNING | ZIP_WITH_PREDICTION decode failed (error: Error -3 while decompressing data: incorrect data check); channel replaced with black. width=1935 height=617 depth=8 version=1
2026-04-09 23:26:09,058 | WARNING | Failed channel has been replaced by black
2026-04-09 23:26:09,066 | WARNING | ZIP_WITH_PREDICTION decode failed (error: Error -3 while decompressing data: incorrect data check); channel replaced with black. width=1935 height=617 depth=8 version=1
2026-04-09 23:26:09,067 | WARNING | Failed channel has been replaced by black
2026-04-09 23:26:09,075 | WARNING | ZIP_WITH_PREDICTION decode failed (error: Error -3 while decompressing data: incorrect data check); channel replaced with black. width=1935 height=617 depth=8 version=1
2026-04-09 23:26:09,076 | WARNING | Failed channel has been replaced by black
2026-04-09 23:26:09,092 | WARNING | ZIP_WITH_PREDICTION decode failed (error: Error -3 while decompressing data: incorrect data check); channel replaced with black. width=1935 height=617 depth=8 version=1
2026-04-09 23:26:09,093 | WARNING | Failed channel has been replaced by black
2026-04-09 23:26:09,862 | WARNING | ZIP_WITH_PREDICTION decode failed (error: Error -3 while decompressing data: incorrect data check); channel replaced with black. width=119 height=213 depth=8 version=1
2026-04-09 23:26:09,864 | WARNING | Failed channel has been replaced by black
2026-04-09 23:26:09,864 | WARNING | ZIP_WITH_PREDICTION decode failed (error: Error -3 while decompressing data: incorrect data check); channel replaced with black. width=119 height=213 depth=8 version=1
2026-04-09 23:26:09,864 | WARNING | Failed channel has been replaced by black
2026-04-09 23:26:09,865 | WARNING | ZIP_WITH_PREDICTION decode failed (error: Error -3 while decompressing data: incorrect data check); channel replaced with black. width=119 height=213 depth=8 version=1
2026-04-09 23:26:09,865 | WARNING | Failed channel has been replaced by black
2026-04-09 23:26:09,866 | WARNING | ZIP_WITH_PREDICTION decode failed (error: Error -3 while decompressing data: incorrect data check); channel replaced with black. width=119 height=213 depth=8 version=1
2026-04-09 23:26:09,866 | WARNING | Failed channel has been replaced by black
2026-04-09 23:26:10,643 | WARNING | ZIP_WITH_PREDICTION decode failed (ValueError: Decompressed size exceeds expected maximum of 513330 bytes); channel replaced with black. width=1446 height=355 depth=8 version=1
2026-04-09 23:26:10,645 | WARNING | Failed channel has been replaced by black
2026-04-09 23:26:10,649 | WARNING | ZIP_WITH_PREDICTION decode failed (ValueError: Decompressed size exceeds expected maximum of 513330 bytes); channel replaced with black. width=1446 height=355 depth=8 version=1
2026-04-09 23:26:10,650 | WARNING | Failed channel has been replaced by black
2026-04-09 23:26:10,653 | WARNING | ZIP_WITH_PREDICTION decode failed (ValueError: Decompressed size exceeds expected maximum of 513330 bytes); channel replaced with black. width=1446 height=355 depth=8 version=1
2026-04-09 23:26:10,653 | WARNING | Failed channel has been replaced by black
2026-04-09 23:26:10,662 | WARNING | ZIP_WITH_PREDICTION decode failed (ValueError: Decompressed size exceeds expected maximum of 513330 bytes); channel replaced with black. width=1446 height=355 depth=8 version=1
2026-04-09 23:26:10,663 | WARNING | Failed channel has been replaced by black
2026-04-09 23:26:11,470 | WARNING | ZIP_WITH_PREDICTION decode failed (error: Error -3 while decompressing data: incorrect data check); channel replaced with black. width=118 height=214 depth=8 version=1
2026-04-09 23:26:11,470 | WARNING | Failed channel has been replaced by black
2026-04-09 23:26:11,471 | WARNING | ZIP_WITH_PREDICTION decode failed (error: Error -3 while decompressing data: incorrect data check); channel replaced with black. width=118 height=214 depth=8 version=1
2026-04-09 23:26:11,471 | WARNING | Failed channel has been replaced by black
2026-04-09 23:26:11,472 | WARNING | ZIP_WITH_PREDICTION decode failed (error: Error -3 while decompressing data: incorrect data check); channel replaced with black. width=118 height=214 depth=8 version=1
2026-04-09 23:26:11,472 | WARNING | Failed channel has been replaced by black
2026-04-09 23:26:11,473 | WARNING | ZIP_WITH_PREDICTION decode failed (error: Error -3 while decompressing data: incorrect data check); channel replaced with black. width=118 height=214 depth=8 version=1
2026-04-09 23:26:11,473 | WARNING | Failed channel has been replaced by black
2026-04-09 23:26:12,698 | INFO | [ok] headpool.psd
2026-04-09 23:26:12,698 | INFO |     Cost 1: (172, 174, 291, 387) -> (196, 183, 315, 396) (target (196, 183, 315, 396), dx=24, dy=9)
2026-04-09 23:26:12,699 | INFO |     Power 1: (1480, 197, 1598, 411) -> (1507, 191, 1625, 405) (target (1507, 191, 1625, 405), dx=27, dy=-6)
2026-04-09 23:26:12,881 | WARNING | ZIP_WITH_PREDICTION decode failed (error: Error -3 while decompressing data: incorrect data check); channel replaced with black. width=2318 height=2142 depth=8 version=1
2026-04-09 23:26:12,887 | WARNING | Failed channel has been replaced by black
2026-04-09 23:26:12,919 | WARNING | ZIP_WITH_PREDICTION decode failed (error: Error -3 while decompressing data: incorrect data check); channel replaced with black. width=2318 height=2142 depth=8 version=1
2026-04-09 23:26:12,926 | WARNING | Failed channel has been replaced by black
2026-04-09 23:26:12,960 | WARNING | ZIP_WITH_PREDICTION decode failed (error: Error -3 while decompressing data: incorrect data check); channel replaced with black. width=2318 height=2142 depth=8 version=1
2026-04-09 23:26:12,967 | WARNING | Failed channel has been replaced by black
2026-04-09 23:26:13,030 | WARNING | ZIP_WITH_PREDICTION decode failed (error: Error -3 while decompressing data: incorrect data check); channel replaced with black. width=2318 height=2142 depth=8 version=1
2026-04-09 23:26:13,037 | WARNING | Failed channel has been replaced by black
2026-04-09 23:26:13,836 | WARNING | ZIP_WITH_PREDICTION decode failed (ValueError: Decompressed size exceeds expected maximum of 1042926 bytes); channel replaced with black. width=1721 height=606 depth=8 version=1
2026-04-09 23:26:13,837 | WARNING | Failed channel has been replaced by black
2026-04-09 23:26:13,843 | WARNING | ZIP_WITH_PREDICTION decode failed (ValueError: Decompressed size exceeds expected maximum of 1042926 bytes); channel replaced with black. width=1721 height=606 depth=8 version=1
2026-04-09 23:26:13,845 | WARNING | Failed channel has been replaced by black
2026-04-09 23:26:13,850 | WARNING | ZIP_WITH_PREDICTION decode failed (ValueError: Decompressed size exceeds expected maximum of 1042926 bytes); channel replaced with black. width=1721 height=606 depth=8 version=1
2026-04-09 23:26:13,851 | WARNING | Failed channel has been replaced by black
2026-04-09 23:26:13,865 | WARNING | ZIP_WITH_PREDICTION decode failed (ValueError: Decompressed size exceeds expected maximum of 1042926 bytes); channel replaced with black. width=1721 height=606 depth=8 version=1
2026-04-09 23:26:13,866 | WARNING | Failed channel has been replaced by black
2026-04-09 23:26:14,659 | WARNING | ZIP_WITH_PREDICTION decode failed (ValueError: Decompressed size exceeds expected maximum of 3770442 bytes); channel replaced with black. width=1703 height=2214 depth=8 version=1
2026-04-09 23:26:14,663 | WARNING | Failed channel has been replaced by black
2026-04-09 23:26:14,686 | WARNING | ZIP_WITH_PREDICTION decode failed (ValueError: Decompressed size exceeds expected maximum of 3770442 bytes); channel replaced with black. width=1703 height=2214 depth=8 version=1
2026-04-09 23:26:14,690 | WARNING | Failed channel has been replaced by black
2026-04-09 23:26:14,714 | WARNING | ZIP_WITH_PREDICTION decode failed (ValueError: Decompressed size exceeds expected maximum of 3770442 bytes); channel replaced with black. width=1703 height=2214 depth=8 version=1
2026-04-09 23:26:14,718 | WARNING | Failed channel has been replaced by black
2026-04-09 23:26:14,769 | WARNING | ZIP_WITH_PREDICTION decode failed (ValueError: Decompressed size exceeds expected maximum of 3770442 bytes); channel replaced with black. width=1703 height=2214 depth=8 version=1
2026-04-09 23:26:14,774 | WARNING | Failed channel has been replaced by black
2026-04-09 23:26:15,604 | WARNING | ZIP_WITH_PREDICTION decode failed (error: Error -3 while decompressing data: incorrect data check); channel replaced with black. width=1792 height=2646 depth=8 version=1
2026-04-09 23:26:15,611 | WARNING | Failed channel has been replaced by black
2026-04-09 23:26:15,636 | WARNING | ZIP_WITH_PREDICTION decode failed (error: Error -3 while decompressing data: incorrect data check); channel replaced with black. width=1792 height=2646 depth=8 version=1
2026-04-09 23:26:15,642 | WARNING | Failed channel has been replaced by black
2026-04-09 23:26:15,671 | WARNING | ZIP_WITH_PREDICTION decode failed (error: Error -3 while decompressing data: incorrect data check); channel replaced with black. width=1792 height=2646 depth=8 version=1
2026-04-09 23:26:15,677 | WARNING | Failed channel has been replaced by black
2026-04-09 23:26:15,740 | WARNING | ZIP_WITH_PREDICTION decode failed (error: Error -3 while decompressing data: incorrect data check); channel replaced with black. width=1792 height=2646 depth=8 version=1
2026-04-09 23:26:15,746 | WARNING | Failed channel has been replaced by black
2026-04-09 23:26:16,555 | WARNING | ZIP_WITH_PREDICTION decode failed (ValueError: Decompressed size exceeds expected maximum of 2816422 bytes); channel replaced with black. width=1421 height=1982 depth=8 version=1
2026-04-09 23:26:16,560 | WARNING | Failed channel has been replaced by black
2026-04-09 23:26:16,576 | WARNING | ZIP_WITH_PREDICTION decode failed (ValueError: Decompressed size exceeds expected maximum of 2816422 bytes); channel replaced with black. width=1421 height=1982 depth=8 version=1
2026-04-09 23:26:16,580 | WARNING | Failed channel has been replaced by black
2026-04-09 23:26:16,596 | WARNING | ZIP_WITH_PREDICTION decode failed (ValueError: Decompressed size exceeds expected maximum of 2816422 bytes); channel replaced with black. width=1421 height=1982 depth=8 version=1
2026-04-09 23:26:16,600 | WARNING | Failed channel has been replaced by black
2026-04-09 23:26:16,639 | WARNING | ZIP_WITH_PREDICTION decode failed (ValueError: Decompressed size exceeds expected maximum of 2816422 bytes); channel replaced with black. width=1421 height=1982 depth=8 version=1
2026-04-09 23:26:16,642 | WARNING | Failed channel has been replaced by black
2026-04-09 23:26:16,716 | WARNING | ZIP_WITH_PREDICTION decode failed (error: Error -3 while decompressing data: incorrect data check); channel replaced with black. width=2006 height=2006 depth=8 version=1
2026-04-09 23:26:16,723 | WARNING | Failed channel has been replaced by black
2026-04-09 23:26:16,759 | WARNING | ZIP_WITH_PREDICTION decode failed (error: Error -3 while decompressing data: incorrect data check); channel replaced with black. width=2006 height=2006 depth=8 version=1
2026-04-09 23:26:16,764 | WARNING | Failed channel has been replaced by black
2026-04-09 23:26:16,793 | WARNING | ZIP_WITH_PREDICTION decode failed (error: Error -3 while decompressing data: incorrect data check); channel replaced with black. width=2006 height=2006 depth=8 version=1
2026-04-09 23:26:16,798 | WARNING | Failed channel has been replaced by black
2026-04-09 23:26:16,852 | WARNING | ZIP_WITH_PREDICTION decode failed (error: Error -3 while decompressing data: incorrect data check); channel replaced with black. width=2006 height=2006 depth=8 version=1
2026-04-09 23:26:16,857 | WARNING | Failed channel has been replaced by black
2026-04-09 23:26:18,548 | WARNING | ZIP_WITH_PREDICTION decode failed (error: Error -3 while decompressing data: incorrect data check); channel replaced with black. width=1936 height=605 depth=8 version=1
2026-04-09 23:26:18,550 | WARNING | Failed channel has been replaced by black
2026-04-09 23:26:18,557 | WARNING | ZIP_WITH_PREDICTION decode failed (error: Error -3 while decompressing data: incorrect data check); channel replaced with black. width=1936 height=605 depth=8 version=1
2026-04-09 23:26:18,558 | WARNING | Failed channel has been replaced by black
2026-04-09 23:26:18,564 | WARNING | ZIP_WITH_PREDICTION decode failed (error: Error -3 while decompressing data: incorrect data check); channel replaced with black. width=1936 height=605 depth=8 version=1
2026-04-09 23:26:18,566 | WARNING | Failed channel has been replaced by black
2026-04-09 23:26:18,581 | WARNING | ZIP_WITH_PREDICTION decode failed (error: Error -3 while decompressing data: incorrect data check); channel replaced with black. width=1936 height=605 depth=8 version=1
2026-04-09 23:26:18,582 | WARNING | Failed channel has been replaced by black
2026-04-09 23:26:19,394 | WARNING | ZIP_WITH_PREDICTION decode failed (ValueError: Decompressed size exceeds expected maximum of 35997 bytes); channel replaced with black. width=169 height=213 depth=8 version=1
2026-04-09 23:26:19,394 | WARNING | Failed channel has been replaced by black
2026-04-09 23:26:19,396 | WARNING | ZIP_WITH_PREDICTION decode failed (ValueError: Decompressed size exceeds expected maximum of 35997 bytes); channel replaced with black. width=169 height=213 depth=8 version=1
2026-04-09 23:26:19,396 | WARNING | Failed channel has been replaced by black
2026-04-09 23:26:19,396 | WARNING | ZIP_WITH_PREDICTION decode failed (ValueError: Decompressed size exceeds expected maximum of 35997 bytes); channel replaced with black. width=169 height=213 depth=8 version=1
2026-04-09 23:26:19,397 | WARNING | Failed channel has been replaced by black
2026-04-09 23:26:19,397 | WARNING | ZIP_WITH_PREDICTION decode failed (ValueError: Decompressed size exceeds expected maximum of 35997 bytes); channel replaced with black. width=169 height=213 depth=8 version=1
2026-04-09 23:26:19,397 | WARNING | Failed channel has been replaced by black
2026-04-09 23:26:20,164 | WARNING | ZIP_WITH_PREDICTION decode failed (ValueError: Decompressed size exceeds expected maximum of 446590 bytes); channel replaced with black. width=1258 height=355 depth=8 version=1
2026-04-09 23:26:20,165 | WARNING | Failed channel has been replaced by black
2026-04-09 23:26:20,168 | WARNING | ZIP_WITH_PREDICTION decode failed (ValueError: Decompressed size exceeds expected maximum of 446590 bytes); channel replaced with black. width=1258 height=355 depth=8 version=1
2026-04-09 23:26:20,168 | WARNING | Failed channel has been replaced by black
2026-04-09 23:26:20,171 | WARNING | ZIP_WITH_PREDICTION decode failed (ValueError: Decompressed size exceeds expected maximum of 446590 bytes); channel replaced with black. width=1258 height=355 depth=8 version=1
2026-04-09 23:26:20,171 | WARNING | Failed channel has been replaced by black
2026-04-09 23:26:20,177 | WARNING | ZIP_WITH_PREDICTION decode failed (ValueError: Decompressed size exceeds expected maximum of 446590 bytes); channel replaced with black. width=1258 height=355 depth=8 version=1
2026-04-09 23:26:20,177 | WARNING | Failed channel has been replaced by black
2026-04-09 23:26:20,939 | WARNING | ZIP_WITH_PREDICTION decode failed (ValueError: Decompressed size exceeds expected maximum of 35738 bytes); channel replaced with black. width=167 height=214 depth=8 version=1
2026-04-09 23:26:20,941 | WARNING | Failed channel has been replaced by black
2026-04-09 23:26:20,941 | WARNING | ZIP_WITH_PREDICTION decode failed (ValueError: Decompressed size exceeds expected maximum of 35738 bytes); channel replaced with black. width=167 height=214 depth=8 version=1
2026-04-09 23:26:20,942 | WARNING | Failed channel has been replaced by black
2026-04-09 23:26:20,942 | WARNING | ZIP_WITH_PREDICTION decode failed (ValueError: Decompressed size exceeds expected maximum of 35738 bytes); channel replaced with black. width=167 height=214 depth=8 version=1
2026-04-09 23:26:20,942 | WARNING | Failed channel has been replaced by black
2026-04-09 23:26:20,943 | WARNING | ZIP_WITH_PREDICTION decode failed (ValueError: Decompressed size exceeds expected maximum of 35738 bytes); channel replaced with black. width=167 height=214 depth=8 version=1
2026-04-09 23:26:20,943 | WARNING | Failed channel has been replaced by black
2026-04-09 23:26:22,217 | INFO | [ok] hela.psd
2026-04-09 23:26:22,217 | INFO |     Cost 6: (154, 174, 323, 387) -> (163, 189, 332, 402) (target (163, 189, 332, 402), dx=9, dy=15)
2026-04-09 23:26:22,219 | INFO |     Power 6: (1462, 197, 1629, 411) -> (1471, 188, 1638, 402) (target (1471, 188, 1638, 402), dx=9, dy=-9)
2026-04-09 23:31:07,333 | INFO | Loading calibration file: C:\Users\allda\Downloads\Snap-card-pipeline\photopea_batch\calibration_table.json
2026-04-09 23:31:07,333 | INFO | Loaded calibration entries | cost=9 | power=22
2026-04-09 23:31:07,334 | INFO | Found 60 PSD(s) in input directory: C:\Users\allda\Downloads\Snap-card-pipeline\photopea_batch\output_psd_dev
2026-04-09 23:31:07,334 | WARNING | [skipped_existing_output] ajax.psd
2026-04-09 23:31:07,334 | WARNING |     Output already exists: C:\Users\allda\Downloads\Snap-card-pipeline\photopea_batch\output_psd_calibrated\ajax.psd
2026-04-09 23:31:07,335 | WARNING | [skipped_existing_output] ant-man.psd
2026-04-09 23:31:07,335 | WARNING |     Output already exists: C:\Users\allda\Downloads\Snap-card-pipeline\photopea_batch\output_psd_calibrated\ant-man.psd
2026-04-09 23:31:07,335 | WARNING | [skipped_existing_output] black-swan.psd
2026-04-09 23:31:07,335 | WARNING |     Output already exists: C:\Users\allda\Downloads\Snap-card-pipeline\photopea_batch\output_psd_calibrated\black-swan.psd
2026-04-09 23:31:07,335 | WARNING | [skipped_existing_output] black-widow.psd
2026-04-09 23:31:07,335 | WARNING |     Output already exists: C:\Users\allda\Downloads\Snap-card-pipeline\photopea_batch\output_psd_calibrated\black-widow.psd
2026-04-09 23:31:07,335 | WARNING | [skipped_existing_output] blob.psd
2026-04-09 23:31:07,335 | WARNING |     Output already exists: C:\Users\allda\Downloads\Snap-card-pipeline\photopea_batch\output_psd_calibrated\blob.psd
2026-04-09 23:31:07,336 | WARNING | [skipped_existing_output] cloak.psd
2026-04-09 23:31:07,336 | WARNING |     Output already exists: C:\Users\allda\Downloads\Snap-card-pipeline\photopea_batch\output_psd_calibrated\cloak.psd
2026-04-09 23:31:07,336 | WARNING | [skipped_existing_output] death.psd
2026-04-09 23:31:07,336 | WARNING |     Output already exists: C:\Users\allda\Downloads\Snap-card-pipeline\photopea_batch\output_psd_calibrated\death.psd
2026-04-09 23:31:07,337 | WARNING | [skipped_existing_output] destroyer.psd
2026-04-09 23:31:07,337 | WARNING |     Output already exists: C:\Users\allda\Downloads\Snap-card-pipeline\photopea_batch\output_psd_calibrated\destroyer.psd
2026-04-09 23:31:07,337 | WARNING | [skipped_existing_output] dormammu.psd
2026-04-09 23:31:07,338 | WARNING |     Output already exists: C:\Users\allda\Downloads\Snap-card-pipeline\photopea_batch\output_psd_calibrated\dormammu.psd
2026-04-09 23:31:07,338 | WARNING | [skipped_existing_output] eson.psd
2026-04-09 23:31:07,338 | WARNING |     Output already exists: C:\Users\allda\Downloads\Snap-card-pipeline\photopea_batch\output_psd_calibrated\eson.psd
2026-04-09 23:31:07,339 | WARNING | [skipped_existing_output] galacta.psd
2026-04-09 23:31:07,339 | WARNING |     Output already exists: C:\Users\allda\Downloads\Snap-card-pipeline\photopea_batch\output_psd_calibrated\galacta.psd
2026-04-09 23:31:07,339 | WARNING | [skipped_existing_output] galactus-first-steps.psd
2026-04-09 23:31:07,340 | WARNING |     Output already exists: C:\Users\allda\Downloads\Snap-card-pipeline\photopea_batch\output_psd_calibrated\galactus-first-steps.psd
2026-04-09 23:31:07,340 | WARNING | [skipped_existing_output] giganto.psd
2026-04-09 23:31:07,340 | WARNING |     Output already exists: C:\Users\allda\Downloads\Snap-card-pipeline\photopea_batch\output_psd_calibrated\giganto.psd
2026-04-09 23:31:07,341 | WARNING | [skipped_existing_output] gilgamesh.psd
2026-04-09 23:31:07,341 | WARNING |     Output already exists: C:\Users\allda\Downloads\Snap-card-pipeline\photopea_batch\output_psd_calibrated\gilgamesh.psd
2026-04-09 23:31:07,342 | WARNING | [skipped_existing_output] gladiator.psd
2026-04-09 23:31:07,342 | WARNING |     Output already exists: C:\Users\allda\Downloads\Snap-card-pipeline\photopea_batch\output_psd_calibrated\gladiator.psd
2026-04-09 23:31:07,342 | WARNING | [skipped_existing_output] green-goblin.psd
2026-04-09 23:31:07,342 | WARNING |     Output already exists: C:\Users\allda\Downloads\Snap-card-pipeline\photopea_batch\output_psd_calibrated\green-goblin.psd
2026-04-09 23:31:07,343 | WARNING | [skipped_existing_output] groot.psd
2026-04-09 23:31:07,343 | WARNING |     Output already exists: C:\Users\allda\Downloads\Snap-card-pipeline\photopea_batch\output_psd_calibrated\groot.psd
2026-04-09 23:31:07,343 | WARNING | [skipped_existing_output] havok.psd
2026-04-09 23:31:07,344 | WARNING |     Output already exists: C:\Users\allda\Downloads\Snap-card-pipeline\photopea_batch\output_psd_calibrated\havok.psd
2026-04-09 23:31:07,344 | WARNING | [skipped_existing_output] headpool.psd
2026-04-09 23:31:07,344 | WARNING |     Output already exists: C:\Users\allda\Downloads\Snap-card-pipeline\photopea_batch\output_psd_calibrated\headpool.psd
2026-04-09 23:31:07,345 | WARNING | [skipped_existing_output] hela.psd
2026-04-09 23:31:07,345 | WARNING |     Output already exists: C:\Users\allda\Downloads\Snap-card-pipeline\photopea_batch\output_psd_calibrated\hela.psd
2026-04-09 23:31:16,480 | INFO | [ok] hobgoblin.psd
2026-04-09 23:31:16,480 | INFO |     Cost 5: (164, 190, 325, 403) -> (170, 186, 331, 399) (target (170, 186, 331, 399), dx=6, dy=-4)
2026-04-09 23:31:16,481 | INFO |     Power -8: (1442, 187, 1674, 401) -> (1442, 187, 1674, 401) (target (1442, 187, 1674, 401), dx=0, dy=0)
2026-04-09 23:31:16,655 | WARNING | ZIP_WITH_PREDICTION decode failed (error: Error -3 while decompressing data: incorrect data check); channel replaced with black. width=2318 height=2142 depth=8 version=1
2026-04-09 23:31:16,663 | WARNING | Failed channel has been replaced by black
2026-04-09 23:31:16,694 | WARNING | ZIP_WITH_PREDICTION decode failed (error: Error -3 while decompressing data: incorrect data check); channel replaced with black. width=2318 height=2142 depth=8 version=1
2026-04-09 23:31:16,700 | WARNING | Failed channel has been replaced by black
2026-04-09 23:31:16,734 | WARNING | ZIP_WITH_PREDICTION decode failed (error: Error -3 while decompressing data: incorrect data check); channel replaced with black. width=2318 height=2142 depth=8 version=1
2026-04-09 23:31:16,739 | WARNING | Failed channel has been replaced by black
2026-04-09 23:31:16,800 | WARNING | ZIP_WITH_PREDICTION decode failed (error: Error -3 while decompressing data: incorrect data check); channel replaced with black. width=2318 height=2142 depth=8 version=1
2026-04-09 23:31:16,806 | WARNING | Failed channel has been replaced by black
2026-04-09 23:31:17,582 | WARNING | ZIP_WITH_PREDICTION decode failed (ValueError: Decompressed size exceeds expected maximum of 1042926 bytes); channel replaced with black. width=1721 height=606 depth=8 version=1
2026-04-09 23:31:17,583 | WARNING | Failed channel has been replaced by black
2026-04-09 23:31:17,588 | WARNING | ZIP_WITH_PREDICTION decode failed (ValueError: Decompressed size exceeds expected maximum of 1042926 bytes); channel replaced with black. width=1721 height=606 depth=8 version=1
2026-04-09 23:31:17,589 | WARNING | Failed channel has been replaced by black
2026-04-09 23:31:17,593 | WARNING | ZIP_WITH_PREDICTION decode failed (ValueError: Decompressed size exceeds expected maximum of 1042926 bytes); channel replaced with black. width=1721 height=606 depth=8 version=1
2026-04-09 23:31:17,594 | WARNING | Failed channel has been replaced by black
2026-04-09 23:31:17,606 | WARNING | ZIP_WITH_PREDICTION decode failed (ValueError: Decompressed size exceeds expected maximum of 1042926 bytes); channel replaced with black. width=1721 height=606 depth=8 version=1
2026-04-09 23:31:17,607 | WARNING | Failed channel has been replaced by black
2026-04-09 23:31:18,366 | WARNING | ZIP_WITH_PREDICTION decode failed (ValueError: Decompressed size exceeds expected maximum of 3770442 bytes); channel replaced with black. width=1703 height=2214 depth=8 version=1
2026-04-09 23:31:18,372 | WARNING | Failed channel has been replaced by black
2026-04-09 23:31:18,392 | WARNING | ZIP_WITH_PREDICTION decode failed (ValueError: Decompressed size exceeds expected maximum of 3770442 bytes); channel replaced with black. width=1703 height=2214 depth=8 version=1
2026-04-09 23:31:18,397 | WARNING | Failed channel has been replaced by black
2026-04-09 23:31:18,417 | WARNING | ZIP_WITH_PREDICTION decode failed (ValueError: Decompressed size exceeds expected maximum of 3770442 bytes); channel replaced with black. width=1703 height=2214 depth=8 version=1
2026-04-09 23:31:18,421 | WARNING | Failed channel has been replaced by black
2026-04-09 23:31:18,467 | WARNING | ZIP_WITH_PREDICTION decode failed (ValueError: Decompressed size exceeds expected maximum of 3770442 bytes); channel replaced with black. width=1703 height=2214 depth=8 version=1
2026-04-09 23:31:18,471 | WARNING | Failed channel has been replaced by black
2026-04-09 23:31:19,261 | WARNING | ZIP_WITH_PREDICTION decode failed (error: Error -3 while decompressing data: incorrect data check); channel replaced with black. width=1792 height=2646 depth=8 version=1
2026-04-09 23:31:19,270 | WARNING | Failed channel has been replaced by black
2026-04-09 23:31:19,296 | WARNING | ZIP_WITH_PREDICTION decode failed (error: Error -3 while decompressing data: incorrect data check); channel replaced with black. width=1792 height=2646 depth=8 version=1
2026-04-09 23:31:19,304 | WARNING | Failed channel has been replaced by black
2026-04-09 23:31:19,330 | WARNING | ZIP_WITH_PREDICTION decode failed (error: Error -3 while decompressing data: incorrect data check); channel replaced with black. width=1792 height=2646 depth=8 version=1
2026-04-09 23:31:19,337 | WARNING | Failed channel has been replaced by black
2026-04-09 23:31:19,398 | WARNING | ZIP_WITH_PREDICTION decode failed (error: Error -3 while decompressing data: incorrect data check); channel replaced with black. width=1792 height=2646 depth=8 version=1
2026-04-09 23:31:19,403 | WARNING | Failed channel has been replaced by black
2026-04-09 23:31:20,170 | WARNING | ZIP_WITH_PREDICTION decode failed (ValueError: Decompressed size exceeds expected maximum of 2816422 bytes); channel replaced with black. width=1421 height=1982 depth=8 version=1
2026-04-09 23:31:20,175 | WARNING | Failed channel has been replaced by black
2026-04-09 23:31:20,190 | WARNING | ZIP_WITH_PREDICTION decode failed (ValueError: Decompressed size exceeds expected maximum of 2816422 bytes); channel replaced with black. width=1421 height=1982 depth=8 version=1
2026-04-09 23:31:20,194 | WARNING | Failed channel has been replaced by black
2026-04-09 23:31:20,209 | WARNING | ZIP_WITH_PREDICTION decode failed (ValueError: Decompressed size exceeds expected maximum of 2816422 bytes); channel replaced with black. width=1421 height=1982 depth=8 version=1
2026-04-09 23:31:20,212 | WARNING | Failed channel has been replaced by black
2026-04-09 23:31:20,249 | WARNING | ZIP_WITH_PREDICTION decode failed (ValueError: Decompressed size exceeds expected maximum of 2816422 bytes); channel replaced with black. width=1421 height=1982 depth=8 version=1
2026-04-09 23:31:20,253 | WARNING | Failed channel has been replaced by black
2026-04-09 23:31:20,332 | WARNING | ZIP_WITH_PREDICTION decode failed (error: Error -3 while decompressing data: incorrect data check); channel replaced with black. width=2006 height=2006 depth=8 version=1
2026-04-09 23:31:20,339 | WARNING | Failed channel has been replaced by black
2026-04-09 23:31:20,365 | WARNING | ZIP_WITH_PREDICTION decode failed (error: Error -3 while decompressing data: incorrect data check); channel replaced with black. width=2006 height=2006 depth=8 version=1
2026-04-09 23:31:20,369 | WARNING | Failed channel has been replaced by black
2026-04-09 23:31:20,396 | WARNING | ZIP_WITH_PREDICTION decode failed (error: Error -3 while decompressing data: incorrect data check); channel replaced with black. width=2006 height=2006 depth=8 version=1
2026-04-09 23:31:20,400 | WARNING | Failed channel has been replaced by black
2026-04-09 23:31:20,449 | WARNING | ZIP_WITH_PREDICTION decode failed (error: Error -3 while decompressing data: incorrect data check); channel replaced with black. width=2006 height=2006 depth=8 version=1
2026-04-09 23:31:20,453 | WARNING | Failed channel has been replaced by black
2026-04-09 23:31:21,930 | WARNING | ZIP_WITH_PREDICTION decode failed (error: Error -3 while decompressing data: incorrect data check); channel replaced with black. width=1256 height=643 depth=8 version=1
2026-04-09 23:31:21,932 | WARNING | Failed channel has been replaced by black
2026-04-09 23:31:21,937 | WARNING | ZIP_WITH_PREDICTION decode failed (error: Error -3 while decompressing data: incorrect data check); channel replaced with black. width=1256 height=643 depth=8 version=1
2026-04-09 23:31:21,937 | WARNING | Failed channel has been replaced by black
2026-04-09 23:31:21,941 | WARNING | ZIP_WITH_PREDICTION decode failed (error: Error -3 while decompressing data: incorrect data check); channel replaced with black. width=1256 height=643 depth=8 version=1
2026-04-09 23:31:21,941 | WARNING | Failed channel has been replaced by black
2026-04-09 23:31:21,951 | WARNING | ZIP_WITH_PREDICTION decode failed (error: Error -3 while decompressing data: incorrect data check); channel replaced with black. width=1256 height=643 depth=8 version=1
2026-04-09 23:31:21,952 | WARNING | Failed channel has been replaced by black
2026-04-09 23:31:22,689 | WARNING | ZIP_WITH_PREDICTION decode failed (ValueError: Decompressed size exceeds expected maximum of 35358 bytes); channel replaced with black. width=166 height=213 depth=8 version=1
2026-04-09 23:31:22,690 | WARNING | Failed channel has been replaced by black
2026-04-09 23:31:22,691 | WARNING | ZIP_WITH_PREDICTION decode failed (ValueError: Decompressed size exceeds expected maximum of 35358 bytes); channel replaced with black. width=166 height=213 depth=8 version=1
2026-04-09 23:31:22,691 | WARNING | Failed channel has been replaced by black
2026-04-09 23:31:22,692 | WARNING | ZIP_WITH_PREDICTION decode failed (ValueError: Decompressed size exceeds expected maximum of 35358 bytes); channel replaced with black. width=166 height=213 depth=8 version=1
2026-04-09 23:31:22,693 | WARNING | Failed channel has been replaced by black
2026-04-09 23:31:22,693 | WARNING | ZIP_WITH_PREDICTION decode failed (ValueError: Decompressed size exceeds expected maximum of 35358 bytes); channel replaced with black. width=166 height=213 depth=8 version=1
2026-04-09 23:31:22,693 | WARNING | Failed channel has been replaced by black
2026-04-09 23:31:23,438 | WARNING | ZIP_WITH_PREDICTION decode failed (ValueError: Decompressed size exceeds expected maximum of 321538 bytes); channel replaced with black. width=1351 height=238 depth=8 version=1
2026-04-09 23:31:23,440 | WARNING | Failed channel has been replaced by black
2026-04-09 23:31:23,442 | WARNING | ZIP_WITH_PREDICTION decode failed (ValueError: Decompressed size exceeds expected maximum of 321538 bytes); channel replaced with black. width=1351 height=238 depth=8 version=1
2026-04-09 23:31:23,442 | WARNING | Failed channel has been replaced by black
2026-04-09 23:31:23,443 | WARNING | ZIP_WITH_PREDICTION decode failed (ValueError: Decompressed size exceeds expected maximum of 321538 bytes); channel replaced with black. width=1351 height=238 depth=8 version=1
2026-04-09 23:31:23,444 | WARNING | Failed channel has been replaced by black
2026-04-09 23:31:23,447 | WARNING | ZIP_WITH_PREDICTION decode failed (ValueError: Decompressed size exceeds expected maximum of 321538 bytes); channel replaced with black. width=1351 height=238 depth=8 version=1
2026-04-09 23:31:23,447 | WARNING | Failed channel has been replaced by black
2026-04-09 23:31:24,190 | WARNING | ZIP_WITH_PREDICTION decode failed (ValueError: Decompressed size exceeds expected maximum of 36594 bytes); channel replaced with black. width=171 height=214 depth=8 version=1
2026-04-09 23:31:24,191 | WARNING | Failed channel has been replaced by black
2026-04-09 23:31:24,192 | WARNING | ZIP_WITH_PREDICTION decode failed (ValueError: Decompressed size exceeds expected maximum of 36594 bytes); channel replaced with black. width=171 height=214 depth=8 version=1
2026-04-09 23:31:24,192 | WARNING | Failed channel has been replaced by black
2026-04-09 23:31:24,193 | WARNING | ZIP_WITH_PREDICTION decode failed (ValueError: Decompressed size exceeds expected maximum of 36594 bytes); channel replaced with black. width=171 height=214 depth=8 version=1
2026-04-09 23:31:24,193 | WARNING | Failed channel has been replaced by black
2026-04-09 23:31:24,193 | WARNING | ZIP_WITH_PREDICTION decode failed (ValueError: Decompressed size exceeds expected maximum of 36594 bytes); channel replaced with black. width=171 height=214 depth=8 version=1
2026-04-09 23:31:24,194 | WARNING | Failed channel has been replaced by black
2026-04-09 23:31:25,390 | INFO | [ok] hope-summers.psd
2026-04-09 23:31:25,390 | INFO |     Cost 3: (152, 174, 318, 387) -> (167, 183, 333, 396) (target (167, 183, 333, 396), dx=15, dy=9)
2026-04-09 23:31:25,391 | INFO |     Power 4: (1472, 197, 1643, 411) -> (1472, 182, 1643, 396) (target (1472, 182, 1643, 396), dx=0, dy=-15)
2026-04-09 23:31:25,556 | WARNING | ZIP_WITH_PREDICTION decode failed (error: Error -3 while decompressing data: incorrect data check); channel replaced with black. width=2318 height=2142 depth=8 version=1
2026-04-09 23:31:25,562 | WARNING | Failed channel has been replaced by black
2026-04-09 23:31:25,593 | WARNING | ZIP_WITH_PREDICTION decode failed (error: Error -3 while decompressing data: incorrect data check); channel replaced with black. width=2318 height=2142 depth=8 version=1
2026-04-09 23:31:25,599 | WARNING | Failed channel has been replaced by black
2026-04-09 23:31:25,631 | WARNING | ZIP_WITH_PREDICTION decode failed (error: Error -3 while decompressing data: incorrect data check); channel replaced with black. width=2318 height=2142 depth=8 version=1
2026-04-09 23:31:25,637 | WARNING | Failed channel has been replaced by black
2026-04-09 23:31:25,698 | WARNING | ZIP_WITH_PREDICTION decode failed (error: Error -3 while decompressing data: incorrect data check); channel replaced with black. width=2318 height=2142 depth=8 version=1
2026-04-09 23:31:25,704 | WARNING | Failed channel has been replaced by black
2026-04-09 23:31:26,481 | WARNING | ZIP_WITH_PREDICTION decode failed (ValueError: Decompressed size exceeds expected maximum of 1042926 bytes); channel replaced with black. width=1721 height=606 depth=8 version=1
2026-04-09 23:31:26,482 | WARNING | Failed channel has been replaced by black
2026-04-09 23:31:26,488 | WARNING | ZIP_WITH_PREDICTION decode failed (ValueError: Decompressed size exceeds expected maximum of 1042926 bytes); channel replaced with black. width=1721 height=606 depth=8 version=1
2026-04-09 23:31:26,488 | WARNING | Failed channel has been replaced by black
2026-04-09 23:31:26,493 | WARNING | ZIP_WITH_PREDICTION decode failed (ValueError: Decompressed size exceeds expected maximum of 1042926 bytes); channel replaced with black. width=1721 height=606 depth=8 version=1
2026-04-09 23:31:26,494 | WARNING | Failed channel has been replaced by black
2026-04-09 23:31:26,506 | WARNING | ZIP_WITH_PREDICTION decode failed (ValueError: Decompressed size exceeds expected maximum of 1042926 bytes); channel replaced with black. width=1721 height=606 depth=8 version=1
2026-04-09 23:31:26,507 | WARNING | Failed channel has been replaced by black
2026-04-09 23:31:27,264 | WARNING | ZIP_WITH_PREDICTION decode failed (ValueError: Decompressed size exceeds expected maximum of 3770442 bytes); channel replaced with black. width=1703 height=2214 depth=8 version=1
2026-04-09 23:31:27,270 | WARNING | Failed channel has been replaced by black
2026-04-09 23:31:27,293 | WARNING | ZIP_WITH_PREDICTION decode failed (ValueError: Decompressed size exceeds expected maximum of 3770442 bytes); channel replaced with black. width=1703 height=2214 depth=8 version=1
2026-04-09 23:31:27,297 | WARNING | Failed channel has been replaced by black
2026-04-09 23:31:27,320 | WARNING | ZIP_WITH_PREDICTION decode failed (ValueError: Decompressed size exceeds expected maximum of 3770442 bytes); channel replaced with black. width=1703 height=2214 depth=8 version=1
2026-04-09 23:31:27,325 | WARNING | Failed channel has been replaced by black
2026-04-09 23:31:27,372 | WARNING | ZIP_WITH_PREDICTION decode failed (ValueError: Decompressed size exceeds expected maximum of 3770442 bytes); channel replaced with black. width=1703 height=2214 depth=8 version=1
2026-04-09 23:31:27,377 | WARNING | Failed channel has been replaced by black
2026-04-09 23:31:28,149 | WARNING | ZIP_WITH_PREDICTION decode failed (error: Error -3 while decompressing data: incorrect data check); channel replaced with black. width=1792 height=2646 depth=8 version=1
2026-04-09 23:31:28,157 | WARNING | Failed channel has been replaced by black
2026-04-09 23:31:28,182 | WARNING | ZIP_WITH_PREDICTION decode failed (error: Error -3 while decompressing data: incorrect data check); channel replaced with black. width=1792 height=2646 depth=8 version=1
2026-04-09 23:31:28,188 | WARNING | Failed channel has been replaced by black
2026-04-09 23:31:28,213 | WARNING | ZIP_WITH_PREDICTION decode failed (error: Error -3 while decompressing data: incorrect data check); channel replaced with black. width=1792 height=2646 depth=8 version=1
2026-04-09 23:31:28,219 | WARNING | Failed channel has been replaced by black
2026-04-09 23:31:28,283 | WARNING | ZIP_WITH_PREDICTION decode failed (error: Error -3 while decompressing data: incorrect data check); channel replaced with black. width=1792 height=2646 depth=8 version=1
2026-04-09 23:31:28,289 | WARNING | Failed channel has been replaced by black
2026-04-09 23:31:29,057 | WARNING | ZIP_WITH_PREDICTION decode failed (ValueError: Decompressed size exceeds expected maximum of 2816422 bytes); channel replaced with black. width=1421 height=1982 depth=8 version=1
2026-04-09 23:31:29,060 | WARNING | Failed channel has been replaced by black
2026-04-09 23:31:29,075 | WARNING | ZIP_WITH_PREDICTION decode failed (ValueError: Decompressed size exceeds expected maximum of 2816422 bytes); channel replaced with black. width=1421 height=1982 depth=8 version=1
2026-04-09 23:31:29,079 | WARNING | Failed channel has been replaced by black
2026-04-09 23:31:29,093 | WARNING | ZIP_WITH_PREDICTION decode failed (ValueError: Decompressed size exceeds expected maximum of 2816422 bytes); channel replaced with black. width=1421 height=1982 depth=8 version=1
2026-04-09 23:31:29,097 | WARNING | Failed channel has been replaced by black
2026-04-09 23:31:29,134 | WARNING | ZIP_WITH_PREDICTION decode failed (ValueError: Decompressed size exceeds expected maximum of 2816422 bytes); channel replaced with black. width=1421 height=1982 depth=8 version=1
2026-04-09 23:31:29,138 | WARNING | Failed channel has been replaced by black
2026-04-09 23:31:29,212 | WARNING | ZIP_WITH_PREDICTION decode failed (error: Error -3 while decompressing data: incorrect data check); channel replaced with black. width=2006 height=2006 depth=8 version=1
2026-04-09 23:31:29,217 | WARNING | Failed channel has been replaced by black
2026-04-09 23:31:29,244 | WARNING | ZIP_WITH_PREDICTION decode failed (error: Error -3 while decompressing data: incorrect data check); channel replaced with black. width=2006 height=2006 depth=8 version=1
2026-04-09 23:31:29,248 | WARNING | Failed channel has been replaced by black
2026-04-09 23:31:29,277 | WARNING | ZIP_WITH_PREDICTION decode failed (error: Error -3 while decompressing data: incorrect data check); channel replaced with black. width=2006 height=2006 depth=8 version=1
2026-04-09 23:31:29,281 | WARNING | Failed channel has been replaced by black
2026-04-09 23:31:29,341 | WARNING | ZIP_WITH_PREDICTION decode failed (error: Error -3 while decompressing data: incorrect data check); channel replaced with black. width=2006 height=2006 depth=8 version=1
2026-04-09 23:31:29,345 | WARNING | Failed channel has been replaced by black
2026-04-09 23:31:30,824 | WARNING | ZIP_WITH_PREDICTION decode failed (ValueError: Decompressed size exceeds expected maximum of 841725 bytes); channel replaced with black. width=1935 height=435 depth=8 version=1
2026-04-09 23:31:30,826 | WARNING | Failed channel has been replaced by black
2026-04-09 23:31:30,830 | WARNING | ZIP_WITH_PREDICTION decode failed (ValueError: Decompressed size exceeds expected maximum of 841725 bytes); channel replaced with black. width=1935 height=435 depth=8 version=1
2026-04-09 23:31:30,831 | WARNING | Failed channel has been replaced by black
2026-04-09 23:31:30,834 | WARNING | ZIP_WITH_PREDICTION decode failed (ValueError: Decompressed size exceeds expected maximum of 841725 bytes); channel replaced with black. width=1935 height=435 depth=8 version=1
2026-04-09 23:31:30,835 | WARNING | Failed channel has been replaced by black
2026-04-09 23:31:30,844 | WARNING | ZIP_WITH_PREDICTION decode failed (ValueError: Decompressed size exceeds expected maximum of 841725 bytes); channel replaced with black. width=1935 height=435 depth=8 version=1
2026-04-09 23:31:30,845 | WARNING | Failed channel has been replaced by black
2026-04-09 23:31:31,589 | WARNING | ZIP_WITH_PREDICTION decode failed (error: Error -3 while decompressing data: incorrect data check); channel replaced with black. width=119 height=213 depth=8 version=1
2026-04-09 23:31:31,590 | WARNING | Failed channel has been replaced by black
2026-04-09 23:31:31,591 | WARNING | ZIP_WITH_PREDICTION decode failed (error: Error -3 while decompressing data: incorrect data check); channel replaced with black. width=119 height=213 depth=8 version=1
2026-04-09 23:31:31,591 | WARNING | Failed channel has been replaced by black
2026-04-09 23:31:31,592 | WARNING | ZIP_WITH_PREDICTION decode failed (error: Error -3 while decompressing data: incorrect data check); channel replaced with black. width=119 height=213 depth=8 version=1
2026-04-09 23:31:31,592 | WARNING | Failed channel has been replaced by black
2026-04-09 23:31:31,592 | WARNING | ZIP_WITH_PREDICTION decode failed (error: Error -3 while decompressing data: incorrect data check); channel replaced with black. width=119 height=213 depth=8 version=1
2026-04-09 23:31:31,592 | WARNING | Failed channel has been replaced by black
2026-04-09 23:31:32,350 | WARNING | ZIP_WITH_PREDICTION decode failed (ValueError: Decompressed size exceeds expected maximum of 318190 bytes); channel replaced with black. width=1354 height=235 depth=8 version=1
2026-04-09 23:31:32,352 | WARNING | Failed channel has been replaced by black
2026-04-09 23:31:32,354 | WARNING | ZIP_WITH_PREDICTION decode failed (ValueError: Decompressed size exceeds expected maximum of 318190 bytes); channel replaced with black. width=1354 height=235 depth=8 version=1
2026-04-09 23:31:32,354 | WARNING | Failed channel has been replaced by black
2026-04-09 23:31:32,355 | WARNING | ZIP_WITH_PREDICTION decode failed (ValueError: Decompressed size exceeds expected maximum of 318190 bytes); channel replaced with black. width=1354 height=235 depth=8 version=1
2026-04-09 23:31:32,355 | WARNING | Failed channel has been replaced by black
2026-04-09 23:31:32,359 | WARNING | ZIP_WITH_PREDICTION decode failed (ValueError: Decompressed size exceeds expected maximum of 318190 bytes); channel replaced with black. width=1354 height=235 depth=8 version=1
2026-04-09 23:31:32,359 | WARNING | Failed channel has been replaced by black
2026-04-09 23:31:33,084 | WARNING | ZIP_WITH_PREDICTION decode failed (ValueError: Decompressed size exceeds expected maximum of 35310 bytes); channel replaced with black. width=165 height=214 depth=8 version=1
2026-04-09 23:31:33,086 | WARNING | Failed channel has been replaced by black
2026-04-09 23:31:33,086 | WARNING | ZIP_WITH_PREDICTION decode failed (ValueError: Decompressed size exceeds expected maximum of 35310 bytes); channel replaced with black. width=165 height=214 depth=8 version=1
2026-04-09 23:31:33,087 | WARNING | Failed channel has been replaced by black
2026-04-09 23:31:33,087 | WARNING | ZIP_WITH_PREDICTION decode failed (ValueError: Decompressed size exceeds expected maximum of 35310 bytes); channel replaced with black. width=165 height=214 depth=8 version=1
2026-04-09 23:31:33,087 | WARNING | Failed channel has been replaced by black
2026-04-09 23:31:33,088 | WARNING | ZIP_WITH_PREDICTION decode failed (ValueError: Decompressed size exceeds expected maximum of 35310 bytes); channel replaced with black. width=165 height=214 depth=8 version=1
2026-04-09 23:31:33,088 | WARNING | Failed channel has been replaced by black
2026-04-09 23:31:34,296 | INFO | [ok] iron-fist.psd
2026-04-09 23:31:34,296 | INFO |     Cost 1: (172, 174, 291, 387) -> (196, 183, 315, 396) (target (196, 183, 315, 396), dx=24, dy=9)
2026-04-09 23:31:34,297 | INFO |     Power 3: (1460, 197, 1625, 411) -> (1478, 185, 1643, 399) (target (1478, 185, 1643, 399), dx=18, dy=-12)
2026-04-09 23:31:34,468 | WARNING | ZIP_WITH_PREDICTION decode failed (error: Error -3 while decompressing data: incorrect data check); channel replaced with black. width=2318 height=2142 depth=8 version=1
2026-04-09 23:31:34,474 | WARNING | Failed channel has been replaced by black
2026-04-09 23:31:34,506 | WARNING | ZIP_WITH_PREDICTION decode failed (error: Error -3 while decompressing data: incorrect data check); channel replaced with black. width=2318 height=2142 depth=8 version=1
2026-04-09 23:31:34,513 | WARNING | Failed channel has been replaced by black
2026-04-09 23:31:34,546 | WARNING | ZIP_WITH_PREDICTION decode failed (error: Error -3 while decompressing data: incorrect data check); channel replaced with black. width=2318 height=2142 depth=8 version=1
2026-04-09 23:31:34,552 | WARNING | Failed channel has been replaced by black
2026-04-09 23:31:34,614 | WARNING | ZIP_WITH_PREDICTION decode failed (error: Error -3 while decompressing data: incorrect data check); channel replaced with black. width=2318 height=2142 depth=8 version=1
2026-04-09 23:31:34,620 | WARNING | Failed channel has been replaced by black
2026-04-09 23:31:35,410 | WARNING | ZIP_WITH_PREDICTION decode failed (ValueError: Decompressed size exceeds expected maximum of 1042926 bytes); channel replaced with black. width=1721 height=606 depth=8 version=1
2026-04-09 23:31:35,411 | WARNING | Failed channel has been replaced by black
2026-04-09 23:31:35,417 | WARNING | ZIP_WITH_PREDICTION decode failed (ValueError: Decompressed size exceeds expected maximum of 1042926 bytes); channel replaced with black. width=1721 height=606 depth=8 version=1
2026-04-09 23:31:35,418 | WARNING | Failed channel has been replaced by black
2026-04-09 23:31:35,422 | WARNING | ZIP_WITH_PREDICTION decode failed (ValueError: Decompressed size exceeds expected maximum of 1042926 bytes); channel replaced with black. width=1721 height=606 depth=8 version=1
2026-04-09 23:31:35,423 | WARNING | Failed channel has been replaced by black
2026-04-09 23:31:35,435 | WARNING | ZIP_WITH_PREDICTION decode failed (ValueError: Decompressed size exceeds expected maximum of 1042926 bytes); channel replaced with black. width=1721 height=606 depth=8 version=1
2026-04-09 23:31:35,436 | WARNING | Failed channel has been replaced by black
2026-04-09 23:31:36,192 | WARNING | ZIP_WITH_PREDICTION decode failed (ValueError: Decompressed size exceeds expected maximum of 3770442 bytes); channel replaced with black. width=1703 height=2214 depth=8 version=1
2026-04-09 23:31:36,196 | WARNING | Failed channel has been replaced by black
2026-04-09 23:31:36,218 | WARNING | ZIP_WITH_PREDICTION decode failed (ValueError: Decompressed size exceeds expected maximum of 3770442 bytes); channel replaced with black. width=1703 height=2214 depth=8 version=1
2026-04-09 23:31:36,222 | WARNING | Failed channel has been replaced by black
2026-04-09 23:31:36,244 | WARNING | ZIP_WITH_PREDICTION decode failed (ValueError: Decompressed size exceeds expected maximum of 3770442 bytes); channel replaced with black. width=1703 height=2214 depth=8 version=1
2026-04-09 23:31:36,248 | WARNING | Failed channel has been replaced by black
2026-04-09 23:31:36,300 | WARNING | ZIP_WITH_PREDICTION decode failed (ValueError: Decompressed size exceeds expected maximum of 3770442 bytes); channel replaced with black. width=1703 height=2214 depth=8 version=1
2026-04-09 23:31:36,305 | WARNING | Failed channel has been replaced by black
2026-04-09 23:31:37,075 | WARNING | ZIP_WITH_PREDICTION decode failed (error: Error -3 while decompressing data: incorrect data check); channel replaced with black. width=1792 height=2646 depth=8 version=1
2026-04-09 23:31:37,082 | WARNING | Failed channel has been replaced by black
2026-04-09 23:31:37,107 | WARNING | ZIP_WITH_PREDICTION decode failed (error: Error -3 while decompressing data: incorrect data check); channel replaced with black. width=1792 height=2646 depth=8 version=1
2026-04-09 23:31:37,114 | WARNING | Failed channel has been replaced by black
2026-04-09 23:31:37,139 | WARNING | ZIP_WITH_PREDICTION decode failed (error: Error -3 while decompressing data: incorrect data check); channel replaced with black. width=1792 height=2646 depth=8 version=1
2026-04-09 23:31:37,146 | WARNING | Failed channel has been replaced by black
2026-04-09 23:31:37,207 | WARNING | ZIP_WITH_PREDICTION decode failed (error: Error -3 while decompressing data: incorrect data check); channel replaced with black. width=1792 height=2646 depth=8 version=1
2026-04-09 23:31:37,214 | WARNING | Failed channel has been replaced by black
2026-04-09 23:31:37,987 | WARNING | ZIP_WITH_PREDICTION decode failed (ValueError: Decompressed size exceeds expected maximum of 2816422 bytes); channel replaced with black. width=1421 height=1982 depth=8 version=1
2026-04-09 23:31:37,991 | WARNING | Failed channel has been replaced by black
2026-04-09 23:31:38,005 | WARNING | ZIP_WITH_PREDICTION decode failed (ValueError: Decompressed size exceeds expected maximum of 2816422 bytes); channel replaced with black. width=1421 height=1982 depth=8 version=1
2026-04-09 23:31:38,009 | WARNING | Failed channel has been replaced by black
2026-04-09 23:31:38,024 | WARNING | ZIP_WITH_PREDICTION decode failed (ValueError: Decompressed size exceeds expected maximum of 2816422 bytes); channel replaced with black. width=1421 height=1982 depth=8 version=1
2026-04-09 23:31:38,028 | WARNING | Failed channel has been replaced by black
2026-04-09 23:31:38,064 | WARNING | ZIP_WITH_PREDICTION decode failed (ValueError: Decompressed size exceeds expected maximum of 2816422 bytes); channel replaced with black. width=1421 height=1982 depth=8 version=1
2026-04-09 23:31:38,068 | WARNING | Failed channel has been replaced by black
2026-04-09 23:31:38,143 | WARNING | ZIP_WITH_PREDICTION decode failed (error: Error -3 while decompressing data: incorrect data check); channel replaced with black. width=2006 height=2006 depth=8 version=1
2026-04-09 23:31:38,147 | WARNING | Failed channel has been replaced by black
2026-04-09 23:31:38,175 | WARNING | ZIP_WITH_PREDICTION decode failed (error: Error -3 while decompressing data: incorrect data check); channel replaced with black. width=2006 height=2006 depth=8 version=1
2026-04-09 23:31:38,180 | WARNING | Failed channel has been replaced by black
2026-04-09 23:31:38,207 | WARNING | ZIP_WITH_PREDICTION decode failed (error: Error -3 while decompressing data: incorrect data check); channel replaced with black. width=2006 height=2006 depth=8 version=1
2026-04-09 23:31:38,211 | WARNING | Failed channel has been replaced by black
2026-04-09 23:31:38,264 | WARNING | ZIP_WITH_PREDICTION decode failed (error: Error -3 while decompressing data: incorrect data check); channel replaced with black. width=2006 height=2006 depth=8 version=1
2026-04-09 23:31:38,269 | WARNING | Failed channel has been replaced by black
2026-04-09 23:31:39,753 | WARNING | ZIP_WITH_PREDICTION decode failed (error: Error -3 while decompressing data: incorrect data check); channel replaced with black. width=1936 height=344 depth=8 version=1
2026-04-09 23:31:39,755 | WARNING | Failed channel has been replaced by black
2026-04-09 23:31:39,759 | WARNING | ZIP_WITH_PREDICTION decode failed (error: Error -3 while decompressing data: incorrect data check); channel replaced with black. width=1936 height=344 depth=8 version=1
2026-04-09 23:31:39,759 | WARNING | Failed channel has been replaced by black
2026-04-09 23:31:39,762 | WARNING | ZIP_WITH_PREDICTION decode failed (error: Error -3 while decompressing data: incorrect data check); channel replaced with black. width=1936 height=344 depth=8 version=1
2026-04-09 23:31:39,762 | WARNING | Failed channel has been replaced by black
2026-04-09 23:31:39,770 | WARNING | ZIP_WITH_PREDICTION decode failed (error: Error -3 while decompressing data: incorrect data check); channel replaced with black. width=1936 height=344 depth=8 version=1
2026-04-09 23:31:39,770 | WARNING | Failed channel has been replaced by black
2026-04-09 23:31:40,517 | WARNING | ZIP_WITH_PREDICTION decode failed (ValueError: Decompressed size exceeds expected maximum of 35358 bytes); channel replaced with black. width=166 height=213 depth=8 version=1
2026-04-09 23:31:40,517 | WARNING | Failed channel has been replaced by black
2026-04-09 23:31:40,519 | WARNING | ZIP_WITH_PREDICTION decode failed (ValueError: Decompressed size exceeds expected maximum of 35358 bytes); channel replaced with black. width=166 height=213 depth=8 version=1
2026-04-09 23:31:40,519 | WARNING | Failed channel has been replaced by black
2026-04-09 23:31:40,519 | WARNING | ZIP_WITH_PREDICTION decode failed (ValueError: Decompressed size exceeds expected maximum of 35358 bytes); channel replaced with black. width=166 height=213 depth=8 version=1
2026-04-09 23:31:40,519 | WARNING | Failed channel has been replaced by black
2026-04-09 23:31:40,520 | WARNING | ZIP_WITH_PREDICTION decode failed (ValueError: Decompressed size exceeds expected maximum of 35358 bytes); channel replaced with black. width=166 height=213 depth=8 version=1
2026-04-09 23:31:40,520 | WARNING | Failed channel has been replaced by black
2026-04-09 23:31:41,268 | WARNING | ZIP_WITH_PREDICTION decode failed (error: Error -3 while decompressing data: incorrect data check); channel replaced with black. width=1459 height=221 depth=8 version=1
2026-04-09 23:31:41,270 | WARNING | Failed channel has been replaced by black
2026-04-09 23:31:41,271 | WARNING | ZIP_WITH_PREDICTION decode failed (error: Error -3 while decompressing data: incorrect data check); channel replaced with black. width=1459 height=221 depth=8 version=1
2026-04-09 23:31:41,272 | WARNING | Failed channel has been replaced by black
2026-04-09 23:31:41,273 | WARNING | ZIP_WITH_PREDICTION decode failed (error: Error -3 while decompressing data: incorrect data check); channel replaced with black. width=1459 height=221 depth=8 version=1
2026-04-09 23:31:41,273 | WARNING | Failed channel has been replaced by black
2026-04-09 23:31:41,276 | WARNING | ZIP_WITH_PREDICTION decode failed (error: Error -3 while decompressing data: incorrect data check); channel replaced with black. width=1459 height=221 depth=8 version=1
2026-04-09 23:31:41,277 | WARNING | Failed channel has been replaced by black
2026-04-09 23:31:42,011 | WARNING | ZIP_WITH_PREDICTION decode failed (ValueError: Decompressed size exceeds expected maximum of 38734 bytes); channel replaced with black. width=181 height=214 depth=8 version=1
2026-04-09 23:31:42,012 | WARNING | Failed channel has been replaced by black
2026-04-09 23:31:42,013 | WARNING | ZIP_WITH_PREDICTION decode failed (ValueError: Decompressed size exceeds expected maximum of 38734 bytes); channel replaced with black. width=181 height=214 depth=8 version=1
2026-04-09 23:31:42,013 | WARNING | Failed channel has been replaced by black
2026-04-09 23:31:42,013 | WARNING | ZIP_WITH_PREDICTION decode failed (ValueError: Decompressed size exceeds expected maximum of 38734 bytes); channel replaced with black. width=181 height=214 depth=8 version=1
2026-04-09 23:31:42,014 | WARNING | Failed channel has been replaced by black
2026-04-09 23:31:42,014 | WARNING | ZIP_WITH_PREDICTION decode failed (ValueError: Decompressed size exceeds expected maximum of 38734 bytes); channel replaced with black. width=181 height=214 depth=8 version=1
2026-04-09 23:31:42,014 | WARNING | Failed channel has been replaced by black
2026-04-09 23:31:43,212 | INFO | [ok] ironheart.psd
2026-04-09 23:31:43,212 | INFO |     Cost 3: (152, 174, 318, 387) -> (167, 183, 333, 396) (target (167, 183, 333, 396), dx=15, dy=9)
2026-04-09 23:31:43,213 | INFO |     Power 0: (1464, 197, 1645, 411) -> (1464, 191, 1645, 405) (target (1464, 191, 1645, 405), dx=0, dy=-6)
2026-04-09 23:31:43,430 | INFO | [ok] jean-grey-x-men.psd
2026-04-09 23:31:43,430 | INFO |     Cost 3: (167, 183, 333, 396) -> (167, 183, 333, 396) (target (167, 183, 333, 396), dx=0, dy=0)
2026-04-09 23:31:43,431 | INFO |     Power 5: (1481, 185, 1640, 399) -> (1481, 185, 1640, 399) (target (1481, 185, 1640, 399), dx=0, dy=0)
2026-04-09 23:31:43,611 | WARNING | ZIP_WITH_PREDICTION decode failed (error: Error -3 while decompressing data: incorrect data check); channel replaced with black. width=2318 height=2142 depth=8 version=1
2026-04-09 23:31:43,619 | WARNING | Failed channel has been replaced by black
2026-04-09 23:31:43,652 | WARNING | ZIP_WITH_PREDICTION decode failed (error: Error -3 while decompressing data: incorrect data check); channel replaced with black. width=2318 height=2142 depth=8 version=1
2026-04-09 23:31:43,658 | WARNING | Failed channel has been replaced by black
2026-04-09 23:31:43,693 | WARNING | ZIP_WITH_PREDICTION decode failed (error: Error -3 while decompressing data: incorrect data check); channel replaced with black. width=2318 height=2142 depth=8 version=1
2026-04-09 23:31:43,699 | WARNING | Failed channel has been replaced by black
2026-04-09 23:31:43,765 | WARNING | ZIP_WITH_PREDICTION decode failed (error: Error -3 while decompressing data: incorrect data check); channel replaced with black. width=2318 height=2142 depth=8 version=1
2026-04-09 23:31:43,772 | WARNING | Failed channel has been replaced by black
2026-04-09 23:31:44,571 | WARNING | ZIP_WITH_PREDICTION decode failed (ValueError: Decompressed size exceeds expected maximum of 1042926 bytes); channel replaced with black. width=1721 height=606 depth=8 version=1
2026-04-09 23:31:44,572 | WARNING | Failed channel has been replaced by black
2026-04-09 23:31:44,578 | WARNING | ZIP_WITH_PREDICTION decode failed (ValueError: Decompressed size exceeds expected maximum of 1042926 bytes); channel replaced with black. width=1721 height=606 depth=8 version=1
2026-04-09 23:31:44,579 | WARNING | Failed channel has been replaced by black
2026-04-09 23:31:44,583 | WARNING | ZIP_WITH_PREDICTION decode failed (ValueError: Decompressed size exceeds expected maximum of 1042926 bytes); channel replaced with black. width=1721 height=606 depth=8 version=1
2026-04-09 23:31:44,584 | WARNING | Failed channel has been replaced by black
2026-04-09 23:31:44,596 | WARNING | ZIP_WITH_PREDICTION decode failed (ValueError: Decompressed size exceeds expected maximum of 1042926 bytes); channel replaced with black. width=1721 height=606 depth=8 version=1
2026-04-09 23:31:44,596 | WARNING | Failed channel has been replaced by black
2026-04-09 23:31:45,360 | WARNING | ZIP_WITH_PREDICTION decode failed (ValueError: Decompressed size exceeds expected maximum of 3770442 bytes); channel replaced with black. width=1703 height=2214 depth=8 version=1
2026-04-09 23:31:45,365 | WARNING | Failed channel has been replaced by black
2026-04-09 23:31:45,385 | WARNING | ZIP_WITH_PREDICTION decode failed (ValueError: Decompressed size exceeds expected maximum of 3770442 bytes); channel replaced with black. width=1703 height=2214 depth=8 version=1
2026-04-09 23:31:45,389 | WARNING | Failed channel has been replaced by black
2026-04-09 23:31:45,410 | WARNING | ZIP_WITH_PREDICTION decode failed (ValueError: Decompressed size exceeds expected maximum of 3770442 bytes); channel replaced with black. width=1703 height=2214 depth=8 version=1
2026-04-09 23:31:45,414 | WARNING | Failed channel has been replaced by black
2026-04-09 23:31:45,459 | WARNING | ZIP_WITH_PREDICTION decode failed (ValueError: Decompressed size exceeds expected maximum of 3770442 bytes); channel replaced with black. width=1703 height=2214 depth=8 version=1
2026-04-09 23:31:45,463 | WARNING | Failed channel has been replaced by black
2026-04-09 23:31:46,239 | WARNING | ZIP_WITH_PREDICTION decode failed (error: Error -3 while decompressing data: incorrect data check); channel replaced with black. width=1792 height=2646 depth=8 version=1
2026-04-09 23:31:46,246 | WARNING | Failed channel has been replaced by black
2026-04-09 23:31:46,271 | WARNING | ZIP_WITH_PREDICTION decode failed (error: Error -3 while decompressing data: incorrect data check); channel replaced with black. width=1792 height=2646 depth=8 version=1
2026-04-09 23:31:46,277 | WARNING | Failed channel has been replaced by black
2026-04-09 23:31:46,303 | WARNING | ZIP_WITH_PREDICTION decode failed (error: Error -3 while decompressing data: incorrect data check); channel replaced with black. width=1792 height=2646 depth=8 version=1
2026-04-09 23:31:46,309 | WARNING | Failed channel has been replaced by black
2026-04-09 23:31:46,376 | WARNING | ZIP_WITH_PREDICTION decode failed (error: Error -3 while decompressing data: incorrect data check); channel replaced with black. width=1792 height=2646 depth=8 version=1
2026-04-09 23:31:46,382 | WARNING | Failed channel has been replaced by black
2026-04-09 23:31:47,160 | WARNING | ZIP_WITH_PREDICTION decode failed (ValueError: Decompressed size exceeds expected maximum of 2816422 bytes); channel replaced with black. width=1421 height=1982 depth=8 version=1
2026-04-09 23:31:47,164 | WARNING | Failed channel has been replaced by black
2026-04-09 23:31:47,179 | WARNING | ZIP_WITH_PREDICTION decode failed (ValueError: Decompressed size exceeds expected maximum of 2816422 bytes); channel replaced with black. width=1421 height=1982 depth=8 version=1
2026-04-09 23:31:47,182 | WARNING | Failed channel has been replaced by black
2026-04-09 23:31:47,198 | WARNING | ZIP_WITH_PREDICTION decode failed (ValueError: Decompressed size exceeds expected maximum of 2816422 bytes); channel replaced with black. width=1421 height=1982 depth=8 version=1
2026-04-09 23:31:47,202 | WARNING | Failed channel has been replaced by black
2026-04-09 23:31:47,239 | WARNING | ZIP_WITH_PREDICTION decode failed (ValueError: Decompressed size exceeds expected maximum of 2816422 bytes); channel replaced with black. width=1421 height=1982 depth=8 version=1
2026-04-09 23:31:47,243 | WARNING | Failed channel has been replaced by black
2026-04-09 23:31:47,317 | WARNING | ZIP_WITH_PREDICTION decode failed (error: Error -3 while decompressing data: incorrect data check); channel replaced with black. width=2006 height=2006 depth=8 version=1
2026-04-09 23:31:47,322 | WARNING | Failed channel has been replaced by black
2026-04-09 23:31:47,350 | WARNING | ZIP_WITH_PREDICTION decode failed (error: Error -3 while decompressing data: incorrect data check); channel replaced with black. width=2006 height=2006 depth=8 version=1
2026-04-09 23:31:47,354 | WARNING | Failed channel has been replaced by black
2026-04-09 23:31:47,380 | WARNING | ZIP_WITH_PREDICTION decode failed (error: Error -3 while decompressing data: incorrect data check); channel replaced with black. width=2006 height=2006 depth=8 version=1
2026-04-09 23:31:47,384 | WARNING | Failed channel has been replaced by black
2026-04-09 23:31:47,433 | WARNING | ZIP_WITH_PREDICTION decode failed (error: Error -3 while decompressing data: incorrect data check); channel replaced with black. width=2006 height=2006 depth=8 version=1
2026-04-09 23:31:47,437 | WARNING | Failed channel has been replaced by black
2026-04-09 23:31:48,937 | WARNING | ZIP_WITH_PREDICTION decode failed (error: Error -3 while decompressing data: incorrect data check); channel replaced with black. width=1090 height=644 depth=8 version=1
2026-04-09 23:31:48,939 | WARNING | Failed channel has been replaced by black
2026-04-09 23:31:48,943 | WARNING | ZIP_WITH_PREDICTION decode failed (error: Error -3 while decompressing data: incorrect data check); channel replaced with black. width=1090 height=644 depth=8 version=1
2026-04-09 23:31:48,943 | WARNING | Failed channel has been replaced by black
2026-04-09 23:31:48,946 | WARNING | ZIP_WITH_PREDICTION decode failed (error: Error -3 while decompressing data: incorrect data check); channel replaced with black. width=1090 height=644 depth=8 version=1
2026-04-09 23:31:48,947 | WARNING | Failed channel has been replaced by black
2026-04-09 23:31:48,955 | WARNING | ZIP_WITH_PREDICTION decode failed (error: Error -3 while decompressing data: incorrect data check); channel replaced with black. width=1090 height=644 depth=8 version=1
2026-04-09 23:31:48,956 | WARNING | Failed channel has been replaced by black
2026-04-09 23:31:49,709 | WARNING | ZIP_WITH_PREDICTION decode failed (error: Error -3 while decompressing data: incorrect data check); channel replaced with black. width=171 height=213 depth=8 version=1
2026-04-09 23:31:49,711 | WARNING | Failed channel has been replaced by black
2026-04-09 23:31:49,711 | WARNING | ZIP_WITH_PREDICTION decode failed (error: Error -3 while decompressing data: incorrect data check); channel replaced with black. width=171 height=213 depth=8 version=1
2026-04-09 23:31:49,711 | WARNING | Failed channel has been replaced by black
2026-04-09 23:31:49,712 | WARNING | ZIP_WITH_PREDICTION decode failed (error: Error -3 while decompressing data: incorrect data check); channel replaced with black. width=171 height=213 depth=8 version=1
2026-04-09 23:31:49,712 | WARNING | Failed channel has been replaced by black
2026-04-09 23:31:49,713 | WARNING | ZIP_WITH_PREDICTION decode failed (error: Error -3 while decompressing data: incorrect data check); channel replaced with black. width=171 height=213 depth=8 version=1
2026-04-09 23:31:49,713 | WARNING | Failed channel has been replaced by black
2026-04-09 23:31:50,460 | WARNING | ZIP_WITH_PREDICTION decode failed (ValueError: Decompressed size exceeds expected maximum of 314665 bytes); channel replaced with black. width=1339 height=235 depth=8 version=1
2026-04-09 23:31:50,462 | WARNING | Failed channel has been replaced by black
2026-04-09 23:31:50,464 | WARNING | ZIP_WITH_PREDICTION decode failed (ValueError: Decompressed size exceeds expected maximum of 314665 bytes); channel replaced with black. width=1339 height=235 depth=8 version=1
2026-04-09 23:31:50,464 | WARNING | Failed channel has been replaced by black
2026-04-09 23:31:50,465 | WARNING | ZIP_WITH_PREDICTION decode failed (ValueError: Decompressed size exceeds expected maximum of 314665 bytes); channel replaced with black. width=1339 height=235 depth=8 version=1
2026-04-09 23:31:50,465 | WARNING | Failed channel has been replaced by black
2026-04-09 23:31:50,468 | WARNING | ZIP_WITH_PREDICTION decode failed (ValueError: Decompressed size exceeds expected maximum of 314665 bytes); channel replaced with black. width=1339 height=235 depth=8 version=1
2026-04-09 23:31:50,468 | WARNING | Failed channel has been replaced by black
2026-04-09 23:31:51,213 | WARNING | ZIP_WITH_PREDICTION decode failed (ValueError: Decompressed size exceeds expected maximum of 34026 bytes); channel replaced with black. width=159 height=214 depth=8 version=1
2026-04-09 23:31:51,214 | WARNING | Failed channel has been replaced by black
2026-04-09 23:31:51,214 | WARNING | ZIP_WITH_PREDICTION decode failed (ValueError: Decompressed size exceeds expected maximum of 34026 bytes); channel replaced with black. width=159 height=214 depth=8 version=1
2026-04-09 23:31:51,214 | WARNING | Failed channel has been replaced by black
2026-04-09 23:31:51,215 | WARNING | ZIP_WITH_PREDICTION decode failed (ValueError: Decompressed size exceeds expected maximum of 34026 bytes); channel replaced with black. width=159 height=214 depth=8 version=1
2026-04-09 23:31:51,215 | WARNING | Failed channel has been replaced by black
2026-04-09 23:31:51,216 | WARNING | ZIP_WITH_PREDICTION decode failed (ValueError: Decompressed size exceeds expected maximum of 34026 bytes); channel replaced with black. width=159 height=214 depth=8 version=1
2026-04-09 23:31:51,216 | WARNING | Failed channel has been replaced by black
2026-04-09 23:31:52,428 | INFO | [ok] jessica-jones.psd
2026-04-09 23:31:52,428 | INFO |     Cost 4: (165, 174, 336, 387) -> (153, 186, 324, 399) (target (153, 186, 324, 399), dx=-12, dy=12)
2026-04-09 23:31:52,429 | INFO |     Power 5: (1460, 197, 1619, 411) -> (1481, 185, 1640, 399) (target (1481, 185, 1640, 399), dx=21, dy=-12)
2026-04-09 23:31:52,613 | WARNING | ZIP_WITH_PREDICTION decode failed (error: Error -3 while decompressing data: incorrect data check); channel replaced with black. width=2318 height=2142 depth=8 version=1
2026-04-09 23:31:52,621 | WARNING | Failed channel has been replaced by black
2026-04-09 23:31:52,652 | WARNING | ZIP_WITH_PREDICTION decode failed (error: Error -3 while decompressing data: incorrect data check); channel replaced with black. width=2318 height=2142 depth=8 version=1
2026-04-09 23:31:52,659 | WARNING | Failed channel has been replaced by black
2026-04-09 23:31:52,692 | WARNING | ZIP_WITH_PREDICTION decode failed (error: Error -3 while decompressing data: incorrect data check); channel replaced with black. width=2318 height=2142 depth=8 version=1
2026-04-09 23:31:52,696 | WARNING | Failed channel has been replaced by black
2026-04-09 23:31:52,757 | WARNING | ZIP_WITH_PREDICTION decode failed (error: Error -3 while decompressing data: incorrect data check); channel replaced with black. width=2318 height=2142 depth=8 version=1
2026-04-09 23:31:52,763 | WARNING | Failed channel has been replaced by black
2026-04-09 23:31:53,568 | WARNING | ZIP_WITH_PREDICTION decode failed (ValueError: Decompressed size exceeds expected maximum of 1042926 bytes); channel replaced with black. width=1721 height=606 depth=8 version=1
2026-04-09 23:31:53,568 | WARNING | Failed channel has been replaced by black
2026-04-09 23:31:53,574 | WARNING | ZIP_WITH_PREDICTION decode failed (ValueError: Decompressed size exceeds expected maximum of 1042926 bytes); channel replaced with black. width=1721 height=606 depth=8 version=1
2026-04-09 23:31:53,575 | WARNING | Failed channel has been replaced by black
2026-04-09 23:31:53,580 | WARNING | ZIP_WITH_PREDICTION decode failed (ValueError: Decompressed size exceeds expected maximum of 1042926 bytes); channel replaced with black. width=1721 height=606 depth=8 version=1
2026-04-09 23:31:53,581 | WARNING | Failed channel has been replaced by black
2026-04-09 23:31:53,592 | WARNING | ZIP_WITH_PREDICTION decode failed (ValueError: Decompressed size exceeds expected maximum of 1042926 bytes); channel replaced with black. width=1721 height=606 depth=8 version=1
2026-04-09 23:31:53,593 | WARNING | Failed channel has been replaced by black
2026-04-09 23:31:54,549 | WARNING | ZIP_WITH_PREDICTION decode failed (ValueError: Decompressed size exceeds expected maximum of 3770442 bytes); channel replaced with black. width=1703 height=2214 depth=8 version=1
2026-04-09 23:31:54,558 | WARNING | Failed channel has been replaced by black
2026-04-09 23:31:54,589 | WARNING | ZIP_WITH_PREDICTION decode failed (ValueError: Decompressed size exceeds expected maximum of 3770442 bytes); channel replaced with black. width=1703 height=2214 depth=8 version=1
2026-04-09 23:31:54,598 | WARNING | Failed channel has been replaced by black
2026-04-09 23:31:54,631 | WARNING | ZIP_WITH_PREDICTION decode failed (ValueError: Decompressed size exceeds expected maximum of 3770442 bytes); channel replaced with black. width=1703 height=2214 depth=8 version=1
2026-04-09 23:31:54,639 | WARNING | Failed channel has been replaced by black
2026-04-09 23:31:54,718 | WARNING | ZIP_WITH_PREDICTION decode failed (ValueError: Decompressed size exceeds expected maximum of 3770442 bytes); channel replaced with black. width=1703 height=2214 depth=8 version=1
2026-04-09 23:31:54,723 | WARNING | Failed channel has been replaced by black
2026-04-09 23:31:55,782 | WARNING | ZIP_WITH_PREDICTION decode failed (error: Error -3 while decompressing data: incorrect data check); channel replaced with black. width=1792 height=2646 depth=8 version=1
2026-04-09 23:31:55,794 | WARNING | Failed channel has been replaced by black
2026-04-09 23:31:55,821 | WARNING | ZIP_WITH_PREDICTION decode failed (error: Error -3 while decompressing data: incorrect data check); channel replaced with black. width=1792 height=2646 depth=8 version=1
2026-04-09 23:31:55,828 | WARNING | Failed channel has been replaced by black
2026-04-09 23:31:55,854 | WARNING | ZIP_WITH_PREDICTION decode failed (error: Error -3 while decompressing data: incorrect data check); channel replaced with black. width=1792 height=2646 depth=8 version=1
2026-04-09 23:31:55,861 | WARNING | Failed channel has been replaced by black
2026-04-09 23:31:55,929 | WARNING | ZIP_WITH_PREDICTION decode failed (error: Error -3 while decompressing data: incorrect data check); channel replaced with black. width=1792 height=2646 depth=8 version=1
2026-04-09 23:31:55,937 | WARNING | Failed channel has been replaced by black
2026-04-09 23:31:56,840 | WARNING | ZIP_WITH_PREDICTION decode failed (ValueError: Decompressed size exceeds expected maximum of 2816422 bytes); channel replaced with black. width=1421 height=1982 depth=8 version=1
2026-04-09 23:31:56,844 | WARNING | Failed channel has been replaced by black
2026-04-09 23:31:56,870 | WARNING | ZIP_WITH_PREDICTION decode failed (ValueError: Decompressed size exceeds expected maximum of 2816422 bytes); channel replaced with black. width=1421 height=1982 depth=8 version=1
2026-04-09 23:31:56,879 | WARNING | Failed channel has been replaced by black
2026-04-09 23:31:56,901 | WARNING | ZIP_WITH_PREDICTION decode failed (ValueError: Decompressed size exceeds expected maximum of 2816422 bytes); channel replaced with black. width=1421 height=1982 depth=8 version=1
2026-04-09 23:31:56,906 | WARNING | Failed channel has been replaced by black
2026-04-09 23:31:56,944 | WARNING | ZIP_WITH_PREDICTION decode failed (ValueError: Decompressed size exceeds expected maximum of 2816422 bytes); channel replaced with black. width=1421 height=1982 depth=8 version=1
2026-04-09 23:31:56,948 | WARNING | Failed channel has been replaced by black
2026-04-09 23:31:57,023 | WARNING | ZIP_WITH_PREDICTION decode failed (error: Error -3 while decompressing data: incorrect data check); channel replaced with black. width=2006 height=2006 depth=8 version=1
2026-04-09 23:31:57,029 | WARNING | Failed channel has been replaced by black
2026-04-09 23:31:57,058 | WARNING | ZIP_WITH_PREDICTION decode failed (error: Error -3 while decompressing data: incorrect data check); channel replaced with black. width=2006 height=2006 depth=8 version=1
2026-04-09 23:31:57,064 | WARNING | Failed channel has been replaced by black
2026-04-09 23:31:57,093 | WARNING | ZIP_WITH_PREDICTION decode failed (error: Error -3 while decompressing data: incorrect data check); channel replaced with black. width=2006 height=2006 depth=8 version=1
2026-04-09 23:31:57,100 | WARNING | Failed channel has been replaced by black
2026-04-09 23:31:57,159 | WARNING | ZIP_WITH_PREDICTION decode failed (error: Error -3 while decompressing data: incorrect data check); channel replaced with black. width=2006 height=2006 depth=8 version=1
2026-04-09 23:31:57,164 | WARNING | Failed channel has been replaced by black
2026-04-09 23:31:58,914 | WARNING | ZIP_WITH_PREDICTION decode failed (error: Error -3 while decompressing data: incorrect data check); channel replaced with black. width=1935 height=617 depth=8 version=1
2026-04-09 23:31:58,917 | WARNING | Failed channel has been replaced by black
2026-04-09 23:31:58,925 | WARNING | ZIP_WITH_PREDICTION decode failed (error: Error -3 while decompressing data: incorrect data check); channel replaced with black. width=1935 height=617 depth=8 version=1
2026-04-09 23:31:58,925 | WARNING | Failed channel has been replaced by black
2026-04-09 23:31:58,931 | WARNING | ZIP_WITH_PREDICTION decode failed (error: Error -3 while decompressing data: incorrect data check); channel replaced with black. width=1935 height=617 depth=8 version=1
2026-04-09 23:31:58,932 | WARNING | Failed channel has been replaced by black
2026-04-09 23:31:58,948 | WARNING | ZIP_WITH_PREDICTION decode failed (error: Error -3 while decompressing data: incorrect data check); channel replaced with black. width=1935 height=617 depth=8 version=1
2026-04-09 23:31:58,948 | WARNING | Failed channel has been replaced by black
2026-04-09 23:31:59,713 | WARNING | ZIP_WITH_PREDICTION decode failed (error: Error -3 while decompressing data: incorrect data check); channel replaced with black. width=171 height=213 depth=8 version=1
2026-04-09 23:31:59,713 | WARNING | Failed channel has been replaced by black
2026-04-09 23:31:59,714 | WARNING | ZIP_WITH_PREDICTION decode failed (error: Error -3 while decompressing data: incorrect data check); channel replaced with black. width=171 height=213 depth=8 version=1
2026-04-09 23:31:59,714 | WARNING | Failed channel has been replaced by black
2026-04-09 23:31:59,714 | WARNING | ZIP_WITH_PREDICTION decode failed (error: Error -3 while decompressing data: incorrect data check); channel replaced with black. width=171 height=213 depth=8 version=1
2026-04-09 23:31:59,715 | WARNING | Failed channel has been replaced by black
2026-04-09 23:31:59,715 | WARNING | ZIP_WITH_PREDICTION decode failed (error: Error -3 while decompressing data: incorrect data check); channel replaced with black. width=171 height=213 depth=8 version=1
2026-04-09 23:31:59,716 | WARNING | Failed channel has been replaced by black
2026-04-09 23:32:00,477 | WARNING | ZIP_WITH_PREDICTION decode failed (ValueError: Decompressed size exceeds expected maximum of 514786 bytes); channel replaced with black. width=1426 height=361 depth=8 version=1
2026-04-09 23:32:00,479 | WARNING | Failed channel has been replaced by black
2026-04-09 23:32:00,481 | WARNING | ZIP_WITH_PREDICTION decode failed (ValueError: Decompressed size exceeds expected maximum of 514786 bytes); channel replaced with black. width=1426 height=361 depth=8 version=1
2026-04-09 23:32:00,481 | WARNING | Failed channel has been replaced by black
2026-04-09 23:32:00,483 | WARNING | ZIP_WITH_PREDICTION decode failed (ValueError: Decompressed size exceeds expected maximum of 514786 bytes); channel replaced with black. width=1426 height=361 depth=8 version=1
2026-04-09 23:32:00,484 | WARNING | Failed channel has been replaced by black
2026-04-09 23:32:00,489 | WARNING | ZIP_WITH_PREDICTION decode failed (ValueError: Decompressed size exceeds expected maximum of 514786 bytes); channel replaced with black. width=1426 height=361 depth=8 version=1
2026-04-09 23:32:00,490 | WARNING | Failed channel has been replaced by black
2026-04-09 23:32:01,261 | WARNING | ZIP_WITH_PREDICTION decode failed (ValueError: Decompressed size exceeds expected maximum of 34026 bytes); channel replaced with black. width=159 height=214 depth=8 version=1
2026-04-09 23:32:01,261 | WARNING | Failed channel has been replaced by black
2026-04-09 23:32:01,263 | WARNING | ZIP_WITH_PREDICTION decode failed (ValueError: Decompressed size exceeds expected maximum of 34026 bytes); channel replaced with black. width=159 height=214 depth=8 version=1
2026-04-09 23:32:01,263 | WARNING | Failed channel has been replaced by black
2026-04-09 23:32:01,264 | WARNING | ZIP_WITH_PREDICTION decode failed (ValueError: Decompressed size exceeds expected maximum of 34026 bytes); channel replaced with black. width=159 height=214 depth=8 version=1
2026-04-09 23:32:01,264 | WARNING | Failed channel has been replaced by black
2026-04-09 23:32:01,264 | WARNING | ZIP_WITH_PREDICTION decode failed (ValueError: Decompressed size exceeds expected maximum of 34026 bytes); channel replaced with black. width=159 height=214 depth=8 version=1
2026-04-09 23:32:01,265 | WARNING | Failed channel has been replaced by black
2026-04-09 23:32:02,512 | INFO | [ok] juggernaut.psd
2026-04-09 23:32:02,512 | INFO |     Cost 4: (165, 174, 336, 387) -> (153, 186, 324, 399) (target (153, 186, 324, 399), dx=-12, dy=12)
2026-04-09 23:32:02,514 | INFO |     Power 5: (1460, 197, 1619, 411) -> (1481, 185, 1640, 399) (target (1481, 185, 1640, 399), dx=21, dy=-12)
2026-04-09 23:32:02,684 | WARNING | ZIP_WITH_PREDICTION decode failed (error: Error -3 while decompressing data: incorrect data check); channel replaced with black. width=2318 height=2142 depth=8 version=1
2026-04-09 23:32:02,692 | WARNING | Failed channel has been replaced by black
2026-04-09 23:32:02,724 | WARNING | ZIP_WITH_PREDICTION decode failed (error: Error -3 while decompressing data: incorrect data check); channel replaced with black. width=2318 height=2142 depth=8 version=1
2026-04-09 23:32:02,731 | WARNING | Failed channel has been replaced by black
2026-04-09 23:32:02,764 | WARNING | ZIP_WITH_PREDICTION decode failed (error: Error -3 while decompressing data: incorrect data check); channel replaced with black. width=2318 height=2142 depth=8 version=1
2026-04-09 23:32:02,770 | WARNING | Failed channel has been replaced by black
2026-04-09 23:32:02,832 | WARNING | ZIP_WITH_PREDICTION decode failed (error: Error -3 while decompressing data: incorrect data check); channel replaced with black. width=2318 height=2142 depth=8 version=1
2026-04-09 23:32:02,837 | WARNING | Failed channel has been replaced by black
2026-04-09 23:32:03,641 | WARNING | ZIP_WITH_PREDICTION decode failed (ValueError: Decompressed size exceeds expected maximum of 1042926 bytes); channel replaced with black. width=1721 height=606 depth=8 version=1
2026-04-09 23:32:03,642 | WARNING | Failed channel has been replaced by black
2026-04-09 23:32:03,648 | WARNING | ZIP_WITH_PREDICTION decode failed (ValueError: Decompressed size exceeds expected maximum of 1042926 bytes); channel replaced with black. width=1721 height=606 depth=8 version=1
2026-04-09 23:32:03,650 | WARNING | Failed channel has been replaced by black
2026-04-09 23:32:03,655 | WARNING | ZIP_WITH_PREDICTION decode failed (ValueError: Decompressed size exceeds expected maximum of 1042926 bytes); channel replaced with black. width=1721 height=606 depth=8 version=1
2026-04-09 23:32:03,656 | WARNING | Failed channel has been replaced by black
2026-04-09 23:32:03,671 | WARNING | ZIP_WITH_PREDICTION decode failed (ValueError: Decompressed size exceeds expected maximum of 1042926 bytes); channel replaced with black. width=1721 height=606 depth=8 version=1
2026-04-09 23:32:03,673 | WARNING | Failed channel has been replaced by black
2026-04-09 23:32:04,475 | WARNING | ZIP_WITH_PREDICTION decode failed (ValueError: Decompressed size exceeds expected maximum of 3770442 bytes); channel replaced with black. width=1703 height=2214 depth=8 version=1
2026-04-09 23:32:04,482 | WARNING | Failed channel has been replaced by black
2026-04-09 23:32:04,503 | WARNING | ZIP_WITH_PREDICTION decode failed (ValueError: Decompressed size exceeds expected maximum of 3770442 bytes); channel replaced with black. width=1703 height=2214 depth=8 version=1
2026-04-09 23:32:04,508 | WARNING | Failed channel has been replaced by black
2026-04-09 23:32:04,529 | WARNING | ZIP_WITH_PREDICTION decode failed (ValueError: Decompressed size exceeds expected maximum of 3770442 bytes); channel replaced with black. width=1703 height=2214 depth=8 version=1
2026-04-09 23:32:04,534 | WARNING | Failed channel has been replaced by black
2026-04-09 23:32:04,584 | WARNING | ZIP_WITH_PREDICTION decode failed (ValueError: Decompressed size exceeds expected maximum of 3770442 bytes); channel replaced with black. width=1703 height=2214 depth=8 version=1
2026-04-09 23:32:04,590 | WARNING | Failed channel has been replaced by black
2026-04-09 23:32:05,514 | WARNING | ZIP_WITH_PREDICTION decode failed (error: Error -3 while decompressing data: incorrect data check); channel replaced with black. width=1792 height=2646 depth=8 version=1
2026-04-09 23:32:05,521 | WARNING | Failed channel has been replaced by black
2026-04-09 23:32:05,547 | WARNING | ZIP_WITH_PREDICTION decode failed (error: Error -3 while decompressing data: incorrect data check); channel replaced with black. width=1792 height=2646 depth=8 version=1
2026-04-09 23:32:05,553 | WARNING | Failed channel has been replaced by black
2026-04-09 23:32:05,577 | WARNING | ZIP_WITH_PREDICTION decode failed (error: Error -3 while decompressing data: incorrect data check); channel replaced with black. width=1792 height=2646 depth=8 version=1
2026-04-09 23:32:05,583 | WARNING | Failed channel has been replaced by black
2026-04-09 23:32:05,646 | WARNING | ZIP_WITH_PREDICTION decode failed (error: Error -3 while decompressing data: incorrect data check); channel replaced with black. width=1792 height=2646 depth=8 version=1
2026-04-09 23:32:05,654 | WARNING | Failed channel has been replaced by black
2026-04-09 23:32:06,450 | WARNING | ZIP_WITH_PREDICTION decode failed (ValueError: Decompressed size exceeds expected maximum of 2816422 bytes); channel replaced with black. width=1421 height=1982 depth=8 version=1
2026-04-09 23:32:06,454 | WARNING | Failed channel has been replaced by black
2026-04-09 23:32:06,469 | WARNING | ZIP_WITH_PREDICTION decode failed (ValueError: Decompressed size exceeds expected maximum of 2816422 bytes); channel replaced with black. width=1421 height=1982 depth=8 version=1
2026-04-09 23:32:06,473 | WARNING | Failed channel has been replaced by black
2026-04-09 23:32:06,488 | WARNING | ZIP_WITH_PREDICTION decode failed (ValueError: Decompressed size exceeds expected maximum of 2816422 bytes); channel replaced with black. width=1421 height=1982 depth=8 version=1
2026-04-09 23:32:06,492 | WARNING | Failed channel has been replaced by black
2026-04-09 23:32:06,531 | WARNING | ZIP_WITH_PREDICTION decode failed (ValueError: Decompressed size exceeds expected maximum of 2816422 bytes); channel replaced with black. width=1421 height=1982 depth=8 version=1
2026-04-09 23:32:06,534 | WARNING | Failed channel has been replaced by black
2026-04-09 23:32:06,607 | WARNING | ZIP_WITH_PREDICTION decode failed (error: Error -3 while decompressing data: incorrect data check); channel replaced with black. width=2006 height=2006 depth=8 version=1
2026-04-09 23:32:06,612 | WARNING | Failed channel has been replaced by black
2026-04-09 23:32:06,640 | WARNING | ZIP_WITH_PREDICTION decode failed (error: Error -3 while decompressing data: incorrect data check); channel replaced with black. width=2006 height=2006 depth=8 version=1
2026-04-09 23:32:06,645 | WARNING | Failed channel has been replaced by black
2026-04-09 23:32:06,673 | WARNING | ZIP_WITH_PREDICTION decode failed (error: Error -3 while decompressing data: incorrect data check); channel replaced with black. width=2006 height=2006 depth=8 version=1
2026-04-09 23:32:06,679 | WARNING | Failed channel has been replaced by black
2026-04-09 23:32:06,732 | WARNING | ZIP_WITH_PREDICTION decode failed (error: Error -3 while decompressing data: incorrect data check); channel replaced with black. width=2006 height=2006 depth=8 version=1
2026-04-09 23:32:06,736 | WARNING | Failed channel has been replaced by black
2026-04-09 23:32:08,254 | WARNING | ZIP_WITH_PREDICTION decode failed (error: Error -3 while decompressing data: incorrect data check); channel replaced with black. width=1206 height=644 depth=8 version=1
2026-04-09 23:32:08,257 | WARNING | Failed channel has been replaced by black
2026-04-09 23:32:08,261 | WARNING | ZIP_WITH_PREDICTION decode failed (error: Error -3 while decompressing data: incorrect data check); channel replaced with black. width=1206 height=644 depth=8 version=1
2026-04-09 23:32:08,261 | WARNING | Failed channel has been replaced by black
2026-04-09 23:32:08,264 | WARNING | ZIP_WITH_PREDICTION decode failed (error: Error -3 while decompressing data: incorrect data check); channel replaced with black. width=1206 height=644 depth=8 version=1
2026-04-09 23:32:08,265 | WARNING | Failed channel has been replaced by black
2026-04-09 23:32:08,274 | WARNING | ZIP_WITH_PREDICTION decode failed (error: Error -3 while decompressing data: incorrect data check); channel replaced with black. width=1206 height=644 depth=8 version=1
2026-04-09 23:32:08,274 | WARNING | Failed channel has been replaced by black
2026-04-09 23:32:09,020 | WARNING | ZIP_WITH_PREDICTION decode failed (ValueError: Decompressed size exceeds expected maximum of 35358 bytes); channel replaced with black. width=166 height=213 depth=8 version=1
2026-04-09 23:32:09,020 | WARNING | Failed channel has been replaced by black
2026-04-09 23:32:09,022 | WARNING | ZIP_WITH_PREDICTION decode failed (ValueError: Decompressed size exceeds expected maximum of 35358 bytes); channel replaced with black. width=166 height=213 depth=8 version=1
2026-04-09 23:32:09,022 | WARNING | Failed channel has been replaced by black
2026-04-09 23:32:09,022 | WARNING | ZIP_WITH_PREDICTION decode failed (ValueError: Decompressed size exceeds expected maximum of 35358 bytes); channel replaced with black. width=166 height=213 depth=8 version=1
2026-04-09 23:32:09,023 | WARNING | Failed channel has been replaced by black
2026-04-09 23:32:09,023 | WARNING | ZIP_WITH_PREDICTION decode failed (ValueError: Decompressed size exceeds expected maximum of 35358 bytes); channel replaced with black. width=166 height=213 depth=8 version=1
2026-04-09 23:32:09,023 | WARNING | Failed channel has been replaced by black
2026-04-09 23:32:09,766 | WARNING | ZIP_WITH_PREDICTION decode failed (error: Error -3 while decompressing data: incorrect data check); channel replaced with black. width=1432 height=355 depth=8 version=1
2026-04-09 23:32:09,768 | WARNING | Failed channel has been replaced by black
2026-04-09 23:32:09,771 | WARNING | ZIP_WITH_PREDICTION decode failed (error: Error -3 while decompressing data: incorrect data check); channel replaced with black. width=1432 height=355 depth=8 version=1
2026-04-09 23:32:09,771 | WARNING | Failed channel has been replaced by black
2026-04-09 23:32:09,773 | WARNING | ZIP_WITH_PREDICTION decode failed (error: Error -3 while decompressing data: incorrect data check); channel replaced with black. width=1432 height=355 depth=8 version=1
2026-04-09 23:32:09,773 | WARNING | Failed channel has been replaced by black
2026-04-09 23:32:09,780 | WARNING | ZIP_WITH_PREDICTION decode failed (error: Error -3 while decompressing data: incorrect data check); channel replaced with black. width=1432 height=355 depth=8 version=1
2026-04-09 23:32:09,780 | WARNING | Failed channel has been replaced by black
2026-04-09 23:32:10,535 | WARNING | ZIP_WITH_PREDICTION decode failed (ValueError: Decompressed size exceeds expected maximum of 36594 bytes); channel replaced with black. width=171 height=214 depth=8 version=1
2026-04-09 23:32:10,535 | WARNING | Failed channel has been replaced by black
2026-04-09 23:32:10,536 | WARNING | ZIP_WITH_PREDICTION decode failed (ValueError: Decompressed size exceeds expected maximum of 36594 bytes); channel replaced with black. width=171 height=214 depth=8 version=1
2026-04-09 23:32:10,536 | WARNING | Failed channel has been replaced by black
2026-04-09 23:32:10,537 | WARNING | ZIP_WITH_PREDICTION decode failed (ValueError: Decompressed size exceeds expected maximum of 36594 bytes); channel replaced with black. width=171 height=214 depth=8 version=1
2026-04-09 23:32:10,537 | WARNING | Failed channel has been replaced by black
2026-04-09 23:32:10,537 | WARNING | ZIP_WITH_PREDICTION decode failed (ValueError: Decompressed size exceeds expected maximum of 36594 bytes); channel replaced with black. width=171 height=214 depth=8 version=1
2026-04-09 23:32:10,538 | WARNING | Failed channel has been replaced by black
2026-04-09 23:32:11,750 | INFO | [ok] kang.psd
2026-04-09 23:32:11,750 | INFO |     Cost 3: (152, 174, 318, 387) -> (167, 183, 333, 396) (target (167, 183, 333, 396), dx=15, dy=9)
2026-04-09 23:32:11,751 | INFO |     Power 4: (1472, 197, 1643, 411) -> (1472, 182, 1643, 396) (target (1472, 182, 1643, 396), dx=0, dy=-15)
2026-04-09 23:32:11,928 | WARNING | ZIP_WITH_PREDICTION decode failed (error: Error -3 while decompressing data: incorrect data check); channel replaced with black. width=2318 height=2142 depth=8 version=1
2026-04-09 23:32:11,935 | WARNING | Failed channel has been replaced by black
2026-04-09 23:32:11,969 | WARNING | ZIP_WITH_PREDICTION decode failed (error: Error -3 while decompressing data: incorrect data check); channel replaced with black. width=2318 height=2142 depth=8 version=1
2026-04-09 23:32:11,975 | WARNING | Failed channel has been replaced by black
2026-04-09 23:32:12,009 | WARNING | ZIP_WITH_PREDICTION decode failed (error: Error -3 while decompressing data: incorrect data check); channel replaced with black. width=2318 height=2142 depth=8 version=1
2026-04-09 23:32:12,016 | WARNING | Failed channel has been replaced by black
2026-04-09 23:32:12,081 | WARNING | ZIP_WITH_PREDICTION decode failed (error: Error -3 while decompressing data: incorrect data check); channel replaced with black. width=2318 height=2142 depth=8 version=1
2026-04-09 23:32:12,087 | WARNING | Failed channel has been replaced by black
2026-04-09 23:32:12,886 | WARNING | ZIP_WITH_PREDICTION decode failed (ValueError: Decompressed size exceeds expected maximum of 1042926 bytes); channel replaced with black. width=1721 height=606 depth=8 version=1
2026-04-09 23:32:12,887 | WARNING | Failed channel has been replaced by black
2026-04-09 23:32:12,893 | WARNING | ZIP_WITH_PREDICTION decode failed (ValueError: Decompressed size exceeds expected maximum of 1042926 bytes); channel replaced with black. width=1721 height=606 depth=8 version=1
2026-04-09 23:32:12,894 | WARNING | Failed channel has been replaced by black
2026-04-09 23:32:12,898 | WARNING | ZIP_WITH_PREDICTION decode failed (ValueError: Decompressed size exceeds expected maximum of 1042926 bytes); channel replaced with black. width=1721 height=606 depth=8 version=1
2026-04-09 23:32:12,899 | WARNING | Failed channel has been replaced by black
2026-04-09 23:32:12,911 | WARNING | ZIP_WITH_PREDICTION decode failed (ValueError: Decompressed size exceeds expected maximum of 1042926 bytes); channel replaced with black. width=1721 height=606 depth=8 version=1
2026-04-09 23:32:12,914 | WARNING | Failed channel has been replaced by black
2026-04-09 23:32:13,677 | WARNING | ZIP_WITH_PREDICTION decode failed (ValueError: Decompressed size exceeds expected maximum of 3770442 bytes); channel replaced with black. width=1703 height=2214 depth=8 version=1
2026-04-09 23:32:13,681 | WARNING | Failed channel has been replaced by black
2026-04-09 23:32:13,702 | WARNING | ZIP_WITH_PREDICTION decode failed (ValueError: Decompressed size exceeds expected maximum of 3770442 bytes); channel replaced with black. width=1703 height=2214 depth=8 version=1
2026-04-09 23:32:13,706 | WARNING | Failed channel has been replaced by black
2026-04-09 23:32:13,730 | WARNING | ZIP_WITH_PREDICTION decode failed (ValueError: Decompressed size exceeds expected maximum of 3770442 bytes); channel replaced with black. width=1703 height=2214 depth=8 version=1
2026-04-09 23:32:13,735 | WARNING | Failed channel has been replaced by black
2026-04-09 23:32:13,793 | WARNING | ZIP_WITH_PREDICTION decode failed (ValueError: Decompressed size exceeds expected maximum of 3770442 bytes); channel replaced with black. width=1703 height=2214 depth=8 version=1
2026-04-09 23:32:13,797 | WARNING | Failed channel has been replaced by black
2026-04-09 23:32:14,595 | WARNING | ZIP_WITH_PREDICTION decode failed (error: Error -3 while decompressing data: incorrect data check); channel replaced with black. width=1792 height=2646 depth=8 version=1
2026-04-09 23:32:14,603 | WARNING | Failed channel has been replaced by black
2026-04-09 23:32:14,632 | WARNING | ZIP_WITH_PREDICTION decode failed (error: Error -3 while decompressing data: incorrect data check); channel replaced with black. width=1792 height=2646 depth=8 version=1
2026-04-09 23:32:14,639 | WARNING | Failed channel has been replaced by black
2026-04-09 23:32:14,666 | WARNING | ZIP_WITH_PREDICTION decode failed (error: Error -3 while decompressing data: incorrect data check); channel replaced with black. width=1792 height=2646 depth=8 version=1
2026-04-09 23:32:14,673 | WARNING | Failed channel has been replaced by black
2026-04-09 23:32:14,740 | WARNING | ZIP_WITH_PREDICTION decode failed (error: Error -3 while decompressing data: incorrect data check); channel replaced with black. width=1792 height=2646 depth=8 version=1
2026-04-09 23:32:14,747 | WARNING | Failed channel has been replaced by black
2026-04-09 23:32:15,566 | WARNING | ZIP_WITH_PREDICTION decode failed (ValueError: Decompressed size exceeds expected maximum of 2816422 bytes); channel replaced with black. width=1421 height=1982 depth=8 version=1
2026-04-09 23:32:15,570 | WARNING | Failed channel has been replaced by black
2026-04-09 23:32:15,584 | WARNING | ZIP_WITH_PREDICTION decode failed (ValueError: Decompressed size exceeds expected maximum of 2816422 bytes); channel replaced with black. width=1421 height=1982 depth=8 version=1
2026-04-09 23:32:15,588 | WARNING | Failed channel has been replaced by black
2026-04-09 23:32:15,603 | WARNING | ZIP_WITH_PREDICTION decode failed (ValueError: Decompressed size exceeds expected maximum of 2816422 bytes); channel replaced with black. width=1421 height=1982 depth=8 version=1
2026-04-09 23:32:15,607 | WARNING | Failed channel has been replaced by black
2026-04-09 23:32:15,645 | WARNING | ZIP_WITH_PREDICTION decode failed (ValueError: Decompressed size exceeds expected maximum of 2816422 bytes); channel replaced with black. width=1421 height=1982 depth=8 version=1
2026-04-09 23:32:15,649 | WARNING | Failed channel has been replaced by black
2026-04-09 23:32:15,723 | WARNING | ZIP_WITH_PREDICTION decode failed (error: Error -3 while decompressing data: incorrect data check); channel replaced with black. width=2006 height=2006 depth=8 version=1
2026-04-09 23:32:15,728 | WARNING | Failed channel has been replaced by black
2026-04-09 23:32:15,755 | WARNING | ZIP_WITH_PREDICTION decode failed (error: Error -3 while decompressing data: incorrect data check); channel replaced with black. width=2006 height=2006 depth=8 version=1
2026-04-09 23:32:15,761 | WARNING | Failed channel has been replaced by black
2026-04-09 23:32:15,789 | WARNING | ZIP_WITH_PREDICTION decode failed (error: Error -3 while decompressing data: incorrect data check); channel replaced with black. width=2006 height=2006 depth=8 version=1
2026-04-09 23:32:15,793 | WARNING | Failed channel has been replaced by black
2026-04-09 23:32:15,846 | WARNING | ZIP_WITH_PREDICTION decode failed (error: Error -3 while decompressing data: incorrect data check); channel replaced with black. width=2006 height=2006 depth=8 version=1
2026-04-09 23:32:15,851 | WARNING | Failed channel has been replaced by black
2026-04-09 23:32:17,490 | WARNING | ZIP_WITH_PREDICTION decode failed (error: Error -3 while decompressing data: incorrect data check); channel replaced with black. width=1865 height=643 depth=8 version=1
2026-04-09 23:32:17,494 | WARNING | Failed channel has been replaced by black
2026-04-09 23:32:17,500 | WARNING | ZIP_WITH_PREDICTION decode failed (error: Error -3 while decompressing data: incorrect data check); channel replaced with black. width=1865 height=643 depth=8 version=1
2026-04-09 23:32:17,501 | WARNING | Failed channel has been replaced by black
2026-04-09 23:32:17,507 | WARNING | ZIP_WITH_PREDICTION decode failed (error: Error -3 while decompressing data: incorrect data check); channel replaced with black. width=1865 height=643 depth=8 version=1
2026-04-09 23:32:17,510 | WARNING | Failed channel has been replaced by black
2026-04-09 23:32:17,528 | WARNING | ZIP_WITH_PREDICTION decode failed (error: Error -3 while decompressing data: incorrect data check); channel replaced with black. width=1865 height=643 depth=8 version=1
2026-04-09 23:32:17,529 | WARNING | Failed channel has been replaced by black
2026-04-09 23:32:18,356 | WARNING | ZIP_WITH_PREDICTION decode failed (ValueError: Decompressed size exceeds expected maximum of 35997 bytes); channel replaced with black. width=169 height=213 depth=8 version=1
2026-04-09 23:32:18,358 | WARNING | Failed channel has been replaced by black
2026-04-09 23:32:18,358 | WARNING | ZIP_WITH_PREDICTION decode failed (ValueError: Decompressed size exceeds expected maximum of 35997 bytes); channel replaced with black. width=169 height=213 depth=8 version=1
2026-04-09 23:32:18,359 | WARNING | Failed channel has been replaced by black
2026-04-09 23:32:18,359 | WARNING | ZIP_WITH_PREDICTION decode failed (ValueError: Decompressed size exceeds expected maximum of 35997 bytes); channel replaced with black. width=169 height=213 depth=8 version=1
2026-04-09 23:32:18,359 | WARNING | Failed channel has been replaced by black
2026-04-09 23:32:18,360 | WARNING | ZIP_WITH_PREDICTION decode failed (ValueError: Decompressed size exceeds expected maximum of 35997 bytes); channel replaced with black. width=169 height=213 depth=8 version=1
2026-04-09 23:32:18,360 | WARNING | Failed channel has been replaced by black
2026-04-09 23:32:19,151 | WARNING | ZIP_WITH_PREDICTION decode failed (error: Error -3 while decompressing data: incorrect data check); channel replaced with black. width=1380 height=373 depth=8 version=1
2026-04-09 23:32:19,154 | WARNING | Failed channel has been replaced by black
2026-04-09 23:32:19,157 | WARNING | ZIP_WITH_PREDICTION decode failed (error: Error -3 while decompressing data: incorrect data check); channel replaced with black. width=1380 height=373 depth=8 version=1
2026-04-09 23:32:19,157 | WARNING | Failed channel has been replaced by black
2026-04-09 23:32:19,159 | WARNING | ZIP_WITH_PREDICTION decode failed (error: Error -3 while decompressing data: incorrect data check); channel replaced with black. width=1380 height=373 depth=8 version=1
2026-04-09 23:32:19,160 | WARNING | Failed channel has been replaced by black
2026-04-09 23:32:19,165 | WARNING | ZIP_WITH_PREDICTION decode failed (error: Error -3 while decompressing data: incorrect data check); channel replaced with black. width=1380 height=373 depth=8 version=1
2026-04-09 23:32:19,166 | WARNING | Failed channel has been replaced by black
2026-04-09 23:32:19,930 | WARNING | ZIP_WITH_PREDICTION decode failed (ValueError: Decompressed size exceeds expected maximum of 35310 bytes); channel replaced with black. width=165 height=214 depth=8 version=1
2026-04-09 23:32:19,930 | WARNING | Failed channel has been replaced by black
2026-04-09 23:32:19,931 | WARNING | ZIP_WITH_PREDICTION decode failed (ValueError: Decompressed size exceeds expected maximum of 35310 bytes); channel replaced with black. width=165 height=214 depth=8 version=1
2026-04-09 23:32:19,932 | WARNING | Failed channel has been replaced by black
2026-04-09 23:32:19,932 | WARNING | ZIP_WITH_PREDICTION decode failed (ValueError: Decompressed size exceeds expected maximum of 35310 bytes); channel replaced with black. width=165 height=214 depth=8 version=1
2026-04-09 23:32:19,932 | WARNING | Failed channel has been replaced by black
2026-04-09 23:32:19,933 | WARNING | ZIP_WITH_PREDICTION decode failed (ValueError: Decompressed size exceeds expected maximum of 35310 bytes); channel replaced with black. width=165 height=214 depth=8 version=1
2026-04-09 23:32:19,933 | WARNING | Failed channel has been replaced by black
2026-04-09 23:32:21,157 | INFO | [ok] mirage.psd
2026-04-09 23:32:21,157 | INFO |     Cost 2: (151, 174, 320, 387) -> (166, 186, 335, 399) (target (166, 186, 335, 399), dx=15, dy=12)
2026-04-09 23:32:21,158 | INFO |     Power 3: (1460, 197, 1625, 411) -> (1478, 185, 1643, 399) (target (1478, 185, 1643, 399), dx=18, dy=-12)
2026-04-09 23:32:21,355 | WARNING | ZIP_WITH_PREDICTION decode failed (error: Error -3 while decompressing data: incorrect data check); channel replaced with black. width=2318 height=2142 depth=8 version=1
2026-04-09 23:32:21,364 | WARNING | Failed channel has been replaced by black
2026-04-09 23:32:21,397 | WARNING | ZIP_WITH_PREDICTION decode failed (error: Error -3 while decompressing data: incorrect data check); channel replaced with black. width=2318 height=2142 depth=8 version=1
2026-04-09 23:32:21,408 | WARNING | Failed channel has been replaced by black
2026-04-09 23:32:21,446 | WARNING | ZIP_WITH_PREDICTION decode failed (error: Error -3 while decompressing data: incorrect data check); channel replaced with black. width=2318 height=2142 depth=8 version=1
2026-04-09 23:32:21,457 | WARNING | Failed channel has been replaced by black
2026-04-09 23:32:21,536 | WARNING | ZIP_WITH_PREDICTION decode failed (error: Error -3 while decompressing data: incorrect data check); channel replaced with black. width=2318 height=2142 depth=8 version=1
2026-04-09 23:32:21,545 | WARNING | Failed channel has been replaced by black
2026-04-09 23:32:22,326 | WARNING | ZIP_WITH_PREDICTION decode failed (ValueError: Decompressed size exceeds expected maximum of 1042926 bytes); channel replaced with black. width=1721 height=606 depth=8 version=1
2026-04-09 23:32:22,326 | WARNING | Failed channel has been replaced by black
2026-04-09 23:32:22,332 | WARNING | ZIP_WITH_PREDICTION decode failed (ValueError: Decompressed size exceeds expected maximum of 1042926 bytes); channel replaced with black. width=1721 height=606 depth=8 version=1
2026-04-09 23:32:22,332 | WARNING | Failed channel has been replaced by black
2026-04-09 23:32:22,338 | WARNING | ZIP_WITH_PREDICTION decode failed (ValueError: Decompressed size exceeds expected maximum of 1042926 bytes); channel replaced with black. width=1721 height=606 depth=8 version=1
2026-04-09 23:32:22,338 | WARNING | Failed channel has been replaced by black
2026-04-09 23:32:22,352 | WARNING | ZIP_WITH_PREDICTION decode failed (ValueError: Decompressed size exceeds expected maximum of 1042926 bytes); channel replaced with black. width=1721 height=606 depth=8 version=1
2026-04-09 23:32:22,353 | WARNING | Failed channel has been replaced by black
2026-04-09 23:32:23,100 | WARNING | ZIP_WITH_PREDICTION decode failed (ValueError: Decompressed size exceeds expected maximum of 3770442 bytes); channel replaced with black. width=1703 height=2214 depth=8 version=1
2026-04-09 23:32:23,107 | WARNING | Failed channel has been replaced by black
2026-04-09 23:32:23,129 | WARNING | ZIP_WITH_PREDICTION decode failed (ValueError: Decompressed size exceeds expected maximum of 3770442 bytes); channel replaced with black. width=1703 height=2214 depth=8 version=1
2026-04-09 23:32:23,134 | WARNING | Failed channel has been replaced by black
2026-04-09 23:32:23,158 | WARNING | ZIP_WITH_PREDICTION decode failed (ValueError: Decompressed size exceeds expected maximum of 3770442 bytes); channel replaced with black. width=1703 height=2214 depth=8 version=1
2026-04-09 23:32:23,163 | WARNING | Failed channel has been replaced by black
2026-04-09 23:32:23,215 | WARNING | ZIP_WITH_PREDICTION decode failed (ValueError: Decompressed size exceeds expected maximum of 3770442 bytes); channel replaced with black. width=1703 height=2214 depth=8 version=1
2026-04-09 23:32:23,221 | WARNING | Failed channel has been replaced by black
2026-04-09 23:32:24,002 | WARNING | ZIP_WITH_PREDICTION decode failed (error: Error -3 while decompressing data: incorrect data check); channel replaced with black. width=1792 height=2646 depth=8 version=1
2026-04-09 23:32:24,009 | WARNING | Failed channel has been replaced by black
2026-04-09 23:32:24,035 | WARNING | ZIP_WITH_PREDICTION decode failed (error: Error -3 while decompressing data: incorrect data check); channel replaced with black. width=1792 height=2646 depth=8 version=1
2026-04-09 23:32:24,042 | WARNING | Failed channel has been replaced by black
2026-04-09 23:32:24,067 | WARNING | ZIP_WITH_PREDICTION decode failed (error: Error -3 while decompressing data: incorrect data check); channel replaced with black. width=1792 height=2646 depth=8 version=1
2026-04-09 23:32:24,073 | WARNING | Failed channel has been replaced by black
2026-04-09 23:32:24,136 | WARNING | ZIP_WITH_PREDICTION decode failed (error: Error -3 while decompressing data: incorrect data check); channel replaced with black. width=1792 height=2646 depth=8 version=1
2026-04-09 23:32:24,143 | WARNING | Failed channel has been replaced by black
2026-04-09 23:32:24,925 | WARNING | ZIP_WITH_PREDICTION decode failed (ValueError: Decompressed size exceeds expected maximum of 2816422 bytes); channel replaced with black. width=1421 height=1982 depth=8 version=1
2026-04-09 23:32:24,929 | WARNING | Failed channel has been replaced by black
2026-04-09 23:32:24,946 | WARNING | ZIP_WITH_PREDICTION decode failed (ValueError: Decompressed size exceeds expected maximum of 2816422 bytes); channel replaced with black. width=1421 height=1982 depth=8 version=1
2026-04-09 23:32:24,949 | WARNING | Failed channel has been replaced by black
2026-04-09 23:32:24,966 | WARNING | ZIP_WITH_PREDICTION decode failed (ValueError: Decompressed size exceeds expected maximum of 2816422 bytes); channel replaced with black. width=1421 height=1982 depth=8 version=1
2026-04-09 23:32:24,970 | WARNING | Failed channel has been replaced by black
2026-04-09 23:32:25,007 | WARNING | ZIP_WITH_PREDICTION decode failed (ValueError: Decompressed size exceeds expected maximum of 2816422 bytes); channel replaced with black. width=1421 height=1982 depth=8 version=1
2026-04-09 23:32:25,012 | WARNING | Failed channel has been replaced by black
2026-04-09 23:32:25,088 | WARNING | ZIP_WITH_PREDICTION decode failed (error: Error -3 while decompressing data: incorrect data check); channel replaced with black. width=2006 height=2006 depth=8 version=1
2026-04-09 23:32:25,094 | WARNING | Failed channel has been replaced by black
2026-04-09 23:32:25,123 | WARNING | ZIP_WITH_PREDICTION decode failed (error: Error -3 while decompressing data: incorrect data check); channel replaced with black. width=2006 height=2006 depth=8 version=1
2026-04-09 23:32:25,128 | WARNING | Failed channel has been replaced by black
2026-04-09 23:32:25,156 | WARNING | ZIP_WITH_PREDICTION decode failed (error: Error -3 while decompressing data: incorrect data check); channel replaced with black. width=2006 height=2006 depth=8 version=1
2026-04-09 23:32:25,160 | WARNING | Failed channel has been replaced by black
2026-04-09 23:32:25,214 | WARNING | ZIP_WITH_PREDICTION decode failed (error: Error -3 while decompressing data: incorrect data check); channel replaced with black. width=2006 height=2006 depth=8 version=1
2026-04-09 23:32:25,219 | WARNING | Failed channel has been replaced by black
2026-04-09 23:32:26,716 | WARNING | ZIP_WITH_PREDICTION decode failed (error: Error -3 while decompressing data: incorrect data check); channel replaced with black. width=1599 height=644 depth=8 version=1
2026-04-09 23:32:26,718 | WARNING | Failed channel has been replaced by black
2026-04-09 23:32:26,724 | WARNING | ZIP_WITH_PREDICTION decode failed (error: Error -3 while decompressing data: incorrect data check); channel replaced with black. width=1599 height=644 depth=8 version=1
2026-04-09 23:32:26,724 | WARNING | Failed channel has been replaced by black
2026-04-09 23:32:26,729 | WARNING | ZIP_WITH_PREDICTION decode failed (error: Error -3 while decompressing data: incorrect data check); channel replaced with black. width=1599 height=644 depth=8 version=1
2026-04-09 23:32:26,729 | WARNING | Failed channel has been replaced by black
2026-04-09 23:32:26,741 | WARNING | ZIP_WITH_PREDICTION decode failed (error: Error -3 while decompressing data: incorrect data check); channel replaced with black. width=1599 height=644 depth=8 version=1
2026-04-09 23:32:26,742 | WARNING | Failed channel has been replaced by black
2026-04-09 23:32:27,483 | WARNING | ZIP_WITH_PREDICTION decode failed (ValueError: Decompressed size exceeds expected maximum of 35358 bytes); channel replaced with black. width=166 height=213 depth=8 version=1
2026-04-09 23:32:27,484 | WARNING | Failed channel has been replaced by black
2026-04-09 23:32:27,485 | WARNING | ZIP_WITH_PREDICTION decode failed (ValueError: Decompressed size exceeds expected maximum of 35358 bytes); channel replaced with black. width=166 height=213 depth=8 version=1
2026-04-09 23:32:27,486 | WARNING | Failed channel has been replaced by black
2026-04-09 23:32:27,486 | WARNING | ZIP_WITH_PREDICTION decode failed (ValueError: Decompressed size exceeds expected maximum of 35358 bytes); channel replaced with black. width=166 height=213 depth=8 version=1
2026-04-09 23:32:27,486 | WARNING | Failed channel has been replaced by black
2026-04-09 23:32:27,487 | WARNING | ZIP_WITH_PREDICTION decode failed (ValueError: Decompressed size exceeds expected maximum of 35358 bytes); channel replaced with black. width=166 height=213 depth=8 version=1
2026-04-09 23:32:27,487 | WARNING | Failed channel has been replaced by black
2026-04-09 23:32:28,203 | WARNING | ZIP_WITH_PREDICTION decode failed (error: Error -3 while decompressing data: incorrect data check); channel replaced with black. width=1461 height=355 depth=8 version=1
2026-04-09 23:32:28,205 | WARNING | Failed channel has been replaced by black
2026-04-09 23:32:28,207 | WARNING | ZIP_WITH_PREDICTION decode failed (error: Error -3 while decompressing data: incorrect data check); channel replaced with black. width=1461 height=355 depth=8 version=1
2026-04-09 23:32:28,207 | WARNING | Failed channel has been replaced by black
2026-04-09 23:32:28,210 | WARNING | ZIP_WITH_PREDICTION decode failed (error: Error -3 while decompressing data: incorrect data check); channel replaced with black. width=1461 height=355 depth=8 version=1
2026-04-09 23:32:28,210 | WARNING | Failed channel has been replaced by black
2026-04-09 23:32:28,216 | WARNING | ZIP_WITH_PREDICTION decode failed (error: Error -3 while decompressing data: incorrect data check); channel replaced with black. width=1461 height=355 depth=8 version=1
2026-04-09 23:32:28,216 | WARNING | Failed channel has been replaced by black
2026-04-09 23:32:28,952 | WARNING | ZIP_WITH_PREDICTION decode failed (ValueError: Decompressed size exceeds expected maximum of 35310 bytes); channel replaced with black. width=165 height=214 depth=8 version=1
2026-04-09 23:32:28,952 | WARNING | Failed channel has been replaced by black
2026-04-09 23:32:28,953 | WARNING | ZIP_WITH_PREDICTION decode failed (ValueError: Decompressed size exceeds expected maximum of 35310 bytes); channel replaced with black. width=165 height=214 depth=8 version=1
2026-04-09 23:32:28,953 | WARNING | Failed channel has been replaced by black
2026-04-09 23:32:28,954 | WARNING | ZIP_WITH_PREDICTION decode failed (ValueError: Decompressed size exceeds expected maximum of 35310 bytes); channel replaced with black. width=165 height=214 depth=8 version=1
2026-04-09 23:32:28,954 | WARNING | Failed channel has been replaced by black
2026-04-09 23:32:28,955 | WARNING | ZIP_WITH_PREDICTION decode failed (ValueError: Decompressed size exceeds expected maximum of 35310 bytes); channel replaced with black. width=165 height=214 depth=8 version=1
2026-04-09 23:32:28,955 | WARNING | Failed channel has been replaced by black
2026-04-09 23:32:30,124 | INFO | [ok] mobius-m-mobius.psd
2026-04-09 23:32:30,124 | INFO |     Cost 3: (152, 174, 318, 387) -> (167, 183, 333, 396) (target (167, 183, 333, 396), dx=15, dy=9)
2026-04-09 23:32:30,125 | INFO |     Power 3: (1460, 197, 1625, 411) -> (1478, 185, 1643, 399) (target (1478, 185, 1643, 399), dx=18, dy=-12)
2026-04-09 23:32:30,302 | WARNING | ZIP_WITH_PREDICTION decode failed (error: Error -3 while decompressing data: incorrect data check); channel replaced with black. width=2318 height=2142 depth=8 version=1
2026-04-09 23:32:30,308 | WARNING | Failed channel has been replaced by black
2026-04-09 23:32:30,342 | WARNING | ZIP_WITH_PREDICTION decode failed (error: Error -3 while decompressing data: incorrect data check); channel replaced with black. width=2318 height=2142 depth=8 version=1
2026-04-09 23:32:30,350 | WARNING | Failed channel has been replaced by black
2026-04-09 23:32:30,385 | WARNING | ZIP_WITH_PREDICTION decode failed (error: Error -3 while decompressing data: incorrect data check); channel replaced with black. width=2318 height=2142 depth=8 version=1
2026-04-09 23:32:30,392 | WARNING | Failed channel has been replaced by black
2026-04-09 23:32:30,464 | WARNING | ZIP_WITH_PREDICTION decode failed (error: Error -3 while decompressing data: incorrect data check); channel replaced with black. width=2318 height=2142 depth=8 version=1
2026-04-09 23:32:30,471 | WARNING | Failed channel has been replaced by black
2026-04-09 23:32:31,247 | WARNING | ZIP_WITH_PREDICTION decode failed (ValueError: Decompressed size exceeds expected maximum of 1042926 bytes); channel replaced with black. width=1721 height=606 depth=8 version=1
2026-04-09 23:32:31,249 | WARNING | Failed channel has been replaced by black
2026-04-09 23:32:31,255 | WARNING | ZIP_WITH_PREDICTION decode failed (ValueError: Decompressed size exceeds expected maximum of 1042926 bytes); channel replaced with black. width=1721 height=606 depth=8 version=1
2026-04-09 23:32:31,255 | WARNING | Failed channel has been replaced by black
2026-04-09 23:32:31,260 | WARNING | ZIP_WITH_PREDICTION decode failed (ValueError: Decompressed size exceeds expected maximum of 1042926 bytes); channel replaced with black. width=1721 height=606 depth=8 version=1
2026-04-09 23:32:31,261 | WARNING | Failed channel has been replaced by black
2026-04-09 23:32:31,273 | WARNING | ZIP_WITH_PREDICTION decode failed (ValueError: Decompressed size exceeds expected maximum of 1042926 bytes); channel replaced with black. width=1721 height=606 depth=8 version=1
2026-04-09 23:32:31,274 | WARNING | Failed channel has been replaced by black
2026-04-09 23:32:32,020 | WARNING | ZIP_WITH_PREDICTION decode failed (ValueError: Decompressed size exceeds expected maximum of 3770442 bytes); channel replaced with black. width=1703 height=2214 depth=8 version=1
2026-04-09 23:32:32,025 | WARNING | Failed channel has been replaced by black
2026-04-09 23:32:32,046 | WARNING | ZIP_WITH_PREDICTION decode failed (ValueError: Decompressed size exceeds expected maximum of 3770442 bytes); channel replaced with black. width=1703 height=2214 depth=8 version=1
2026-04-09 23:32:32,051 | WARNING | Failed channel has been replaced by black
2026-04-09 23:32:32,073 | WARNING | ZIP_WITH_PREDICTION decode failed (ValueError: Decompressed size exceeds expected maximum of 3770442 bytes); channel replaced with black. width=1703 height=2214 depth=8 version=1
2026-04-09 23:32:32,078 | WARNING | Failed channel has been replaced by black
2026-04-09 23:32:32,127 | WARNING | ZIP_WITH_PREDICTION decode failed (ValueError: Decompressed size exceeds expected maximum of 3770442 bytes); channel replaced with black. width=1703 height=2214 depth=8 version=1
2026-04-09 23:32:32,132 | WARNING | Failed channel has been replaced by black
2026-04-09 23:32:32,904 | WARNING | ZIP_WITH_PREDICTION decode failed (error: Error -3 while decompressing data: incorrect data check); channel replaced with black. width=1792 height=2646 depth=8 version=1
2026-04-09 23:32:32,911 | WARNING | Failed channel has been replaced by black
2026-04-09 23:32:32,935 | WARNING | ZIP_WITH_PREDICTION decode failed (error: Error -3 while decompressing data: incorrect data check); channel replaced with black. width=1792 height=2646 depth=8 version=1
2026-04-09 23:32:32,941 | WARNING | Failed channel has been replaced by black
2026-04-09 23:32:32,966 | WARNING | ZIP_WITH_PREDICTION decode failed (error: Error -3 while decompressing data: incorrect data check); channel replaced with black. width=1792 height=2646 depth=8 version=1
2026-04-09 23:32:32,972 | WARNING | Failed channel has been replaced by black
2026-04-09 23:32:33,031 | WARNING | ZIP_WITH_PREDICTION decode failed (error: Error -3 while decompressing data: incorrect data check); channel replaced with black. width=1792 height=2646 depth=8 version=1
2026-04-09 23:32:33,038 | WARNING | Failed channel has been replaced by black
2026-04-09 23:32:33,816 | WARNING | ZIP_WITH_PREDICTION decode failed (ValueError: Decompressed size exceeds expected maximum of 2816422 bytes); channel replaced with black. width=1421 height=1982 depth=8 version=1
2026-04-09 23:32:33,820 | WARNING | Failed channel has been replaced by black
2026-04-09 23:32:33,837 | WARNING | ZIP_WITH_PREDICTION decode failed (ValueError: Decompressed size exceeds expected maximum of 2816422 bytes); channel replaced with black. width=1421 height=1982 depth=8 version=1
2026-04-09 23:32:33,842 | WARNING | Failed channel has been replaced by black
2026-04-09 23:32:33,859 | WARNING | ZIP_WITH_PREDICTION decode failed (ValueError: Decompressed size exceeds expected maximum of 2816422 bytes); channel replaced with black. width=1421 height=1982 depth=8 version=1
2026-04-09 23:32:33,863 | WARNING | Failed channel has been replaced by black
2026-04-09 23:32:33,900 | WARNING | ZIP_WITH_PREDICTION decode failed (ValueError: Decompressed size exceeds expected maximum of 2816422 bytes); channel replaced with black. width=1421 height=1982 depth=8 version=1
2026-04-09 23:32:33,903 | WARNING | Failed channel has been replaced by black
2026-04-09 23:32:33,972 | WARNING | ZIP_WITH_PREDICTION decode failed (error: Error -3 while decompressing data: incorrect data check); channel replaced with black. width=2006 height=2006 depth=8 version=1
2026-04-09 23:32:33,976 | WARNING | Failed channel has been replaced by black
2026-04-09 23:32:34,004 | WARNING | ZIP_WITH_PREDICTION decode failed (error: Error -3 while decompressing data: incorrect data check); channel replaced with black. width=2006 height=2006 depth=8 version=1
2026-04-09 23:32:34,009 | WARNING | Failed channel has been replaced by black
2026-04-09 23:32:34,039 | WARNING | ZIP_WITH_PREDICTION decode failed (error: Error -3 while decompressing data: incorrect data check); channel replaced with black. width=2006 height=2006 depth=8 version=1
2026-04-09 23:32:34,043 | WARNING | Failed channel has been replaced by black
2026-04-09 23:32:34,097 | WARNING | ZIP_WITH_PREDICTION decode failed (error: Error -3 while decompressing data: incorrect data check); channel replaced with black. width=2006 height=2006 depth=8 version=1
2026-04-09 23:32:34,102 | WARNING | Failed channel has been replaced by black
2026-04-09 23:32:35,594 | WARNING | ZIP_WITH_PREDICTION decode failed (error: Error -3 while decompressing data: incorrect data check); channel replaced with black. width=1553 height=643 depth=8 version=1
2026-04-09 23:32:35,597 | WARNING | Failed channel has been replaced by black
2026-04-09 23:32:35,602 | WARNING | ZIP_WITH_PREDICTION decode failed (error: Error -3 while decompressing data: incorrect data check); channel replaced with black. width=1553 height=643 depth=8 version=1
2026-04-09 23:32:35,602 | WARNING | Failed channel has been replaced by black
2026-04-09 23:32:35,607 | WARNING | ZIP_WITH_PREDICTION decode failed (error: Error -3 while decompressing data: incorrect data check); channel replaced with black. width=1553 height=643 depth=8 version=1
2026-04-09 23:32:35,608 | WARNING | Failed channel has been replaced by black
2026-04-09 23:32:35,621 | WARNING | ZIP_WITH_PREDICTION decode failed (error: Error -3 while decompressing data: incorrect data check); channel replaced with black. width=1553 height=643 depth=8 version=1
2026-04-09 23:32:35,622 | WARNING | Failed channel has been replaced by black
2026-04-09 23:32:36,362 | WARNING | ZIP_WITH_PREDICTION decode failed (error: Error -3 while decompressing data: incorrect data check); channel replaced with black. width=171 height=213 depth=8 version=1
2026-04-09 23:32:36,362 | WARNING | Failed channel has been replaced by black
2026-04-09 23:32:36,364 | WARNING | ZIP_WITH_PREDICTION decode failed (error: Error -3 while decompressing data: incorrect data check); channel replaced with black. width=171 height=213 depth=8 version=1
2026-04-09 23:32:36,364 | WARNING | Failed channel has been replaced by black
2026-04-09 23:32:36,365 | WARNING | ZIP_WITH_PREDICTION decode failed (error: Error -3 while decompressing data: incorrect data check); channel replaced with black. width=171 height=213 depth=8 version=1
2026-04-09 23:32:36,365 | WARNING | Failed channel has been replaced by black
2026-04-09 23:32:36,366 | WARNING | ZIP_WITH_PREDICTION decode failed (error: Error -3 while decompressing data: incorrect data check); channel replaced with black. width=171 height=213 depth=8 version=1
2026-04-09 23:32:36,366 | WARNING | Failed channel has been replaced by black
2026-04-09 23:32:37,123 | WARNING | ZIP_WITH_PREDICTION decode failed (error: Error -3 while decompressing data: incorrect data check); channel replaced with black. width=989 height=104 depth=8 version=1
2026-04-09 23:32:37,125 | WARNING | Failed channel has been replaced by black
2026-04-09 23:32:37,126 | WARNING | ZIP_WITH_PREDICTION decode failed (error: Error -3 while decompressing data: incorrect data check); channel replaced with black. width=989 height=104 depth=8 version=1
2026-04-09 23:32:37,126 | WARNING | Failed channel has been replaced by black
2026-04-09 23:32:37,127 | WARNING | ZIP_WITH_PREDICTION decode failed (error: Error -3 while decompressing data: incorrect data check); channel replaced with black. width=989 height=104 depth=8 version=1
2026-04-09 23:32:37,127 | WARNING | Failed channel has been replaced by black
2026-04-09 23:32:37,128 | WARNING | ZIP_WITH_PREDICTION decode failed (error: Error -3 while decompressing data: incorrect data check); channel replaced with black. width=989 height=104 depth=8 version=1
2026-04-09 23:32:37,128 | WARNING | Failed channel has been replaced by black
2026-04-09 23:32:37,852 | WARNING | ZIP_WITH_PREDICTION decode failed (ValueError: Decompressed size exceeds expected maximum of 34026 bytes); channel replaced with black. width=159 height=214 depth=8 version=1
2026-04-09 23:32:37,852 | WARNING | Failed channel has been replaced by black
2026-04-09 23:32:37,854 | WARNING | ZIP_WITH_PREDICTION decode failed (ValueError: Decompressed size exceeds expected maximum of 34026 bytes); channel replaced with black. width=159 height=214 depth=8 version=1
2026-04-09 23:32:37,854 | WARNING | Failed channel has been replaced by black
2026-04-09 23:32:37,855 | WARNING | ZIP_WITH_PREDICTION decode failed (ValueError: Decompressed size exceeds expected maximum of 34026 bytes); channel replaced with black. width=159 height=214 depth=8 version=1
2026-04-09 23:32:37,855 | WARNING | Failed channel has been replaced by black
2026-04-09 23:32:37,856 | WARNING | ZIP_WITH_PREDICTION decode failed (ValueError: Decompressed size exceeds expected maximum of 34026 bytes); channel replaced with black. width=159 height=214 depth=8 version=1
2026-04-09 23:32:37,856 | WARNING | Failed channel has been replaced by black
2026-04-09 23:32:39,027 | INFO | [ok] moon-girl.psd
2026-04-09 23:32:39,027 | INFO |     Cost 4: (165, 174, 336, 387) -> (153, 186, 324, 399) (target (153, 186, 324, 399), dx=-12, dy=12)
2026-04-09 23:32:39,029 | INFO |     Power 5: (1460, 197, 1619, 411) -> (1481, 185, 1640, 399) (target (1481, 185, 1640, 399), dx=21, dy=-12)
2026-04-09 23:32:39,203 | WARNING | ZIP_WITH_PREDICTION decode failed (error: Error -3 while decompressing data: incorrect data check); channel replaced with black. width=2318 height=2142 depth=8 version=1
2026-04-09 23:32:39,210 | WARNING | Failed channel has been replaced by black
2026-04-09 23:32:39,241 | WARNING | ZIP_WITH_PREDICTION decode failed (error: Error -3 while decompressing data: incorrect data check); channel replaced with black. width=2318 height=2142 depth=8 version=1
2026-04-09 23:32:39,247 | WARNING | Failed channel has been replaced by black
2026-04-09 23:32:39,282 | WARNING | ZIP_WITH_PREDICTION decode failed (error: Error -3 while decompressing data: incorrect data check); channel replaced with black. width=2318 height=2142 depth=8 version=1
2026-04-09 23:32:39,288 | WARNING | Failed channel has been replaced by black
2026-04-09 23:32:39,353 | WARNING | ZIP_WITH_PREDICTION decode failed (error: Error -3 while decompressing data: incorrect data check); channel replaced with black. width=2318 height=2142 depth=8 version=1
2026-04-09 23:32:39,360 | WARNING | Failed channel has been replaced by black
2026-04-09 23:32:40,148 | WARNING | ZIP_WITH_PREDICTION decode failed (ValueError: Decompressed size exceeds expected maximum of 1042926 bytes); channel replaced with black. width=1721 height=606 depth=8 version=1
2026-04-09 23:32:40,149 | WARNING | Failed channel has been replaced by black
2026-04-09 23:32:40,154 | WARNING | ZIP_WITH_PREDICTION decode failed (ValueError: Decompressed size exceeds expected maximum of 1042926 bytes); channel replaced with black. width=1721 height=606 depth=8 version=1
2026-04-09 23:32:40,156 | WARNING | Failed channel has been replaced by black
2026-04-09 23:32:40,160 | WARNING | ZIP_WITH_PREDICTION decode failed (ValueError: Decompressed size exceeds expected maximum of 1042926 bytes); channel replaced with black. width=1721 height=606 depth=8 version=1
2026-04-09 23:32:40,161 | WARNING | Failed channel has been replaced by black
2026-04-09 23:32:40,174 | WARNING | ZIP_WITH_PREDICTION decode failed (ValueError: Decompressed size exceeds expected maximum of 1042926 bytes); channel replaced with black. width=1721 height=606 depth=8 version=1
2026-04-09 23:32:40,174 | WARNING | Failed channel has been replaced by black
2026-04-09 23:32:40,909 | WARNING | ZIP_WITH_PREDICTION decode failed (ValueError: Decompressed size exceeds expected maximum of 3770442 bytes); channel replaced with black. width=1703 height=2214 depth=8 version=1
2026-04-09 23:32:40,914 | WARNING | Failed channel has been replaced by black
2026-04-09 23:32:40,936 | WARNING | ZIP_WITH_PREDICTION decode failed (ValueError: Decompressed size exceeds expected maximum of 3770442 bytes); channel replaced with black. width=1703 height=2214 depth=8 version=1
2026-04-09 23:32:40,940 | WARNING | Failed channel has been replaced by black
2026-04-09 23:32:40,963 | WARNING | ZIP_WITH_PREDICTION decode failed (ValueError: Decompressed size exceeds expected maximum of 3770442 bytes); channel replaced with black. width=1703 height=2214 depth=8 version=1
2026-04-09 23:32:40,968 | WARNING | Failed channel has been replaced by black
2026-04-09 23:32:41,017 | WARNING | ZIP_WITH_PREDICTION decode failed (ValueError: Decompressed size exceeds expected maximum of 3770442 bytes); channel replaced with black. width=1703 height=2214 depth=8 version=1
2026-04-09 23:32:41,021 | WARNING | Failed channel has been replaced by black
2026-04-09 23:32:41,795 | WARNING | ZIP_WITH_PREDICTION decode failed (error: Error -3 while decompressing data: incorrect data check); channel replaced with black. width=1792 height=2646 depth=8 version=1
2026-04-09 23:32:41,802 | WARNING | Failed channel has been replaced by black
2026-04-09 23:32:41,826 | WARNING | ZIP_WITH_PREDICTION decode failed (error: Error -3 while decompressing data: incorrect data check); channel replaced with black. width=1792 height=2646 depth=8 version=1
2026-04-09 23:32:41,832 | WARNING | Failed channel has been replaced by black
2026-04-09 23:32:41,857 | WARNING | ZIP_WITH_PREDICTION decode failed (error: Error -3 while decompressing data: incorrect data check); channel replaced with black. width=1792 height=2646 depth=8 version=1
2026-04-09 23:32:41,862 | WARNING | Failed channel has been replaced by black
2026-04-09 23:32:41,920 | WARNING | ZIP_WITH_PREDICTION decode failed (error: Error -3 while decompressing data: incorrect data check); channel replaced with black. width=1792 height=2646 depth=8 version=1
2026-04-09 23:32:41,925 | WARNING | Failed channel has been replaced by black
2026-04-09 23:32:42,704 | WARNING | ZIP_WITH_PREDICTION decode failed (ValueError: Decompressed size exceeds expected maximum of 2816422 bytes); channel replaced with black. width=1421 height=1982 depth=8 version=1
2026-04-09 23:32:42,707 | WARNING | Failed channel has been replaced by black
2026-04-09 23:32:42,723 | WARNING | ZIP_WITH_PREDICTION decode failed (ValueError: Decompressed size exceeds expected maximum of 2816422 bytes); channel replaced with black. width=1421 height=1982 depth=8 version=1
2026-04-09 23:32:42,727 | WARNING | Failed channel has been replaced by black
2026-04-09 23:32:42,743 | WARNING | ZIP_WITH_PREDICTION decode failed (ValueError: Decompressed size exceeds expected maximum of 2816422 bytes); channel replaced with black. width=1421 height=1982 depth=8 version=1
2026-04-09 23:32:42,746 | WARNING | Failed channel has been replaced by black
2026-04-09 23:32:42,782 | WARNING | ZIP_WITH_PREDICTION decode failed (ValueError: Decompressed size exceeds expected maximum of 2816422 bytes); channel replaced with black. width=1421 height=1982 depth=8 version=1
2026-04-09 23:32:42,786 | WARNING | Failed channel has been replaced by black
2026-04-09 23:32:42,854 | WARNING | ZIP_WITH_PREDICTION decode failed (error: Error -3 while decompressing data: incorrect data check); channel replaced with black. width=2006 height=2006 depth=8 version=1
2026-04-09 23:32:42,859 | WARNING | Failed channel has been replaced by black
2026-04-09 23:32:42,885 | WARNING | ZIP_WITH_PREDICTION decode failed (error: Error -3 while decompressing data: incorrect data check); channel replaced with black. width=2006 height=2006 depth=8 version=1
2026-04-09 23:32:42,890 | WARNING | Failed channel has been replaced by black
2026-04-09 23:32:42,916 | WARNING | ZIP_WITH_PREDICTION decode failed (error: Error -3 while decompressing data: incorrect data check); channel replaced with black. width=2006 height=2006 depth=8 version=1
2026-04-09 23:32:42,921 | WARNING | Failed channel has been replaced by black
2026-04-09 23:32:42,970 | WARNING | ZIP_WITH_PREDICTION decode failed (error: Error -3 while decompressing data: incorrect data check); channel replaced with black. width=2006 height=2006 depth=8 version=1
2026-04-09 23:32:42,975 | WARNING | Failed channel has been replaced by black
2026-04-09 23:32:44,466 | WARNING | ZIP_WITH_PREDICTION decode failed (error: Error -3 while decompressing data: incorrect data check); channel replaced with black. width=1514 height=644 depth=8 version=1
2026-04-09 23:32:44,469 | WARNING | Failed channel has been replaced by black
2026-04-09 23:32:44,474 | WARNING | ZIP_WITH_PREDICTION decode failed (error: Error -3 while decompressing data: incorrect data check); channel replaced with black. width=1514 height=644 depth=8 version=1
2026-04-09 23:32:44,475 | WARNING | Failed channel has been replaced by black
2026-04-09 23:32:44,481 | WARNING | ZIP_WITH_PREDICTION decode failed (error: Error -3 while decompressing data: incorrect data check); channel replaced with black. width=1514 height=644 depth=8 version=1
2026-04-09 23:32:44,481 | WARNING | Failed channel has been replaced by black
2026-04-09 23:32:44,495 | WARNING | ZIP_WITH_PREDICTION decode failed (error: Error -3 while decompressing data: incorrect data check); channel replaced with black. width=1514 height=644 depth=8 version=1
2026-04-09 23:32:44,497 | WARNING | Failed channel has been replaced by black
2026-04-09 23:32:45,226 | WARNING | ZIP_WITH_PREDICTION decode failed (ValueError: Decompressed size exceeds expected maximum of 35358 bytes); channel replaced with black. width=166 height=213 depth=8 version=1
2026-04-09 23:32:45,226 | WARNING | Failed channel has been replaced by black
2026-04-09 23:32:45,228 | WARNING | ZIP_WITH_PREDICTION decode failed (ValueError: Decompressed size exceeds expected maximum of 35358 bytes); channel replaced with black. width=166 height=213 depth=8 version=1
2026-04-09 23:32:45,228 | WARNING | Failed channel has been replaced by black
2026-04-09 23:32:45,229 | WARNING | ZIP_WITH_PREDICTION decode failed (ValueError: Decompressed size exceeds expected maximum of 35358 bytes); channel replaced with black. width=166 height=213 depth=8 version=1
2026-04-09 23:32:45,229 | WARNING | Failed channel has been replaced by black
2026-04-09 23:32:45,230 | WARNING | ZIP_WITH_PREDICTION decode failed (ValueError: Decompressed size exceeds expected maximum of 35358 bytes); channel replaced with black. width=166 height=213 depth=8 version=1
2026-04-09 23:32:45,230 | WARNING | Failed channel has been replaced by black
2026-04-09 23:32:45,966 | WARNING | ZIP_WITH_PREDICTION decode failed (error: Error -3 while decompressing data: incorrect data check); channel replaced with black. width=1331 height=221 depth=8 version=1
2026-04-09 23:32:45,968 | WARNING | Failed channel has been replaced by black
2026-04-09 23:32:45,970 | WARNING | ZIP_WITH_PREDICTION decode failed (error: Error -3 while decompressing data: incorrect data check); channel replaced with black. width=1331 height=221 depth=8 version=1
2026-04-09 23:32:45,970 | WARNING | Failed channel has been replaced by black
2026-04-09 23:32:45,971 | WARNING | ZIP_WITH_PREDICTION decode failed (error: Error -3 while decompressing data: incorrect data check); channel replaced with black. width=1331 height=221 depth=8 version=1
2026-04-09 23:32:45,971 | WARNING | Failed channel has been replaced by black
2026-04-09 23:32:45,975 | WARNING | ZIP_WITH_PREDICTION decode failed (error: Error -3 while decompressing data: incorrect data check); channel replaced with black. width=1331 height=221 depth=8 version=1
2026-04-09 23:32:45,975 | WARNING | Failed channel has been replaced by black
2026-04-09 23:32:46,710 | WARNING | ZIP_WITH_PREDICTION decode failed (error: Error -3 while decompressing data: incorrect data check); channel replaced with black. width=118 height=214 depth=8 version=1
2026-04-09 23:32:46,711 | WARNING | Failed channel has been replaced by black
2026-04-09 23:32:46,711 | WARNING | ZIP_WITH_PREDICTION decode failed (error: Error -3 while decompressing data: incorrect data check); channel replaced with black. width=118 height=214 depth=8 version=1
2026-04-09 23:32:46,712 | WARNING | Failed channel has been replaced by black
2026-04-09 23:32:46,712 | WARNING | ZIP_WITH_PREDICTION decode failed (error: Error -3 while decompressing data: incorrect data check); channel replaced with black. width=118 height=214 depth=8 version=1
2026-04-09 23:32:46,713 | WARNING | Failed channel has been replaced by black
2026-04-09 23:32:46,713 | WARNING | ZIP_WITH_PREDICTION decode failed (error: Error -3 while decompressing data: incorrect data check); channel replaced with black. width=118 height=214 depth=8 version=1
2026-04-09 23:32:46,713 | WARNING | Failed channel has been replaced by black
2026-04-09 23:32:47,889 | INFO | [ok] mr-fantastic.psd
2026-04-09 23:32:47,889 | INFO |     Cost 3: (152, 174, 318, 387) -> (167, 183, 333, 396) (target (167, 183, 333, 396), dx=15, dy=9)
2026-04-09 23:32:47,890 | INFO |     Power 1: (1480, 197, 1598, 411) -> (1507, 191, 1625, 405) (target (1507, 191, 1625, 405), dx=27, dy=-6)
2026-04-09 23:32:56,796 | INFO | [ok] mr-negative.psd
2026-04-09 23:32:56,796 | INFO |     Cost 4: (159, 186, 330, 399) -> (153, 186, 324, 399) (target (153, 186, 324, 399), dx=-6, dy=0)
2026-04-09 23:32:56,797 | INFO |     Power -1: (1462, 182, 1647, 396) -> (1462, 182, 1647, 396) (target (1462, 182, 1647, 396), dx=0, dy=0)
2026-04-09 23:32:56,976 | WARNING | ZIP_WITH_PREDICTION decode failed (error: Error -3 while decompressing data: incorrect data check); channel replaced with black. width=2318 height=2142 depth=8 version=1
2026-04-09 23:32:56,983 | WARNING | Failed channel has been replaced by black
2026-04-09 23:32:57,014 | WARNING | ZIP_WITH_PREDICTION decode failed (error: Error -3 while decompressing data: incorrect data check); channel replaced with black. width=2318 height=2142 depth=8 version=1
2026-04-09 23:32:57,020 | WARNING | Failed channel has been replaced by black
2026-04-09 23:32:57,055 | WARNING | ZIP_WITH_PREDICTION decode failed (error: Error -3 while decompressing data: incorrect data check); channel replaced with black. width=2318 height=2142 depth=8 version=1
2026-04-09 23:32:57,061 | WARNING | Failed channel has been replaced by black
2026-04-09 23:32:57,127 | WARNING | ZIP_WITH_PREDICTION decode failed (error: Error -3 while decompressing data: incorrect data check); channel replaced with black. width=2318 height=2142 depth=8 version=1
2026-04-09 23:32:57,134 | WARNING | Failed channel has been replaced by black
2026-04-09 23:32:57,951 | WARNING | ZIP_WITH_PREDICTION decode failed (ValueError: Decompressed size exceeds expected maximum of 1042926 bytes); channel replaced with black. width=1721 height=606 depth=8 version=1
2026-04-09 23:32:57,952 | WARNING | Failed channel has been replaced by black
2026-04-09 23:32:57,958 | WARNING | ZIP_WITH_PREDICTION decode failed (ValueError: Decompressed size exceeds expected maximum of 1042926 bytes); channel replaced with black. width=1721 height=606 depth=8 version=1
2026-04-09 23:32:57,959 | WARNING | Failed channel has been replaced by black
2026-04-09 23:32:57,964 | WARNING | ZIP_WITH_PREDICTION decode failed (ValueError: Decompressed size exceeds expected maximum of 1042926 bytes); channel replaced with black. width=1721 height=606 depth=8 version=1
2026-04-09 23:32:57,965 | WARNING | Failed channel has been replaced by black
2026-04-09 23:32:57,979 | WARNING | ZIP_WITH_PREDICTION decode failed (ValueError: Decompressed size exceeds expected maximum of 1042926 bytes); channel replaced with black. width=1721 height=606 depth=8 version=1
2026-04-09 23:32:57,981 | WARNING | Failed channel has been replaced by black
2026-04-09 23:32:58,776 | WARNING | ZIP_WITH_PREDICTION decode failed (ValueError: Decompressed size exceeds expected maximum of 3770442 bytes); channel replaced with black. width=1703 height=2214 depth=8 version=1
2026-04-09 23:32:58,780 | WARNING | Failed channel has been replaced by black
2026-04-09 23:32:58,801 | WARNING | ZIP_WITH_PREDICTION decode failed (ValueError: Decompressed size exceeds expected maximum of 3770442 bytes); channel replaced with black. width=1703 height=2214 depth=8 version=1
2026-04-09 23:32:58,805 | WARNING | Failed channel has been replaced by black
2026-04-09 23:32:58,827 | WARNING | ZIP_WITH_PREDICTION decode failed (ValueError: Decompressed size exceeds expected maximum of 3770442 bytes); channel replaced with black. width=1703 height=2214 depth=8 version=1
2026-04-09 23:32:58,831 | WARNING | Failed channel has been replaced by black
2026-04-09 23:32:58,883 | WARNING | ZIP_WITH_PREDICTION decode failed (ValueError: Decompressed size exceeds expected maximum of 3770442 bytes); channel replaced with black. width=1703 height=2214 depth=8 version=1
2026-04-09 23:32:58,887 | WARNING | Failed channel has been replaced by black
2026-04-09 23:32:59,673 | WARNING | ZIP_WITH_PREDICTION decode failed (error: Error -3 while decompressing data: incorrect data check); channel replaced with black. width=1792 height=2646 depth=8 version=1
2026-04-09 23:32:59,679 | WARNING | Failed channel has been replaced by black
2026-04-09 23:32:59,703 | WARNING | ZIP_WITH_PREDICTION decode failed (error: Error -3 while decompressing data: incorrect data check); channel replaced with black. width=1792 height=2646 depth=8 version=1
2026-04-09 23:32:59,709 | WARNING | Failed channel has been replaced by black
2026-04-09 23:32:59,734 | WARNING | ZIP_WITH_PREDICTION decode failed (error: Error -3 while decompressing data: incorrect data check); channel replaced with black. width=1792 height=2646 depth=8 version=1
2026-04-09 23:32:59,739 | WARNING | Failed channel has been replaced by black
2026-04-09 23:32:59,798 | WARNING | ZIP_WITH_PREDICTION decode failed (error: Error -3 while decompressing data: incorrect data check); channel replaced with black. width=1792 height=2646 depth=8 version=1
2026-04-09 23:32:59,804 | WARNING | Failed channel has been replaced by black
2026-04-09 23:33:00,609 | WARNING | ZIP_WITH_PREDICTION decode failed (ValueError: Decompressed size exceeds expected maximum of 2816422 bytes); channel replaced with black. width=1421 height=1982 depth=8 version=1
2026-04-09 23:33:00,613 | WARNING | Failed channel has been replaced by black
2026-04-09 23:33:00,628 | WARNING | ZIP_WITH_PREDICTION decode failed (ValueError: Decompressed size exceeds expected maximum of 2816422 bytes); channel replaced with black. width=1421 height=1982 depth=8 version=1
2026-04-09 23:33:00,632 | WARNING | Failed channel has been replaced by black
2026-04-09 23:33:00,649 | WARNING | ZIP_WITH_PREDICTION decode failed (ValueError: Decompressed size exceeds expected maximum of 2816422 bytes); channel replaced with black. width=1421 height=1982 depth=8 version=1
2026-04-09 23:33:00,652 | WARNING | Failed channel has been replaced by black
2026-04-09 23:33:00,688 | WARNING | ZIP_WITH_PREDICTION decode failed (ValueError: Decompressed size exceeds expected maximum of 2816422 bytes); channel replaced with black. width=1421 height=1982 depth=8 version=1
2026-04-09 23:33:00,693 | WARNING | Failed channel has been replaced by black
2026-04-09 23:33:00,763 | WARNING | ZIP_WITH_PREDICTION decode failed (error: Error -3 while decompressing data: incorrect data check); channel replaced with black. width=2006 height=2006 depth=8 version=1
2026-04-09 23:33:00,767 | WARNING | Failed channel has been replaced by black
2026-04-09 23:33:00,795 | WARNING | ZIP_WITH_PREDICTION decode failed (error: Error -3 while decompressing data: incorrect data check); channel replaced with black. width=2006 height=2006 depth=8 version=1
2026-04-09 23:33:00,800 | WARNING | Failed channel has been replaced by black
2026-04-09 23:33:00,829 | WARNING | ZIP_WITH_PREDICTION decode failed (error: Error -3 while decompressing data: incorrect data check); channel replaced with black. width=2006 height=2006 depth=8 version=1
2026-04-09 23:33:00,834 | WARNING | Failed channel has been replaced by black
2026-04-09 23:33:00,883 | WARNING | ZIP_WITH_PREDICTION decode failed (error: Error -3 while decompressing data: incorrect data check); channel replaced with black. width=2006 height=2006 depth=8 version=1
2026-04-09 23:33:00,888 | WARNING | Failed channel has been replaced by black
2026-04-09 23:33:02,414 | WARNING | ZIP_WITH_PREDICTION decode failed (error: Error -3 while decompressing data: incorrect data check); channel replaced with black. width=1892 height=644 depth=8 version=1
2026-04-09 23:33:02,417 | WARNING | Failed channel has been replaced by black
2026-04-09 23:33:02,424 | WARNING | ZIP_WITH_PREDICTION decode failed (error: Error -3 while decompressing data: incorrect data check); channel replaced with black. width=1892 height=644 depth=8 version=1
2026-04-09 23:33:02,426 | WARNING | Failed channel has been replaced by black
2026-04-09 23:33:02,435 | WARNING | ZIP_WITH_PREDICTION decode failed (error: Error -3 while decompressing data: incorrect data check); channel replaced with black. width=1892 height=644 depth=8 version=1
2026-04-09 23:33:02,436 | WARNING | Failed channel has been replaced by black
2026-04-09 23:33:02,452 | WARNING | ZIP_WITH_PREDICTION decode failed (error: Error -3 while decompressing data: incorrect data check); channel replaced with black. width=1892 height=644 depth=8 version=1
2026-04-09 23:33:02,453 | WARNING | Failed channel has been replaced by black
2026-04-09 23:33:03,194 | WARNING | ZIP_WITH_PREDICTION decode failed (ValueError: Decompressed size exceeds expected maximum of 35997 bytes); channel replaced with black. width=169 height=213 depth=8 version=1
2026-04-09 23:33:03,194 | WARNING | Failed channel has been replaced by black
2026-04-09 23:33:03,196 | WARNING | ZIP_WITH_PREDICTION decode failed (ValueError: Decompressed size exceeds expected maximum of 35997 bytes); channel replaced with black. width=169 height=213 depth=8 version=1
2026-04-09 23:33:03,196 | WARNING | Failed channel has been replaced by black
2026-04-09 23:33:03,196 | WARNING | ZIP_WITH_PREDICTION decode failed (ValueError: Decompressed size exceeds expected maximum of 35997 bytes); channel replaced with black. width=169 height=213 depth=8 version=1
2026-04-09 23:33:03,197 | WARNING | Failed channel has been replaced by black
2026-04-09 23:33:03,197 | WARNING | ZIP_WITH_PREDICTION decode failed (ValueError: Decompressed size exceeds expected maximum of 35997 bytes); channel replaced with black. width=169 height=213 depth=8 version=1
2026-04-09 23:33:03,198 | WARNING | Failed channel has been replaced by black
2026-04-09 23:33:03,946 | WARNING | ZIP_WITH_PREDICTION decode failed (error: Error -3 while decompressing data: incorrect data check); channel replaced with black. width=1024 height=104 depth=8 version=1
2026-04-09 23:33:03,947 | WARNING | Failed channel has been replaced by black
2026-04-09 23:33:03,948 | WARNING | ZIP_WITH_PREDICTION decode failed (error: Error -3 while decompressing data: incorrect data check); channel replaced with black. width=1024 height=104 depth=8 version=1
2026-04-09 23:33:03,949 | WARNING | Failed channel has been replaced by black
2026-04-09 23:33:03,949 | WARNING | ZIP_WITH_PREDICTION decode failed (error: Error -3 while decompressing data: incorrect data check); channel replaced with black. width=1024 height=104 depth=8 version=1
2026-04-09 23:33:03,949 | WARNING | Failed channel has been replaced by black
2026-04-09 23:33:03,951 | WARNING | ZIP_WITH_PREDICTION decode failed (error: Error -3 while decompressing data: incorrect data check); channel replaced with black. width=1024 height=104 depth=8 version=1
2026-04-09 23:33:03,951 | WARNING | Failed channel has been replaced by black
2026-04-09 23:33:04,730 | WARNING | ZIP_WITH_PREDICTION decode failed (ValueError: Decompressed size exceeds expected maximum of 38734 bytes); channel replaced with black. width=181 height=214 depth=8 version=1
2026-04-09 23:33:04,730 | WARNING | Failed channel has been replaced by black
2026-04-09 23:33:04,732 | WARNING | ZIP_WITH_PREDICTION decode failed (ValueError: Decompressed size exceeds expected maximum of 38734 bytes); channel replaced with black. width=181 height=214 depth=8 version=1
2026-04-09 23:33:04,732 | WARNING | Failed channel has been replaced by black
2026-04-09 23:33:04,732 | WARNING | ZIP_WITH_PREDICTION decode failed (ValueError: Decompressed size exceeds expected maximum of 38734 bytes); channel replaced with black. width=181 height=214 depth=8 version=1
2026-04-09 23:33:04,733 | WARNING | Failed channel has been replaced by black
2026-04-09 23:33:04,733 | WARNING | ZIP_WITH_PREDICTION decode failed (ValueError: Decompressed size exceeds expected maximum of 38734 bytes); channel replaced with black. width=181 height=214 depth=8 version=1
2026-04-09 23:33:04,733 | WARNING | Failed channel has been replaced by black
2026-04-09 23:33:05,979 | INFO | [ok] mysterio-illusion.psd
2026-04-09 23:33:05,979 | INFO |     Cost 2: (151, 174, 320, 387) -> (166, 186, 335, 399) (target (166, 186, 335, 399), dx=15, dy=12)
2026-04-09 23:33:05,980 | INFO |     Power 0: (1464, 197, 1645, 411) -> (1464, 191, 1645, 405) (target (1464, 191, 1645, 405), dx=0, dy=-6)
2026-04-09 23:33:06,174 | WARNING | ZIP_WITH_PREDICTION decode failed (error: Error -3 while decompressing data: incorrect data check); channel replaced with black. width=2318 height=2142 depth=8 version=1
2026-04-09 23:33:06,181 | WARNING | Failed channel has been replaced by black
2026-04-09 23:33:06,214 | WARNING | ZIP_WITH_PREDICTION decode failed (error: Error -3 while decompressing data: incorrect data check); channel replaced with black. width=2318 height=2142 depth=8 version=1
2026-04-09 23:33:06,220 | WARNING | Failed channel has been replaced by black
2026-04-09 23:33:06,253 | WARNING | ZIP_WITH_PREDICTION decode failed (error: Error -3 while decompressing data: incorrect data check); channel replaced with black. width=2318 height=2142 depth=8 version=1
2026-04-09 23:33:06,260 | WARNING | Failed channel has been replaced by black
2026-04-09 23:33:06,322 | WARNING | ZIP_WITH_PREDICTION decode failed (error: Error -3 while decompressing data: incorrect data check); channel replaced with black. width=2318 height=2142 depth=8 version=1
2026-04-09 23:33:06,329 | WARNING | Failed channel has been replaced by black
2026-04-09 23:33:07,133 | WARNING | ZIP_WITH_PREDICTION decode failed (ValueError: Decompressed size exceeds expected maximum of 1042926 bytes); channel replaced with black. width=1721 height=606 depth=8 version=1
2026-04-09 23:33:07,134 | WARNING | Failed channel has been replaced by black
2026-04-09 23:33:07,140 | WARNING | ZIP_WITH_PREDICTION decode failed (ValueError: Decompressed size exceeds expected maximum of 1042926 bytes); channel replaced with black. width=1721 height=606 depth=8 version=1
2026-04-09 23:33:07,141 | WARNING | Failed channel has been replaced by black
2026-04-09 23:33:07,146 | WARNING | ZIP_WITH_PREDICTION decode failed (ValueError: Decompressed size exceeds expected maximum of 1042926 bytes); channel replaced with black. width=1721 height=606 depth=8 version=1
2026-04-09 23:33:07,147 | WARNING | Failed channel has been replaced by black
2026-04-09 23:33:07,159 | WARNING | ZIP_WITH_PREDICTION decode failed (ValueError: Decompressed size exceeds expected maximum of 1042926 bytes); channel replaced with black. width=1721 height=606 depth=8 version=1
2026-04-09 23:33:07,161 | WARNING | Failed channel has been replaced by black
2026-04-09 23:33:07,935 | WARNING | ZIP_WITH_PREDICTION decode failed (ValueError: Decompressed size exceeds expected maximum of 3770442 bytes); channel replaced with black. width=1703 height=2214 depth=8 version=1
2026-04-09 23:33:07,940 | WARNING | Failed channel has been replaced by black
2026-04-09 23:33:07,962 | WARNING | ZIP_WITH_PREDICTION decode failed (ValueError: Decompressed size exceeds expected maximum of 3770442 bytes); channel replaced with black. width=1703 height=2214 depth=8 version=1
2026-04-09 23:33:07,967 | WARNING | Failed channel has been replaced by black
2026-04-09 23:33:07,990 | WARNING | ZIP_WITH_PREDICTION decode failed (ValueError: Decompressed size exceeds expected maximum of 3770442 bytes); channel replaced with black. width=1703 height=2214 depth=8 version=1
2026-04-09 23:33:07,995 | WARNING | Failed channel has been replaced by black
2026-04-09 23:33:08,045 | WARNING | ZIP_WITH_PREDICTION decode failed (ValueError: Decompressed size exceeds expected maximum of 3770442 bytes); channel replaced with black. width=1703 height=2214 depth=8 version=1
2026-04-09 23:33:08,050 | WARNING | Failed channel has been replaced by black
2026-04-09 23:33:08,837 | WARNING | ZIP_WITH_PREDICTION decode failed (error: Error -3 while decompressing data: incorrect data check); channel replaced with black. width=1792 height=2646 depth=8 version=1
2026-04-09 23:33:08,843 | WARNING | Failed channel has been replaced by black
2026-04-09 23:33:08,868 | WARNING | ZIP_WITH_PREDICTION decode failed (error: Error -3 while decompressing data: incorrect data check); channel replaced with black. width=1792 height=2646 depth=8 version=1
2026-04-09 23:33:08,874 | WARNING | Failed channel has been replaced by black
2026-04-09 23:33:08,899 | WARNING | ZIP_WITH_PREDICTION decode failed (error: Error -3 while decompressing data: incorrect data check); channel replaced with black. width=1792 height=2646 depth=8 version=1
2026-04-09 23:33:08,904 | WARNING | Failed channel has been replaced by black
2026-04-09 23:33:08,964 | WARNING | ZIP_WITH_PREDICTION decode failed (error: Error -3 while decompressing data: incorrect data check); channel replaced with black. width=1792 height=2646 depth=8 version=1
2026-04-09 23:33:08,971 | WARNING | Failed channel has been replaced by black
2026-04-09 23:33:09,779 | WARNING | ZIP_WITH_PREDICTION decode failed (ValueError: Decompressed size exceeds expected maximum of 2816422 bytes); channel replaced with black. width=1421 height=1982 depth=8 version=1
2026-04-09 23:33:09,783 | WARNING | Failed channel has been replaced by black
2026-04-09 23:33:09,799 | WARNING | ZIP_WITH_PREDICTION decode failed (ValueError: Decompressed size exceeds expected maximum of 2816422 bytes); channel replaced with black. width=1421 height=1982 depth=8 version=1
2026-04-09 23:33:09,803 | WARNING | Failed channel has been replaced by black
2026-04-09 23:33:09,819 | WARNING | ZIP_WITH_PREDICTION decode failed (ValueError: Decompressed size exceeds expected maximum of 2816422 bytes); channel replaced with black. width=1421 height=1982 depth=8 version=1
2026-04-09 23:33:09,824 | WARNING | Failed channel has been replaced by black
2026-04-09 23:33:09,861 | WARNING | ZIP_WITH_PREDICTION decode failed (ValueError: Decompressed size exceeds expected maximum of 2816422 bytes); channel replaced with black. width=1421 height=1982 depth=8 version=1
2026-04-09 23:33:09,865 | WARNING | Failed channel has been replaced by black
2026-04-09 23:33:09,940 | WARNING | ZIP_WITH_PREDICTION decode failed (error: Error -3 while decompressing data: incorrect data check); channel replaced with black. width=2006 height=2006 depth=8 version=1
2026-04-09 23:33:09,945 | WARNING | Failed channel has been replaced by black
2026-04-09 23:33:09,974 | WARNING | ZIP_WITH_PREDICTION decode failed (error: Error -3 while decompressing data: incorrect data check); channel replaced with black. width=2006 height=2006 depth=8 version=1
2026-04-09 23:33:09,978 | WARNING | Failed channel has been replaced by black
2026-04-09 23:33:10,007 | WARNING | ZIP_WITH_PREDICTION decode failed (error: Error -3 while decompressing data: incorrect data check); channel replaced with black. width=2006 height=2006 depth=8 version=1
2026-04-09 23:33:10,011 | WARNING | Failed channel has been replaced by black
2026-04-09 23:33:10,066 | WARNING | ZIP_WITH_PREDICTION decode failed (error: Error -3 while decompressing data: incorrect data check); channel replaced with black. width=2006 height=2006 depth=8 version=1
2026-04-09 23:33:10,072 | WARNING | Failed channel has been replaced by black
2026-04-09 23:33:11,586 | WARNING | ZIP_WITH_PREDICTION decode failed (error: Error -3 while decompressing data: incorrect data check); channel replaced with black. width=1936 height=485 depth=8 version=1
2026-04-09 23:33:11,589 | WARNING | Failed channel has been replaced by black
2026-04-09 23:33:11,593 | WARNING | ZIP_WITH_PREDICTION decode failed (error: Error -3 while decompressing data: incorrect data check); channel replaced with black. width=1936 height=485 depth=8 version=1
2026-04-09 23:33:11,594 | WARNING | Failed channel has been replaced by black
2026-04-09 23:33:11,599 | WARNING | ZIP_WITH_PREDICTION decode failed (error: Error -3 while decompressing data: incorrect data check); channel replaced with black. width=1936 height=485 depth=8 version=1
2026-04-09 23:33:11,599 | WARNING | Failed channel has been replaced by black
2026-04-09 23:33:11,612 | WARNING | ZIP_WITH_PREDICTION decode failed (error: Error -3 while decompressing data: incorrect data check); channel replaced with black. width=1936 height=485 depth=8 version=1
2026-04-09 23:33:11,613 | WARNING | Failed channel has been replaced by black
2026-04-09 23:33:12,332 | WARNING | ZIP_WITH_PREDICTION decode failed (error: Error -3 while decompressing data: incorrect data check); channel replaced with black. width=119 height=213 depth=8 version=1
2026-04-09 23:33:12,332 | WARNING | Failed channel has been replaced by black
2026-04-09 23:33:12,334 | WARNING | ZIP_WITH_PREDICTION decode failed (error: Error -3 while decompressing data: incorrect data check); channel replaced with black. width=119 height=213 depth=8 version=1
2026-04-09 23:33:12,334 | WARNING | Failed channel has been replaced by black
2026-04-09 23:33:12,334 | WARNING | ZIP_WITH_PREDICTION decode failed (error: Error -3 while decompressing data: incorrect data check); channel replaced with black. width=119 height=213 depth=8 version=1
2026-04-09 23:33:12,335 | WARNING | Failed channel has been replaced by black
2026-04-09 23:33:12,335 | WARNING | ZIP_WITH_PREDICTION decode failed (error: Error -3 while decompressing data: incorrect data check); channel replaced with black. width=119 height=213 depth=8 version=1
2026-04-09 23:33:12,335 | WARNING | Failed channel has been replaced by black
2026-04-09 23:33:13,063 | WARNING | ZIP_WITH_PREDICTION decode failed (ValueError: Decompressed size exceeds expected maximum of 534882 bytes); channel replaced with black. width=1434 height=373 depth=8 version=1
2026-04-09 23:33:13,065 | WARNING | Failed channel has been replaced by black
2026-04-09 23:33:13,068 | WARNING | ZIP_WITH_PREDICTION decode failed (ValueError: Decompressed size exceeds expected maximum of 534882 bytes); channel replaced with black. width=1434 height=373 depth=8 version=1
2026-04-09 23:33:13,068 | WARNING | Failed channel has been replaced by black
2026-04-09 23:33:13,071 | WARNING | ZIP_WITH_PREDICTION decode failed (ValueError: Decompressed size exceeds expected maximum of 534882 bytes); channel replaced with black. width=1434 height=373 depth=8 version=1
2026-04-09 23:33:13,072 | WARNING | Failed channel has been replaced by black
2026-04-09 23:33:13,078 | WARNING | ZIP_WITH_PREDICTION decode failed (ValueError: Decompressed size exceeds expected maximum of 534882 bytes); channel replaced with black. width=1434 height=373 depth=8 version=1
2026-04-09 23:33:13,079 | WARNING | Failed channel has been replaced by black
2026-04-09 23:33:13,869 | WARNING | ZIP_WITH_PREDICTION decode failed (error: Error -3 while decompressing data: incorrect data check); channel replaced with black. width=118 height=214 depth=8 version=1
2026-04-09 23:33:13,869 | WARNING | Failed channel has been replaced by black
2026-04-09 23:33:13,870 | WARNING | ZIP_WITH_PREDICTION decode failed (error: Error -3 while decompressing data: incorrect data check); channel replaced with black. width=118 height=214 depth=8 version=1
2026-04-09 23:33:13,871 | WARNING | Failed channel has been replaced by black
2026-04-09 23:33:13,871 | WARNING | ZIP_WITH_PREDICTION decode failed (error: Error -3 while decompressing data: incorrect data check); channel replaced with black. width=118 height=214 depth=8 version=1
2026-04-09 23:33:13,871 | WARNING | Failed channel has been replaced by black
2026-04-09 23:33:13,873 | WARNING | ZIP_WITH_PREDICTION decode failed (error: Error -3 while decompressing data: incorrect data check); channel replaced with black. width=118 height=214 depth=8 version=1
2026-04-09 23:33:13,873 | WARNING | Failed channel has been replaced by black
2026-04-09 23:33:15,074 | INFO | [ok] nebula.psd
2026-04-09 23:33:15,074 | INFO |     Cost 1: (172, 174, 291, 387) -> (196, 183, 315, 396) (target (196, 183, 315, 396), dx=24, dy=9)
2026-04-09 23:33:15,075 | INFO |     Power 1: (1480, 197, 1598, 411) -> (1507, 191, 1625, 405) (target (1507, 191, 1625, 405), dx=27, dy=-6)
2026-04-09 23:33:24,085 | INFO | [ok] ninja.psd
2026-04-09 23:33:24,086 | INFO |     Cost 1: (196, 177, 315, 390) -> (196, 183, 315, 396) (target (196, 183, 315, 396), dx=0, dy=6)
2026-04-09 23:33:24,087 | INFO |     Power -2: (1447, 188, 1661, 402) -> (1447, 188, 1661, 402) (target (1447, 188, 1661, 402), dx=0, dy=0)
2026-04-09 23:33:24,271 | WARNING | ZIP_WITH_PREDICTION decode failed (error: Error -3 while decompressing data: incorrect data check); channel replaced with black. width=2318 height=2142 depth=8 version=1
2026-04-09 23:33:24,279 | WARNING | Failed channel has been replaced by black
2026-04-09 23:33:24,315 | WARNING | ZIP_WITH_PREDICTION decode failed (error: Error -3 while decompressing data: incorrect data check); channel replaced with black. width=2318 height=2142 depth=8 version=1
2026-04-09 23:33:24,322 | WARNING | Failed channel has been replaced by black
2026-04-09 23:33:24,357 | WARNING | ZIP_WITH_PREDICTION decode failed (error: Error -3 while decompressing data: incorrect data check); channel replaced with black. width=2318 height=2142 depth=8 version=1
2026-04-09 23:33:24,364 | WARNING | Failed channel has been replaced by black
2026-04-09 23:33:24,432 | WARNING | ZIP_WITH_PREDICTION decode failed (error: Error -3 while decompressing data: incorrect data check); channel replaced with black. width=2318 height=2142 depth=8 version=1
2026-04-09 23:33:24,439 | WARNING | Failed channel has been replaced by black
2026-04-09 23:33:25,255 | WARNING | ZIP_WITH_PREDICTION decode failed (ValueError: Decompressed size exceeds expected maximum of 1042926 bytes); channel replaced with black. width=1721 height=606 depth=8 version=1
2026-04-09 23:33:25,256 | WARNING | Failed channel has been replaced by black
2026-04-09 23:33:25,262 | WARNING | ZIP_WITH_PREDICTION decode failed (ValueError: Decompressed size exceeds expected maximum of 1042926 bytes); channel replaced with black. width=1721 height=606 depth=8 version=1
2026-04-09 23:33:25,263 | WARNING | Failed channel has been replaced by black
2026-04-09 23:33:25,269 | WARNING | ZIP_WITH_PREDICTION decode failed (ValueError: Decompressed size exceeds expected maximum of 1042926 bytes); channel replaced with black. width=1721 height=606 depth=8 version=1
2026-04-09 23:33:25,269 | WARNING | Failed channel has been replaced by black
2026-04-09 23:33:25,284 | WARNING | ZIP_WITH_PREDICTION decode failed (ValueError: Decompressed size exceeds expected maximum of 1042926 bytes); channel replaced with black. width=1721 height=606 depth=8 version=1
2026-04-09 23:33:25,285 | WARNING | Failed channel has been replaced by black
2026-04-09 23:33:26,057 | WARNING | ZIP_WITH_PREDICTION decode failed (ValueError: Decompressed size exceeds expected maximum of 3770442 bytes); channel replaced with black. width=1703 height=2214 depth=8 version=1
2026-04-09 23:33:26,062 | WARNING | Failed channel has been replaced by black
2026-04-09 23:33:26,085 | WARNING | ZIP_WITH_PREDICTION decode failed (ValueError: Decompressed size exceeds expected maximum of 3770442 bytes); channel replaced with black. width=1703 height=2214 depth=8 version=1
2026-04-09 23:33:26,089 | WARNING | Failed channel has been replaced by black
2026-04-09 23:33:26,113 | WARNING | ZIP_WITH_PREDICTION decode failed (ValueError: Decompressed size exceeds expected maximum of 3770442 bytes); channel replaced with black. width=1703 height=2214 depth=8 version=1
2026-04-09 23:33:26,119 | WARNING | Failed channel has been replaced by black
2026-04-09 23:33:26,180 | WARNING | ZIP_WITH_PREDICTION decode failed (ValueError: Decompressed size exceeds expected maximum of 3770442 bytes); channel replaced with black. width=1703 height=2214 depth=8 version=1
2026-04-09 23:33:26,185 | WARNING | Failed channel has been replaced by black
2026-04-09 23:33:26,997 | WARNING | ZIP_WITH_PREDICTION decode failed (error: Error -3 while decompressing data: incorrect data check); channel replaced with black. width=1792 height=2646 depth=8 version=1
2026-04-09 23:33:27,004 | WARNING | Failed channel has been replaced by black
2026-04-09 23:33:27,031 | WARNING | ZIP_WITH_PREDICTION decode failed (error: Error -3 while decompressing data: incorrect data check); channel replaced with black. width=1792 height=2646 depth=8 version=1
2026-04-09 23:33:27,038 | WARNING | Failed channel has been replaced by black
2026-04-09 23:33:27,064 | WARNING | ZIP_WITH_PREDICTION decode failed (error: Error -3 while decompressing data: incorrect data check); channel replaced with black. width=1792 height=2646 depth=8 version=1
2026-04-09 23:33:27,070 | WARNING | Failed channel has been replaced by black
2026-04-09 23:33:27,136 | WARNING | ZIP_WITH_PREDICTION decode failed (error: Error -3 while decompressing data: incorrect data check); channel replaced with black. width=1792 height=2646 depth=8 version=1
2026-04-09 23:33:27,142 | WARNING | Failed channel has been replaced by black
2026-04-09 23:33:27,936 | WARNING | ZIP_WITH_PREDICTION decode failed (ValueError: Decompressed size exceeds expected maximum of 2816422 bytes); channel replaced with black. width=1421 height=1982 depth=8 version=1
2026-04-09 23:33:27,942 | WARNING | Failed channel has been replaced by black
2026-04-09 23:33:27,958 | WARNING | ZIP_WITH_PREDICTION decode failed (ValueError: Decompressed size exceeds expected maximum of 2816422 bytes); channel replaced with black. width=1421 height=1982 depth=8 version=1
2026-04-09 23:33:27,962 | WARNING | Failed channel has been replaced by black
2026-04-09 23:33:27,979 | WARNING | ZIP_WITH_PREDICTION decode failed (ValueError: Decompressed size exceeds expected maximum of 2816422 bytes); channel replaced with black. width=1421 height=1982 depth=8 version=1
2026-04-09 23:33:27,983 | WARNING | Failed channel has been replaced by black
2026-04-09 23:33:28,022 | WARNING | ZIP_WITH_PREDICTION decode failed (ValueError: Decompressed size exceeds expected maximum of 2816422 bytes); channel replaced with black. width=1421 height=1982 depth=8 version=1
2026-04-09 23:33:28,026 | WARNING | Failed channel has been replaced by black
2026-04-09 23:33:28,103 | WARNING | ZIP_WITH_PREDICTION decode failed (error: Error -3 while decompressing data: incorrect data check); channel replaced with black. width=2006 height=2006 depth=8 version=1
2026-04-09 23:33:28,109 | WARNING | Failed channel has been replaced by black
2026-04-09 23:33:28,139 | WARNING | ZIP_WITH_PREDICTION decode failed (error: Error -3 while decompressing data: incorrect data check); channel replaced with black. width=2006 height=2006 depth=8 version=1
2026-04-09 23:33:28,144 | WARNING | Failed channel has been replaced by black
2026-04-09 23:33:28,172 | WARNING | ZIP_WITH_PREDICTION decode failed (error: Error -3 while decompressing data: incorrect data check); channel replaced with black. width=2006 height=2006 depth=8 version=1
2026-04-09 23:33:28,177 | WARNING | Failed channel has been replaced by black
2026-04-09 23:33:28,239 | WARNING | ZIP_WITH_PREDICTION decode failed (error: Error -3 while decompressing data: incorrect data check); channel replaced with black. width=2006 height=2006 depth=8 version=1
2026-04-09 23:33:28,244 | WARNING | Failed channel has been replaced by black
2026-04-09 23:33:29,759 | WARNING | ZIP_WITH_PREDICTION decode failed (error: Error -3 while decompressing data: incorrect data check); channel replaced with black. width=1320 height=644 depth=8 version=1
2026-04-09 23:33:29,761 | WARNING | Failed channel has been replaced by black
2026-04-09 23:33:29,766 | WARNING | ZIP_WITH_PREDICTION decode failed (error: Error -3 while decompressing data: incorrect data check); channel replaced with black. width=1320 height=644 depth=8 version=1
2026-04-09 23:33:29,766 | WARNING | Failed channel has been replaced by black
2026-04-09 23:33:29,771 | WARNING | ZIP_WITH_PREDICTION decode failed (error: Error -3 while decompressing data: incorrect data check); channel replaced with black. width=1320 height=644 depth=8 version=1
2026-04-09 23:33:29,773 | WARNING | Failed channel has been replaced by black
2026-04-09 23:33:29,783 | WARNING | ZIP_WITH_PREDICTION decode failed (error: Error -3 while decompressing data: incorrect data check); channel replaced with black. width=1320 height=644 depth=8 version=1
2026-04-09 23:33:29,784 | WARNING | Failed channel has been replaced by black
2026-04-09 23:33:30,545 | WARNING | ZIP_WITH_PREDICTION decode failed (error: Error -3 while decompressing data: incorrect data check); channel replaced with black. width=119 height=213 depth=8 version=1
2026-04-09 23:33:30,546 | WARNING | Failed channel has been replaced by black
2026-04-09 23:33:30,547 | WARNING | ZIP_WITH_PREDICTION decode failed (error: Error -3 while decompressing data: incorrect data check); channel replaced with black. width=119 height=213 depth=8 version=1
2026-04-09 23:33:30,547 | WARNING | Failed channel has been replaced by black
2026-04-09 23:33:30,548 | WARNING | ZIP_WITH_PREDICTION decode failed (error: Error -3 while decompressing data: incorrect data check); channel replaced with black. width=119 height=213 depth=8 version=1
2026-04-09 23:33:30,548 | WARNING | Failed channel has been replaced by black
2026-04-09 23:33:30,548 | WARNING | ZIP_WITH_PREDICTION decode failed (error: Error -3 while decompressing data: incorrect data check); channel replaced with black. width=119 height=213 depth=8 version=1
2026-04-09 23:33:30,549 | WARNING | Failed channel has been replaced by black
2026-04-09 23:33:31,307 | WARNING | ZIP_WITH_PREDICTION decode failed (error: Error -3 while decompressing data: incorrect data check); channel replaced with black. width=1316 height=221 depth=8 version=1
2026-04-09 23:33:31,308 | WARNING | Failed channel has been replaced by black
2026-04-09 23:33:31,310 | WARNING | ZIP_WITH_PREDICTION decode failed (error: Error -3 while decompressing data: incorrect data check); channel replaced with black. width=1316 height=221 depth=8 version=1
2026-04-09 23:33:31,310 | WARNING | Failed channel has been replaced by black
2026-04-09 23:33:31,311 | WARNING | ZIP_WITH_PREDICTION decode failed (error: Error -3 while decompressing data: incorrect data check); channel replaced with black. width=1316 height=221 depth=8 version=1
2026-04-09 23:33:31,311 | WARNING | Failed channel has been replaced by black
2026-04-09 23:33:31,315 | WARNING | ZIP_WITH_PREDICTION decode failed (error: Error -3 while decompressing data: incorrect data check); channel replaced with black. width=1316 height=221 depth=8 version=1
2026-04-09 23:33:31,316 | WARNING | Failed channel has been replaced by black
2026-04-09 23:33:32,060 | WARNING | ZIP_WITH_PREDICTION decode failed (error: Error -3 while decompressing data: incorrect data check); channel replaced with black. width=118 height=214 depth=8 version=1
2026-04-09 23:33:32,060 | WARNING | Failed channel has been replaced by black
2026-04-09 23:33:32,061 | WARNING | ZIP_WITH_PREDICTION decode failed (error: Error -3 while decompressing data: incorrect data check); channel replaced with black. width=118 height=214 depth=8 version=1
2026-04-09 23:33:32,062 | WARNING | Failed channel has been replaced by black
2026-04-09 23:33:32,062 | WARNING | ZIP_WITH_PREDICTION decode failed (error: Error -3 while decompressing data: incorrect data check); channel replaced with black. width=118 height=214 depth=8 version=1
2026-04-09 23:33:32,062 | WARNING | Failed channel has been replaced by black
2026-04-09 23:33:32,063 | WARNING | ZIP_WITH_PREDICTION decode failed (error: Error -3 while decompressing data: incorrect data check); channel replaced with black. width=118 height=214 depth=8 version=1
2026-04-09 23:33:32,063 | WARNING | Failed channel has been replaced by black
2026-04-09 23:33:33,286 | INFO | [ok] nova.psd
2026-04-09 23:33:33,287 | INFO |     Cost 1: (172, 174, 291, 387) -> (196, 183, 315, 396) (target (196, 183, 315, 396), dx=24, dy=9)
2026-04-09 23:33:33,287 | INFO |     Power 1: (1480, 197, 1598, 411) -> (1507, 191, 1625, 405) (target (1507, 191, 1625, 405), dx=27, dy=-6)
2026-04-09 23:33:33,544 | INFO | [ok] orka.psd
2026-04-09 23:33:33,544 | INFO |     Cost 6: (163, 189, 332, 402) -> (163, 189, 332, 402) (target (163, 189, 332, 402), dx=0, dy=0)
2026-04-09 23:33:33,546 | INFO |     Power 11: (1453, 188, 1666, 402) -> (1453, 188, 1666, 402) (target (1453, 188, 1666, 402), dx=0, dy=0)
2026-04-09 23:33:33,782 | WARNING | ZIP_WITH_PREDICTION decode failed (error: Error -3 while decompressing data: incorrect data check); channel replaced with black. width=2318 height=2142 depth=8 version=1
2026-04-09 23:33:33,789 | WARNING | Failed channel has been replaced by black
2026-04-09 23:33:33,822 | WARNING | ZIP_WITH_PREDICTION decode failed (error: Error -3 while decompressing data: incorrect data check); channel replaced with black. width=2318 height=2142 depth=8 version=1
2026-04-09 23:33:33,828 | WARNING | Failed channel has been replaced by black
2026-04-09 23:33:33,862 | WARNING | ZIP_WITH_PREDICTION decode failed (error: Error -3 while decompressing data: incorrect data check); channel replaced with black. width=2318 height=2142 depth=8 version=1
2026-04-09 23:33:33,868 | WARNING | Failed channel has been replaced by black
2026-04-09 23:33:33,930 | WARNING | ZIP_WITH_PREDICTION decode failed (error: Error -3 while decompressing data: incorrect data check); channel replaced with black. width=2318 height=2142 depth=8 version=1
2026-04-09 23:33:33,936 | WARNING | Failed channel has been replaced by black
2026-04-09 23:33:34,737 | WARNING | ZIP_WITH_PREDICTION decode failed (ValueError: Decompressed size exceeds expected maximum of 1042926 bytes); channel replaced with black. width=1721 height=606 depth=8 version=1
2026-04-09 23:33:34,739 | WARNING | Failed channel has been replaced by black
2026-04-09 23:33:34,745 | WARNING | ZIP_WITH_PREDICTION decode failed (ValueError: Decompressed size exceeds expected maximum of 1042926 bytes); channel replaced with black. width=1721 height=606 depth=8 version=1
2026-04-09 23:33:34,747 | WARNING | Failed channel has been replaced by black
2026-04-09 23:33:34,753 | WARNING | ZIP_WITH_PREDICTION decode failed (ValueError: Decompressed size exceeds expected maximum of 1042926 bytes); channel replaced with black. width=1721 height=606 depth=8 version=1
2026-04-09 23:33:34,754 | WARNING | Failed channel has been replaced by black
2026-04-09 23:33:34,767 | WARNING | ZIP_WITH_PREDICTION decode failed (ValueError: Decompressed size exceeds expected maximum of 1042926 bytes); channel replaced with black. width=1721 height=606 depth=8 version=1
2026-04-09 23:33:34,769 | WARNING | Failed channel has been replaced by black
2026-04-09 23:33:35,540 | WARNING | ZIP_WITH_PREDICTION decode failed (ValueError: Decompressed size exceeds expected maximum of 3770442 bytes); channel replaced with black. width=1703 height=2214 depth=8 version=1
2026-04-09 23:33:35,545 | WARNING | Failed channel has been replaced by black
2026-04-09 23:33:35,569 | WARNING | ZIP_WITH_PREDICTION decode failed (ValueError: Decompressed size exceeds expected maximum of 3770442 bytes); channel replaced with black. width=1703 height=2214 depth=8 version=1
2026-04-09 23:33:35,575 | WARNING | Failed channel has been replaced by black
2026-04-09 23:33:35,598 | WARNING | ZIP_WITH_PREDICTION decode failed (ValueError: Decompressed size exceeds expected maximum of 3770442 bytes); channel replaced with black. width=1703 height=2214 depth=8 version=1
2026-04-09 23:33:35,603 | WARNING | Failed channel has been replaced by black
2026-04-09 23:33:35,653 | WARNING | ZIP_WITH_PREDICTION decode failed (ValueError: Decompressed size exceeds expected maximum of 3770442 bytes); channel replaced with black. width=1703 height=2214 depth=8 version=1
2026-04-09 23:33:35,657 | WARNING | Failed channel has been replaced by black
2026-04-09 23:33:36,444 | WARNING | ZIP_WITH_PREDICTION decode failed (error: Error -3 while decompressing data: incorrect data check); channel replaced with black. width=1792 height=2646 depth=8 version=1
2026-04-09 23:33:36,450 | WARNING | Failed channel has been replaced by black
2026-04-09 23:33:36,477 | WARNING | ZIP_WITH_PREDICTION decode failed (error: Error -3 while decompressing data: incorrect data check); channel replaced with black. width=1792 height=2646 depth=8 version=1
2026-04-09 23:33:36,483 | WARNING | Failed channel has been replaced by black
2026-04-09 23:33:36,510 | WARNING | ZIP_WITH_PREDICTION decode failed (error: Error -3 while decompressing data: incorrect data check); channel replaced with black. width=1792 height=2646 depth=8 version=1
2026-04-09 23:33:36,515 | WARNING | Failed channel has been replaced by black
2026-04-09 23:33:36,588 | WARNING | ZIP_WITH_PREDICTION decode failed (error: Error -3 while decompressing data: incorrect data check); channel replaced with black. width=1792 height=2646 depth=8 version=1
2026-04-09 23:33:36,595 | WARNING | Failed channel has been replaced by black
2026-04-09 23:33:37,384 | WARNING | ZIP_WITH_PREDICTION decode failed (ValueError: Decompressed size exceeds expected maximum of 2816422 bytes); channel replaced with black. width=1421 height=1982 depth=8 version=1
2026-04-09 23:33:37,388 | WARNING | Failed channel has been replaced by black
2026-04-09 23:33:37,403 | WARNING | ZIP_WITH_PREDICTION decode failed (ValueError: Decompressed size exceeds expected maximum of 2816422 bytes); channel replaced with black. width=1421 height=1982 depth=8 version=1
2026-04-09 23:33:37,407 | WARNING | Failed channel has been replaced by black
2026-04-09 23:33:37,424 | WARNING | ZIP_WITH_PREDICTION decode failed (ValueError: Decompressed size exceeds expected maximum of 2816422 bytes); channel replaced with black. width=1421 height=1982 depth=8 version=1
2026-04-09 23:33:37,427 | WARNING | Failed channel has been replaced by black
2026-04-09 23:33:37,465 | WARNING | ZIP_WITH_PREDICTION decode failed (ValueError: Decompressed size exceeds expected maximum of 2816422 bytes); channel replaced with black. width=1421 height=1982 depth=8 version=1
2026-04-09 23:33:37,469 | WARNING | Failed channel has been replaced by black
2026-04-09 23:33:37,543 | WARNING | ZIP_WITH_PREDICTION decode failed (error: Error -3 while decompressing data: incorrect data check); channel replaced with black. width=2006 height=2006 depth=8 version=1
2026-04-09 23:33:37,549 | WARNING | Failed channel has been replaced by black
2026-04-09 23:33:37,578 | WARNING | ZIP_WITH_PREDICTION decode failed (error: Error -3 while decompressing data: incorrect data check); channel replaced with black. width=2006 height=2006 depth=8 version=1
2026-04-09 23:33:37,584 | WARNING | Failed channel has been replaced by black
2026-04-09 23:33:37,612 | WARNING | ZIP_WITH_PREDICTION decode failed (error: Error -3 while decompressing data: incorrect data check); channel replaced with black. width=2006 height=2006 depth=8 version=1
2026-04-09 23:33:37,617 | WARNING | Failed channel has been replaced by black
2026-04-09 23:33:37,665 | WARNING | ZIP_WITH_PREDICTION decode failed (error: Error -3 while decompressing data: incorrect data check); channel replaced with black. width=2006 height=2006 depth=8 version=1
2026-04-09 23:33:37,670 | WARNING | Failed channel has been replaced by black
2026-04-09 23:33:39,190 | WARNING | ZIP_WITH_PREDICTION decode failed (ValueError: Decompressed size exceeds expected maximum of 406350 bytes); channel replaced with black. width=1935 height=210 depth=8 version=1
2026-04-09 23:33:39,191 | WARNING | Failed channel has been replaced by black
2026-04-09 23:33:39,193 | WARNING | ZIP_WITH_PREDICTION decode failed (ValueError: Decompressed size exceeds expected maximum of 406350 bytes); channel replaced with black. width=1935 height=210 depth=8 version=1
2026-04-09 23:33:39,194 | WARNING | Failed channel has been replaced by black
2026-04-09 23:33:39,196 | WARNING | ZIP_WITH_PREDICTION decode failed (ValueError: Decompressed size exceeds expected maximum of 406350 bytes); channel replaced with black. width=1935 height=210 depth=8 version=1
2026-04-09 23:33:39,196 | WARNING | Failed channel has been replaced by black
2026-04-09 23:33:39,201 | WARNING | ZIP_WITH_PREDICTION decode failed (ValueError: Decompressed size exceeds expected maximum of 406350 bytes); channel replaced with black. width=1935 height=210 depth=8 version=1
2026-04-09 23:33:39,202 | WARNING | Failed channel has been replaced by black
2026-04-09 23:33:39,981 | WARNING | ZIP_WITH_PREDICTION decode failed (ValueError: Decompressed size exceeds expected maximum of 35997 bytes); channel replaced with black. width=169 height=213 depth=8 version=1
2026-04-09 23:33:39,982 | WARNING | Failed channel has been replaced by black
2026-04-09 23:33:39,983 | WARNING | ZIP_WITH_PREDICTION decode failed (ValueError: Decompressed size exceeds expected maximum of 35997 bytes); channel replaced with black. width=169 height=213 depth=8 version=1
2026-04-09 23:33:39,983 | WARNING | Failed channel has been replaced by black
2026-04-09 23:33:39,984 | WARNING | ZIP_WITH_PREDICTION decode failed (ValueError: Decompressed size exceeds expected maximum of 35997 bytes); channel replaced with black. width=169 height=213 depth=8 version=1
2026-04-09 23:33:39,984 | WARNING | Failed channel has been replaced by black
2026-04-09 23:33:39,984 | WARNING | ZIP_WITH_PREDICTION decode failed (ValueError: Decompressed size exceeds expected maximum of 35997 bytes); channel replaced with black. width=169 height=213 depth=8 version=1
2026-04-09 23:33:39,985 | WARNING | Failed channel has been replaced by black
2026-04-09 23:33:40,745 | WARNING | ZIP_WITH_PREDICTION decode failed (error: Error -3 while decompressing data: incorrect data check); channel replaced with black. width=1410 height=104 depth=8 version=1
2026-04-09 23:33:40,746 | WARNING | Failed channel has been replaced by black
2026-04-09 23:33:40,747 | WARNING | ZIP_WITH_PREDICTION decode failed (error: Error -3 while decompressing data: incorrect data check); channel replaced with black. width=1410 height=104 depth=8 version=1
2026-04-09 23:33:40,747 | WARNING | Failed channel has been replaced by black
2026-04-09 23:33:40,748 | WARNING | ZIP_WITH_PREDICTION decode failed (error: Error -3 while decompressing data: incorrect data check); channel replaced with black. width=1410 height=104 depth=8 version=1
2026-04-09 23:33:40,748 | WARNING | Failed channel has been replaced by black
2026-04-09 23:33:40,750 | WARNING | ZIP_WITH_PREDICTION decode failed (error: Error -3 while decompressing data: incorrect data check); channel replaced with black. width=1410 height=104 depth=8 version=1
2026-04-09 23:33:40,750 | WARNING | Failed channel has been replaced by black
2026-04-09 23:33:41,497 | WARNING | ZIP_WITH_PREDICTION decode failed (ValueError: Decompressed size exceeds expected maximum of 35310 bytes); channel replaced with black. width=165 height=214 depth=8 version=1
2026-04-09 23:33:41,498 | WARNING | Failed channel has been replaced by black
2026-04-09 23:33:41,499 | WARNING | ZIP_WITH_PREDICTION decode failed (ValueError: Decompressed size exceeds expected maximum of 35310 bytes); channel replaced with black. width=165 height=214 depth=8 version=1
2026-04-09 23:33:41,499 | WARNING | Failed channel has been replaced by black
2026-04-09 23:33:41,500 | WARNING | ZIP_WITH_PREDICTION decode failed (ValueError: Decompressed size exceeds expected maximum of 35310 bytes); channel replaced with black. width=165 height=214 depth=8 version=1
2026-04-09 23:33:41,500 | WARNING | Failed channel has been replaced by black
2026-04-09 23:33:41,501 | WARNING | ZIP_WITH_PREDICTION decode failed (ValueError: Decompressed size exceeds expected maximum of 35310 bytes); channel replaced with black. width=165 height=214 depth=8 version=1
2026-04-09 23:33:41,501 | WARNING | Failed channel has been replaced by black
2026-04-09 23:33:42,705 | INFO | [ok] program01-herbie.psd
2026-04-09 23:33:42,705 | INFO |     Cost 2: (151, 174, 320, 387) -> (166, 186, 335, 399) (target (166, 186, 335, 399), dx=15, dy=12)
2026-04-09 23:33:42,706 | INFO |     Power 3: (1460, 197, 1625, 411) -> (1478, 185, 1643, 399) (target (1478, 185, 1643, 399), dx=18, dy=-12)
2026-04-09 23:33:42,939 | INFO | [ok] red-skull.psd
2026-04-09 23:33:42,939 | INFO |     Cost 5: (170, 186, 331, 399) -> (170, 186, 331, 399) (target (170, 186, 331, 399), dx=0, dy=0)
2026-04-09 23:33:42,940 | INFO |     Power 14: (1429, 187, 1687, 402) -> (1429, 187, 1687, 402) (target (1429, 187, 1687, 402), dx=0, dy=0)
2026-04-09 23:33:43,119 | WARNING | ZIP_WITH_PREDICTION decode failed (error: Error -3 while decompressing data: incorrect data check); channel replaced with black. width=2318 height=2142 depth=8 version=1
2026-04-09 23:33:43,125 | WARNING | Failed channel has been replaced by black
2026-04-09 23:33:43,157 | WARNING | ZIP_WITH_PREDICTION decode failed (error: Error -3 while decompressing data: incorrect data check); channel replaced with black. width=2318 height=2142 depth=8 version=1
2026-04-09 23:33:43,163 | WARNING | Failed channel has been replaced by black
2026-04-09 23:33:43,195 | WARNING | ZIP_WITH_PREDICTION decode failed (error: Error -3 while decompressing data: incorrect data check); channel replaced with black. width=2318 height=2142 depth=8 version=1
2026-04-09 23:33:43,202 | WARNING | Failed channel has been replaced by black
2026-04-09 23:33:43,262 | WARNING | ZIP_WITH_PREDICTION decode failed (error: Error -3 while decompressing data: incorrect data check); channel replaced with black. width=2318 height=2142 depth=8 version=1
2026-04-09 23:33:43,268 | WARNING | Failed channel has been replaced by black
2026-04-09 23:33:44,055 | WARNING | ZIP_WITH_PREDICTION decode failed (ValueError: Decompressed size exceeds expected maximum of 1042926 bytes); channel replaced with black. width=1721 height=606 depth=8 version=1
2026-04-09 23:33:44,056 | WARNING | Failed channel has been replaced by black
2026-04-09 23:33:44,062 | WARNING | ZIP_WITH_PREDICTION decode failed (ValueError: Decompressed size exceeds expected maximum of 1042926 bytes); channel replaced with black. width=1721 height=606 depth=8 version=1
2026-04-09 23:33:44,063 | WARNING | Failed channel has been replaced by black
2026-04-09 23:33:44,068 | WARNING | ZIP_WITH_PREDICTION decode failed (ValueError: Decompressed size exceeds expected maximum of 1042926 bytes); channel replaced with black. width=1721 height=606 depth=8 version=1
2026-04-09 23:33:44,069 | WARNING | Failed channel has been replaced by black
2026-04-09 23:33:44,083 | WARNING | ZIP_WITH_PREDICTION decode failed (ValueError: Decompressed size exceeds expected maximum of 1042926 bytes); channel replaced with black. width=1721 height=606 depth=8 version=1
2026-04-09 23:33:44,083 | WARNING | Failed channel has been replaced by black
2026-04-09 23:33:44,852 | WARNING | ZIP_WITH_PREDICTION decode failed (ValueError: Decompressed size exceeds expected maximum of 3770442 bytes); channel replaced with black. width=1703 height=2214 depth=8 version=1
2026-04-09 23:33:44,856 | WARNING | Failed channel has been replaced by black
2026-04-09 23:33:44,880 | WARNING | ZIP_WITH_PREDICTION decode failed (ValueError: Decompressed size exceeds expected maximum of 3770442 bytes); channel replaced with black. width=1703 height=2214 depth=8 version=1
2026-04-09 23:33:44,885 | WARNING | Failed channel has been replaced by black
2026-04-09 23:33:44,909 | WARNING | ZIP_WITH_PREDICTION decode failed (ValueError: Decompressed size exceeds expected maximum of 3770442 bytes); channel replaced with black. width=1703 height=2214 depth=8 version=1
2026-04-09 23:33:44,914 | WARNING | Failed channel has been replaced by black
2026-04-09 23:33:44,971 | WARNING | ZIP_WITH_PREDICTION decode failed (ValueError: Decompressed size exceeds expected maximum of 3770442 bytes); channel replaced with black. width=1703 height=2214 depth=8 version=1
2026-04-09 23:33:44,975 | WARNING | Failed channel has been replaced by black
2026-04-09 23:33:45,773 | WARNING | ZIP_WITH_PREDICTION decode failed (error: Error -3 while decompressing data: incorrect data check); channel replaced with black. width=1792 height=2646 depth=8 version=1
2026-04-09 23:33:45,780 | WARNING | Failed channel has been replaced by black
2026-04-09 23:33:45,814 | WARNING | ZIP_WITH_PREDICTION decode failed (error: Error -3 while decompressing data: incorrect data check); channel replaced with black. width=1792 height=2646 depth=8 version=1
2026-04-09 23:33:45,823 | WARNING | Failed channel has been replaced by black
2026-04-09 23:33:45,853 | WARNING | ZIP_WITH_PREDICTION decode failed (error: Error -3 while decompressing data: incorrect data check); channel replaced with black. width=1792 height=2646 depth=8 version=1
2026-04-09 23:33:45,860 | WARNING | Failed channel has been replaced by black
2026-04-09 23:33:45,924 | WARNING | ZIP_WITH_PREDICTION decode failed (error: Error -3 while decompressing data: incorrect data check); channel replaced with black. width=1792 height=2646 depth=8 version=1
2026-04-09 23:33:45,930 | WARNING | Failed channel has been replaced by black
2026-04-09 23:33:46,743 | WARNING | ZIP_WITH_PREDICTION decode failed (ValueError: Decompressed size exceeds expected maximum of 2816422 bytes); channel replaced with black. width=1421 height=1982 depth=8 version=1
2026-04-09 23:33:46,747 | WARNING | Failed channel has been replaced by black
2026-04-09 23:33:46,768 | WARNING | ZIP_WITH_PREDICTION decode failed (ValueError: Decompressed size exceeds expected maximum of 2816422 bytes); channel replaced with black. width=1421 height=1982 depth=8 version=1
2026-04-09 23:33:46,773 | WARNING | Failed channel has been replaced by black
2026-04-09 23:33:46,791 | WARNING | ZIP_WITH_PREDICTION decode failed (ValueError: Decompressed size exceeds expected maximum of 2816422 bytes); channel replaced with black. width=1421 height=1982 depth=8 version=1
2026-04-09 23:33:46,794 | WARNING | Failed channel has been replaced by black
2026-04-09 23:33:46,832 | WARNING | ZIP_WITH_PREDICTION decode failed (ValueError: Decompressed size exceeds expected maximum of 2816422 bytes); channel replaced with black. width=1421 height=1982 depth=8 version=1
2026-04-09 23:33:46,836 | WARNING | Failed channel has been replaced by black
2026-04-09 23:33:46,911 | WARNING | ZIP_WITH_PREDICTION decode failed (error: Error -3 while decompressing data: incorrect data check); channel replaced with black. width=2006 height=2006 depth=8 version=1
2026-04-09 23:33:46,916 | WARNING | Failed channel has been replaced by black
2026-04-09 23:33:46,944 | WARNING | ZIP_WITH_PREDICTION decode failed (error: Error -3 while decompressing data: incorrect data check); channel replaced with black. width=2006 height=2006 depth=8 version=1
2026-04-09 23:33:46,949 | WARNING | Failed channel has been replaced by black
2026-04-09 23:33:46,978 | WARNING | ZIP_WITH_PREDICTION decode failed (error: Error -3 while decompressing data: incorrect data check); channel replaced with black. width=2006 height=2006 depth=8 version=1
2026-04-09 23:33:46,983 | WARNING | Failed channel has been replaced by black
2026-04-09 23:33:47,036 | WARNING | ZIP_WITH_PREDICTION decode failed (error: Error -3 while decompressing data: incorrect data check); channel replaced with black. width=2006 height=2006 depth=8 version=1
2026-04-09 23:33:47,042 | WARNING | Failed channel has been replaced by black
2026-04-09 23:33:48,613 | WARNING | ZIP_WITH_PREDICTION decode failed (error: Error -3 while decompressing data: incorrect data check); channel replaced with black. width=1718 height=644 depth=8 version=1
2026-04-09 23:33:48,615 | WARNING | Failed channel has been replaced by black
2026-04-09 23:33:48,621 | WARNING | ZIP_WITH_PREDICTION decode failed (error: Error -3 while decompressing data: incorrect data check); channel replaced with black. width=1718 height=644 depth=8 version=1
2026-04-09 23:33:48,622 | WARNING | Failed channel has been replaced by black
2026-04-09 23:33:48,628 | WARNING | ZIP_WITH_PREDICTION decode failed (error: Error -3 while decompressing data: incorrect data check); channel replaced with black. width=1718 height=644 depth=8 version=1
2026-04-09 23:33:48,630 | WARNING | Failed channel has been replaced by black
2026-04-09 23:33:48,648 | WARNING | ZIP_WITH_PREDICTION decode failed (error: Error -3 while decompressing data: incorrect data check); channel replaced with black. width=1718 height=644 depth=8 version=1
2026-04-09 23:33:48,649 | WARNING | Failed channel has been replaced by black
2026-04-09 23:33:49,415 | WARNING | ZIP_WITH_PREDICTION decode failed (ValueError: Decompressed size exceeds expected maximum of 35358 bytes); channel replaced with black. width=166 height=213 depth=8 version=1
2026-04-09 23:33:49,415 | WARNING | Failed channel has been replaced by black
2026-04-09 23:33:49,417 | WARNING | ZIP_WITH_PREDICTION decode failed (ValueError: Decompressed size exceeds expected maximum of 35358 bytes); channel replaced with black. width=166 height=213 depth=8 version=1
2026-04-09 23:33:49,417 | WARNING | Failed channel has been replaced by black
2026-04-09 23:33:49,417 | WARNING | ZIP_WITH_PREDICTION decode failed (ValueError: Decompressed size exceeds expected maximum of 35358 bytes); channel replaced with black. width=166 height=213 depth=8 version=1
2026-04-09 23:33:49,418 | WARNING | Failed channel has been replaced by black
2026-04-09 23:33:49,418 | WARNING | ZIP_WITH_PREDICTION decode failed (ValueError: Decompressed size exceeds expected maximum of 35358 bytes); channel replaced with black. width=166 height=213 depth=8 version=1
2026-04-09 23:33:49,418 | WARNING | Failed channel has been replaced by black
2026-04-09 23:33:50,196 | WARNING | ZIP_WITH_PREDICTION decode failed (error: Error -3 while decompressing data: incorrect data check); channel replaced with black. width=1424 height=238 depth=8 version=1
2026-04-09 23:33:50,198 | WARNING | Failed channel has been replaced by black
2026-04-09 23:33:50,200 | WARNING | ZIP_WITH_PREDICTION decode failed (error: Error -3 while decompressing data: incorrect data check); channel replaced with black. width=1424 height=238 depth=8 version=1
2026-04-09 23:33:50,200 | WARNING | Failed channel has been replaced by black
2026-04-09 23:33:50,202 | WARNING | ZIP_WITH_PREDICTION decode failed (error: Error -3 while decompressing data: incorrect data check); channel replaced with black. width=1424 height=238 depth=8 version=1
2026-04-09 23:33:50,202 | WARNING | Failed channel has been replaced by black
2026-04-09 23:33:50,206 | WARNING | ZIP_WITH_PREDICTION decode failed (error: Error -3 while decompressing data: incorrect data check); channel replaced with black. width=1424 height=238 depth=8 version=1
2026-04-09 23:33:50,206 | WARNING | Failed channel has been replaced by black
2026-04-09 23:33:50,946 | WARNING | ZIP_WITH_PREDICTION decode failed (ValueError: Decompressed size exceeds expected maximum of 38734 bytes); channel replaced with black. width=181 height=214 depth=8 version=1
2026-04-09 23:33:50,946 | WARNING | Failed channel has been replaced by black
2026-04-09 23:33:50,948 | WARNING | ZIP_WITH_PREDICTION decode failed (ValueError: Decompressed size exceeds expected maximum of 38734 bytes); channel replaced with black. width=181 height=214 depth=8 version=1
2026-04-09 23:33:50,948 | WARNING | Failed channel has been replaced by black
2026-04-09 23:33:50,948 | WARNING | ZIP_WITH_PREDICTION decode failed (ValueError: Decompressed size exceeds expected maximum of 38734 bytes); channel replaced with black. width=181 height=214 depth=8 version=1
2026-04-09 23:33:50,949 | WARNING | Failed channel has been replaced by black
2026-04-09 23:33:50,949 | WARNING | ZIP_WITH_PREDICTION decode failed (ValueError: Decompressed size exceeds expected maximum of 38734 bytes); channel replaced with black. width=181 height=214 depth=8 version=1
2026-04-09 23:33:50,949 | WARNING | Failed channel has been replaced by black
2026-04-09 23:33:52,181 | INFO | [ok] sage.psd
2026-04-09 23:33:52,181 | INFO |     Cost 3: (152, 174, 318, 387) -> (167, 183, 333, 396) (target (167, 183, 333, 396), dx=15, dy=9)
2026-04-09 23:33:52,184 | INFO |     Power 0: (1464, 197, 1645, 411) -> (1464, 191, 1645, 405) (target (1464, 191, 1645, 405), dx=0, dy=-6)
2026-04-09 23:33:52,372 | WARNING | ZIP_WITH_PREDICTION decode failed (error: Error -3 while decompressing data: incorrect data check); channel replaced with black. width=2318 height=2142 depth=8 version=1
2026-04-09 23:33:52,380 | WARNING | Failed channel has been replaced by black
2026-04-09 23:33:52,413 | WARNING | ZIP_WITH_PREDICTION decode failed (error: Error -3 while decompressing data: incorrect data check); channel replaced with black. width=2318 height=2142 depth=8 version=1
2026-04-09 23:33:52,419 | WARNING | Failed channel has been replaced by black
2026-04-09 23:33:52,454 | WARNING | ZIP_WITH_PREDICTION decode failed (error: Error -3 while decompressing data: incorrect data check); channel replaced with black. width=2318 height=2142 depth=8 version=1
2026-04-09 23:33:52,461 | WARNING | Failed channel has been replaced by black
2026-04-09 23:33:52,527 | WARNING | ZIP_WITH_PREDICTION decode failed (error: Error -3 while decompressing data: incorrect data check); channel replaced with black. width=2318 height=2142 depth=8 version=1
2026-04-09 23:33:52,535 | WARNING | Failed channel has been replaced by black
2026-04-09 23:33:53,340 | WARNING | ZIP_WITH_PREDICTION decode failed (ValueError: Decompressed size exceeds expected maximum of 1042926 bytes); channel replaced with black. width=1721 height=606 depth=8 version=1
2026-04-09 23:33:53,341 | WARNING | Failed channel has been replaced by black
2026-04-09 23:33:53,347 | WARNING | ZIP_WITH_PREDICTION decode failed (ValueError: Decompressed size exceeds expected maximum of 1042926 bytes); channel replaced with black. width=1721 height=606 depth=8 version=1
2026-04-09 23:33:53,349 | WARNING | Failed channel has been replaced by black
2026-04-09 23:33:53,354 | WARNING | ZIP_WITH_PREDICTION decode failed (ValueError: Decompressed size exceeds expected maximum of 1042926 bytes); channel replaced with black. width=1721 height=606 depth=8 version=1
2026-04-09 23:33:53,354 | WARNING | Failed channel has been replaced by black
2026-04-09 23:33:53,369 | WARNING | ZIP_WITH_PREDICTION decode failed (ValueError: Decompressed size exceeds expected maximum of 1042926 bytes); channel replaced with black. width=1721 height=606 depth=8 version=1
2026-04-09 23:33:53,369 | WARNING | Failed channel has been replaced by black
2026-04-09 23:33:54,155 | WARNING | ZIP_WITH_PREDICTION decode failed (ValueError: Decompressed size exceeds expected maximum of 3770442 bytes); channel replaced with black. width=1703 height=2214 depth=8 version=1
2026-04-09 23:33:54,160 | WARNING | Failed channel has been replaced by black
2026-04-09 23:33:54,183 | WARNING | ZIP_WITH_PREDICTION decode failed (ValueError: Decompressed size exceeds expected maximum of 3770442 bytes); channel replaced with black. width=1703 height=2214 depth=8 version=1
2026-04-09 23:33:54,188 | WARNING | Failed channel has been replaced by black
2026-04-09 23:33:54,212 | WARNING | ZIP_WITH_PREDICTION decode failed (ValueError: Decompressed size exceeds expected maximum of 3770442 bytes); channel replaced with black. width=1703 height=2214 depth=8 version=1
2026-04-09 23:33:54,218 | WARNING | Failed channel has been replaced by black
2026-04-09 23:33:54,279 | WARNING | ZIP_WITH_PREDICTION decode failed (ValueError: Decompressed size exceeds expected maximum of 3770442 bytes); channel replaced with black. width=1703 height=2214 depth=8 version=1
2026-04-09 23:33:54,284 | WARNING | Failed channel has been replaced by black
2026-04-09 23:33:55,120 | WARNING | ZIP_WITH_PREDICTION decode failed (error: Error -3 while decompressing data: incorrect data check); channel replaced with black. width=1792 height=2646 depth=8 version=1
2026-04-09 23:33:55,129 | WARNING | Failed channel has been replaced by black
2026-04-09 23:33:55,164 | WARNING | ZIP_WITH_PREDICTION decode failed (error: Error -3 while decompressing data: incorrect data check); channel replaced with black. width=1792 height=2646 depth=8 version=1
2026-04-09 23:33:55,172 | WARNING | Failed channel has been replaced by black
2026-04-09 23:33:55,200 | WARNING | ZIP_WITH_PREDICTION decode failed (error: Error -3 while decompressing data: incorrect data check); channel replaced with black. width=1792 height=2646 depth=8 version=1
2026-04-09 23:33:55,206 | WARNING | Failed channel has been replaced by black
2026-04-09 23:33:55,269 | WARNING | ZIP_WITH_PREDICTION decode failed (error: Error -3 while decompressing data: incorrect data check); channel replaced with black. width=1792 height=2646 depth=8 version=1
2026-04-09 23:33:55,275 | WARNING | Failed channel has been replaced by black
2026-04-09 23:33:56,086 | WARNING | ZIP_WITH_PREDICTION decode failed (ValueError: Decompressed size exceeds expected maximum of 2816422 bytes); channel replaced with black. width=1421 height=1982 depth=8 version=1
2026-04-09 23:33:56,090 | WARNING | Failed channel has been replaced by black
2026-04-09 23:33:56,109 | WARNING | ZIP_WITH_PREDICTION decode failed (ValueError: Decompressed size exceeds expected maximum of 2816422 bytes); channel replaced with black. width=1421 height=1982 depth=8 version=1
2026-04-09 23:33:56,113 | WARNING | Failed channel has been replaced by black
2026-04-09 23:33:56,131 | WARNING | ZIP_WITH_PREDICTION decode failed (ValueError: Decompressed size exceeds expected maximum of 2816422 bytes); channel replaced with black. width=1421 height=1982 depth=8 version=1
2026-04-09 23:33:56,137 | WARNING | Failed channel has been replaced by black
2026-04-09 23:33:56,191 | WARNING | ZIP_WITH_PREDICTION decode failed (ValueError: Decompressed size exceeds expected maximum of 2816422 bytes); channel replaced with black. width=1421 height=1982 depth=8 version=1
2026-04-09 23:33:56,198 | WARNING | Failed channel has been replaced by black
2026-04-09 23:33:56,278 | WARNING | ZIP_WITH_PREDICTION decode failed (error: Error -3 while decompressing data: incorrect data check); channel replaced with black. width=2006 height=2006 depth=8 version=1
2026-04-09 23:33:56,284 | WARNING | Failed channel has been replaced by black
2026-04-09 23:33:56,313 | WARNING | ZIP_WITH_PREDICTION decode failed (error: Error -3 while decompressing data: incorrect data check); channel replaced with black. width=2006 height=2006 depth=8 version=1
2026-04-09 23:33:56,319 | WARNING | Failed channel has been replaced by black
2026-04-09 23:33:56,349 | WARNING | ZIP_WITH_PREDICTION decode failed (error: Error -3 while decompressing data: incorrect data check); channel replaced with black. width=2006 height=2006 depth=8 version=1
2026-04-09 23:33:56,354 | WARNING | Failed channel has been replaced by black
2026-04-09 23:33:56,410 | WARNING | ZIP_WITH_PREDICTION decode failed (error: Error -3 while decompressing data: incorrect data check); channel replaced with black. width=2006 height=2006 depth=8 version=1
2026-04-09 23:33:56,416 | WARNING | Failed channel has been replaced by black
2026-04-09 23:33:58,028 | WARNING | ZIP_WITH_PREDICTION decode failed (error: Error -3 while decompressing data: incorrect data check); channel replaced with black. width=1101 height=644 depth=8 version=1
2026-04-09 23:33:58,030 | WARNING | Failed channel has been replaced by black
2026-04-09 23:33:58,034 | WARNING | ZIP_WITH_PREDICTION decode failed (error: Error -3 while decompressing data: incorrect data check); channel replaced with black. width=1101 height=644 depth=8 version=1
2026-04-09 23:33:58,035 | WARNING | Failed channel has been replaced by black
2026-04-09 23:33:58,039 | WARNING | ZIP_WITH_PREDICTION decode failed (error: Error -3 while decompressing data: incorrect data check); channel replaced with black. width=1101 height=644 depth=8 version=1
2026-04-09 23:33:58,040 | WARNING | Failed channel has been replaced by black
2026-04-09 23:33:58,049 | WARNING | ZIP_WITH_PREDICTION decode failed (error: Error -3 while decompressing data: incorrect data check); channel replaced with black. width=1101 height=644 depth=8 version=1
2026-04-09 23:33:58,052 | WARNING | Failed channel has been replaced by black
2026-04-09 23:33:58,801 | WARNING | ZIP_WITH_PREDICTION decode failed (ValueError: Decompressed size exceeds expected maximum of 35997 bytes); channel replaced with black. width=169 height=213 depth=8 version=1
2026-04-09 23:33:58,802 | WARNING | Failed channel has been replaced by black
2026-04-09 23:33:58,803 | WARNING | ZIP_WITH_PREDICTION decode failed (ValueError: Decompressed size exceeds expected maximum of 35997 bytes); channel replaced with black. width=169 height=213 depth=8 version=1
2026-04-09 23:33:58,803 | WARNING | Failed channel has been replaced by black
2026-04-09 23:33:58,804 | WARNING | ZIP_WITH_PREDICTION decode failed (ValueError: Decompressed size exceeds expected maximum of 35997 bytes); channel replaced with black. width=169 height=213 depth=8 version=1
2026-04-09 23:33:58,804 | WARNING | Failed channel has been replaced by black
2026-04-09 23:33:58,805 | WARNING | ZIP_WITH_PREDICTION decode failed (ValueError: Decompressed size exceeds expected maximum of 35997 bytes); channel replaced with black. width=169 height=213 depth=8 version=1
2026-04-09 23:33:58,805 | WARNING | Failed channel has been replaced by black
2026-04-09 23:33:59,558 | WARNING | ZIP_WITH_PREDICTION decode failed (error: Error -3 while decompressing data: incorrect data check); channel replaced with black. width=1428 height=221 depth=8 version=1
2026-04-09 23:33:59,560 | WARNING | Failed channel has been replaced by black
2026-04-09 23:33:59,562 | WARNING | ZIP_WITH_PREDICTION decode failed (error: Error -3 while decompressing data: incorrect data check); channel replaced with black. width=1428 height=221 depth=8 version=1
2026-04-09 23:33:59,562 | WARNING | Failed channel has been replaced by black
2026-04-09 23:33:59,564 | WARNING | ZIP_WITH_PREDICTION decode failed (error: Error -3 while decompressing data: incorrect data check); channel replaced with black. width=1428 height=221 depth=8 version=1
2026-04-09 23:33:59,564 | WARNING | Failed channel has been replaced by black
2026-04-09 23:33:59,568 | WARNING | ZIP_WITH_PREDICTION decode failed (error: Error -3 while decompressing data: incorrect data check); channel replaced with black. width=1428 height=221 depth=8 version=1
2026-04-09 23:33:59,568 | WARNING | Failed channel has been replaced by black
2026-04-09 23:34:00,331 | WARNING | ZIP_WITH_PREDICTION decode failed (ValueError: Decompressed size exceeds expected maximum of 35310 bytes); channel replaced with black. width=165 height=214 depth=8 version=1
2026-04-09 23:34:00,331 | WARNING | Failed channel has been replaced by black
2026-04-09 23:34:00,333 | WARNING | ZIP_WITH_PREDICTION decode failed (ValueError: Decompressed size exceeds expected maximum of 35310 bytes); channel replaced with black. width=165 height=214 depth=8 version=1
2026-04-09 23:34:00,333 | WARNING | Failed channel has been replaced by black
2026-04-09 23:34:00,334 | WARNING | ZIP_WITH_PREDICTION decode failed (ValueError: Decompressed size exceeds expected maximum of 35310 bytes); channel replaced with black. width=165 height=214 depth=8 version=1
2026-04-09 23:34:00,334 | WARNING | Failed channel has been replaced by black
2026-04-09 23:34:00,334 | WARNING | ZIP_WITH_PREDICTION decode failed (ValueError: Decompressed size exceeds expected maximum of 35310 bytes); channel replaced with black. width=165 height=214 depth=8 version=1
2026-04-09 23:34:00,335 | WARNING | Failed channel has been replaced by black
2026-04-09 23:34:01,554 | INFO | [ok] scarlet-witch.psd
2026-04-09 23:34:01,554 | INFO |     Cost 2: (151, 174, 320, 387) -> (166, 186, 335, 399) (target (166, 186, 335, 399), dx=15, dy=12)
2026-04-09 23:34:01,555 | INFO |     Power 3: (1460, 197, 1625, 411) -> (1478, 185, 1643, 399) (target (1478, 185, 1643, 399), dx=18, dy=-12)
2026-04-09 23:34:01,750 | WARNING | ZIP_WITH_PREDICTION decode failed (error: Error -3 while decompressing data: incorrect data check); channel replaced with black. width=2318 height=2142 depth=8 version=1
2026-04-09 23:34:01,757 | WARNING | Failed channel has been replaced by black
2026-04-09 23:34:01,788 | WARNING | ZIP_WITH_PREDICTION decode failed (error: Error -3 while decompressing data: incorrect data check); channel replaced with black. width=2318 height=2142 depth=8 version=1
2026-04-09 23:34:01,795 | WARNING | Failed channel has been replaced by black
2026-04-09 23:34:01,828 | WARNING | ZIP_WITH_PREDICTION decode failed (error: Error -3 while decompressing data: incorrect data check); channel replaced with black. width=2318 height=2142 depth=8 version=1
2026-04-09 23:34:01,834 | WARNING | Failed channel has been replaced by black
2026-04-09 23:34:01,895 | WARNING | ZIP_WITH_PREDICTION decode failed (error: Error -3 while decompressing data: incorrect data check); channel replaced with black. width=2318 height=2142 depth=8 version=1
2026-04-09 23:34:01,901 | WARNING | Failed channel has been replaced by black
2026-04-09 23:34:02,684 | WARNING | ZIP_WITH_PREDICTION decode failed (ValueError: Decompressed size exceeds expected maximum of 1042926 bytes); channel replaced with black. width=1721 height=606 depth=8 version=1
2026-04-09 23:34:02,684 | WARNING | Failed channel has been replaced by black
2026-04-09 23:34:02,690 | WARNING | ZIP_WITH_PREDICTION decode failed (ValueError: Decompressed size exceeds expected maximum of 1042926 bytes); channel replaced with black. width=1721 height=606 depth=8 version=1
2026-04-09 23:34:02,691 | WARNING | Failed channel has been replaced by black
2026-04-09 23:34:02,696 | WARNING | ZIP_WITH_PREDICTION decode failed (ValueError: Decompressed size exceeds expected maximum of 1042926 bytes); channel replaced with black. width=1721 height=606 depth=8 version=1
2026-04-09 23:34:02,697 | WARNING | Failed channel has been replaced by black
2026-04-09 23:34:02,710 | WARNING | ZIP_WITH_PREDICTION decode failed (ValueError: Decompressed size exceeds expected maximum of 1042926 bytes); channel replaced with black. width=1721 height=606 depth=8 version=1
2026-04-09 23:34:02,711 | WARNING | Failed channel has been replaced by black
2026-04-09 23:34:03,470 | WARNING | ZIP_WITH_PREDICTION decode failed (ValueError: Decompressed size exceeds expected maximum of 3770442 bytes); channel replaced with black. width=1703 height=2214 depth=8 version=1
2026-04-09 23:34:03,475 | WARNING | Failed channel has been replaced by black
2026-04-09 23:34:03,498 | WARNING | ZIP_WITH_PREDICTION decode failed (ValueError: Decompressed size exceeds expected maximum of 3770442 bytes); channel replaced with black. width=1703 height=2214 depth=8 version=1
2026-04-09 23:34:03,502 | WARNING | Failed channel has been replaced by black
2026-04-09 23:34:03,525 | WARNING | ZIP_WITH_PREDICTION decode failed (ValueError: Decompressed size exceeds expected maximum of 3770442 bytes); channel replaced with black. width=1703 height=2214 depth=8 version=1
2026-04-09 23:34:03,529 | WARNING | Failed channel has been replaced by black
2026-04-09 23:34:03,579 | WARNING | ZIP_WITH_PREDICTION decode failed (ValueError: Decompressed size exceeds expected maximum of 3770442 bytes); channel replaced with black. width=1703 height=2214 depth=8 version=1
2026-04-09 23:34:03,584 | WARNING | Failed channel has been replaced by black
2026-04-09 23:34:04,368 | WARNING | ZIP_WITH_PREDICTION decode failed (error: Error -3 while decompressing data: incorrect data check); channel replaced with black. width=1792 height=2646 depth=8 version=1
2026-04-09 23:34:04,375 | WARNING | Failed channel has been replaced by black
2026-04-09 23:34:04,402 | WARNING | ZIP_WITH_PREDICTION decode failed (error: Error -3 while decompressing data: incorrect data check); channel replaced with black. width=1792 height=2646 depth=8 version=1
2026-04-09 23:34:04,408 | WARNING | Failed channel has been replaced by black
2026-04-09 23:34:04,435 | WARNING | ZIP_WITH_PREDICTION decode failed (error: Error -3 while decompressing data: incorrect data check); channel replaced with black. width=1792 height=2646 depth=8 version=1
2026-04-09 23:34:04,442 | WARNING | Failed channel has been replaced by black
2026-04-09 23:34:04,509 | WARNING | ZIP_WITH_PREDICTION decode failed (error: Error -3 while decompressing data: incorrect data check); channel replaced with black. width=1792 height=2646 depth=8 version=1
2026-04-09 23:34:04,516 | WARNING | Failed channel has been replaced by black
2026-04-09 23:34:05,301 | WARNING | ZIP_WITH_PREDICTION decode failed (ValueError: Decompressed size exceeds expected maximum of 2816422 bytes); channel replaced with black. width=1421 height=1982 depth=8 version=1
2026-04-09 23:34:05,306 | WARNING | Failed channel has been replaced by black
2026-04-09 23:34:05,322 | WARNING | ZIP_WITH_PREDICTION decode failed (ValueError: Decompressed size exceeds expected maximum of 2816422 bytes); channel replaced with black. width=1421 height=1982 depth=8 version=1
2026-04-09 23:34:05,327 | WARNING | Failed channel has been replaced by black
2026-04-09 23:34:05,344 | WARNING | ZIP_WITH_PREDICTION decode failed (ValueError: Decompressed size exceeds expected maximum of 2816422 bytes); channel replaced with black. width=1421 height=1982 depth=8 version=1
2026-04-09 23:34:05,348 | WARNING | Failed channel has been replaced by black
2026-04-09 23:34:05,387 | WARNING | ZIP_WITH_PREDICTION decode failed (ValueError: Decompressed size exceeds expected maximum of 2816422 bytes); channel replaced with black. width=1421 height=1982 depth=8 version=1
2026-04-09 23:34:05,391 | WARNING | Failed channel has been replaced by black
2026-04-09 23:34:05,465 | WARNING | ZIP_WITH_PREDICTION decode failed (error: Error -3 while decompressing data: incorrect data check); channel replaced with black. width=2006 height=2006 depth=8 version=1
2026-04-09 23:34:05,470 | WARNING | Failed channel has been replaced by black
2026-04-09 23:34:05,497 | WARNING | ZIP_WITH_PREDICTION decode failed (error: Error -3 while decompressing data: incorrect data check); channel replaced with black. width=2006 height=2006 depth=8 version=1
2026-04-09 23:34:05,502 | WARNING | Failed channel has been replaced by black
2026-04-09 23:34:05,530 | WARNING | ZIP_WITH_PREDICTION decode failed (error: Error -3 while decompressing data: incorrect data check); channel replaced with black. width=2006 height=2006 depth=8 version=1
2026-04-09 23:34:05,535 | WARNING | Failed channel has been replaced by black
2026-04-09 23:34:05,588 | WARNING | ZIP_WITH_PREDICTION decode failed (error: Error -3 while decompressing data: incorrect data check); channel replaced with black. width=2006 height=2006 depth=8 version=1
2026-04-09 23:34:05,593 | WARNING | Failed channel has been replaced by black
2026-04-09 23:34:07,093 | WARNING | ZIP_WITH_PREDICTION decode failed (ValueError: Decompressed size exceeds expected maximum of 1019798 bytes); channel replaced with black. width=1586 height=643 depth=8 version=1
2026-04-09 23:34:07,095 | WARNING | Failed channel has been replaced by black
2026-04-09 23:34:07,101 | WARNING | ZIP_WITH_PREDICTION decode failed (ValueError: Decompressed size exceeds expected maximum of 1019798 bytes); channel replaced with black. width=1586 height=643 depth=8 version=1
2026-04-09 23:34:07,102 | WARNING | Failed channel has been replaced by black
2026-04-09 23:34:07,108 | WARNING | ZIP_WITH_PREDICTION decode failed (ValueError: Decompressed size exceeds expected maximum of 1019798 bytes); channel replaced with black. width=1586 height=643 depth=8 version=1
2026-04-09 23:34:07,108 | WARNING | Failed channel has been replaced by black
2026-04-09 23:34:07,122 | WARNING | ZIP_WITH_PREDICTION decode failed (ValueError: Decompressed size exceeds expected maximum of 1019798 bytes); channel replaced with black. width=1586 height=643 depth=8 version=1
2026-04-09 23:34:07,123 | WARNING | Failed channel has been replaced by black
2026-04-09 23:34:07,879 | WARNING | ZIP_WITH_PREDICTION decode failed (error: Error -3 while decompressing data: incorrect data check); channel replaced with black. width=119 height=213 depth=8 version=1
2026-04-09 23:34:07,879 | WARNING | Failed channel has been replaced by black
2026-04-09 23:34:07,880 | WARNING | ZIP_WITH_PREDICTION decode failed (error: Error -3 while decompressing data: incorrect data check); channel replaced with black. width=119 height=213 depth=8 version=1
2026-04-09 23:34:07,880 | WARNING | Failed channel has been replaced by black
2026-04-09 23:34:07,881 | WARNING | ZIP_WITH_PREDICTION decode failed (error: Error -3 while decompressing data: incorrect data check); channel replaced with black. width=119 height=213 depth=8 version=1
2026-04-09 23:34:07,881 | WARNING | Failed channel has been replaced by black
2026-04-09 23:34:07,882 | WARNING | ZIP_WITH_PREDICTION decode failed (error: Error -3 while decompressing data: incorrect data check); channel replaced with black. width=119 height=213 depth=8 version=1
2026-04-09 23:34:07,882 | WARNING | Failed channel has been replaced by black
2026-04-09 23:34:08,637 | WARNING | ZIP_WITH_PREDICTION decode failed (error: Error -3 while decompressing data: incorrect data check); channel replaced with black. width=1351 height=373 depth=8 version=1
2026-04-09 23:34:08,639 | WARNING | Failed channel has been replaced by black
2026-04-09 23:34:08,642 | WARNING | ZIP_WITH_PREDICTION decode failed (error: Error -3 while decompressing data: incorrect data check); channel replaced with black. width=1351 height=373 depth=8 version=1
2026-04-09 23:34:08,642 | WARNING | Failed channel has been replaced by black
2026-04-09 23:34:08,644 | WARNING | ZIP_WITH_PREDICTION decode failed (error: Error -3 while decompressing data: incorrect data check); channel replaced with black. width=1351 height=373 depth=8 version=1
2026-04-09 23:34:08,645 | WARNING | Failed channel has been replaced by black
2026-04-09 23:34:08,651 | WARNING | ZIP_WITH_PREDICTION decode failed (error: Error -3 while decompressing data: incorrect data check); channel replaced with black. width=1351 height=373 depth=8 version=1
2026-04-09 23:34:08,652 | WARNING | Failed channel has been replaced by black
2026-04-09 23:34:09,399 | WARNING | ZIP_WITH_PREDICTION decode failed (ValueError: Decompressed size exceeds expected maximum of 38734 bytes); channel replaced with black. width=181 height=214 depth=8 version=1
2026-04-09 23:34:09,400 | WARNING | Failed channel has been replaced by black
2026-04-09 23:34:09,401 | WARNING | ZIP_WITH_PREDICTION decode failed (ValueError: Decompressed size exceeds expected maximum of 38734 bytes); channel replaced with black. width=181 height=214 depth=8 version=1
2026-04-09 23:34:09,401 | WARNING | Failed channel has been replaced by black
2026-04-09 23:34:09,402 | WARNING | ZIP_WITH_PREDICTION decode failed (ValueError: Decompressed size exceeds expected maximum of 38734 bytes); channel replaced with black. width=181 height=214 depth=8 version=1
2026-04-09 23:34:09,402 | WARNING | Failed channel has been replaced by black
2026-04-09 23:34:09,402 | WARNING | ZIP_WITH_PREDICTION decode failed (ValueError: Decompressed size exceeds expected maximum of 38734 bytes); channel replaced with black. width=181 height=214 depth=8 version=1
2026-04-09 23:34:09,403 | WARNING | Failed channel has been replaced by black
2026-04-09 23:34:10,603 | INFO | [ok] skill01-carnage-champion.psd
2026-04-09 23:34:10,603 | INFO |     Cost 1: (172, 174, 291, 387) -> (196, 183, 315, 396) (target (196, 183, 315, 396), dx=24, dy=9)
2026-04-09 23:34:10,604 | INFO |     Power 0: (1464, 197, 1645, 411) -> (1464, 191, 1645, 405) (target (1464, 191, 1645, 405), dx=0, dy=-6)
2026-04-09 23:34:10,790 | WARNING | ZIP_WITH_PREDICTION decode failed (error: Error -3 while decompressing data: incorrect data check); channel replaced with black. width=2318 height=2142 depth=8 version=1
2026-04-09 23:34:10,797 | WARNING | Failed channel has been replaced by black
2026-04-09 23:34:10,828 | WARNING | ZIP_WITH_PREDICTION decode failed (error: Error -3 while decompressing data: incorrect data check); channel replaced with black. width=2318 height=2142 depth=8 version=1
2026-04-09 23:34:10,834 | WARNING | Failed channel has been replaced by black
2026-04-09 23:34:10,866 | WARNING | ZIP_WITH_PREDICTION decode failed (error: Error -3 while decompressing data: incorrect data check); channel replaced with black. width=2318 height=2142 depth=8 version=1
2026-04-09 23:34:10,872 | WARNING | Failed channel has been replaced by black
2026-04-09 23:34:10,935 | WARNING | ZIP_WITH_PREDICTION decode failed (error: Error -3 while decompressing data: incorrect data check); channel replaced with black. width=2318 height=2142 depth=8 version=1
2026-04-09 23:34:10,941 | WARNING | Failed channel has been replaced by black
2026-04-09 23:34:11,719 | WARNING | ZIP_WITH_PREDICTION decode failed (ValueError: Decompressed size exceeds expected maximum of 1042926 bytes); channel replaced with black. width=1721 height=606 depth=8 version=1
2026-04-09 23:34:11,720 | WARNING | Failed channel has been replaced by black
2026-04-09 23:34:11,726 | WARNING | ZIP_WITH_PREDICTION decode failed (ValueError: Decompressed size exceeds expected maximum of 1042926 bytes); channel replaced with black. width=1721 height=606 depth=8 version=1
2026-04-09 23:34:11,727 | WARNING | Failed channel has been replaced by black
2026-04-09 23:34:11,732 | WARNING | ZIP_WITH_PREDICTION decode failed (ValueError: Decompressed size exceeds expected maximum of 1042926 bytes); channel replaced with black. width=1721 height=606 depth=8 version=1
2026-04-09 23:34:11,732 | WARNING | Failed channel has been replaced by black
2026-04-09 23:34:11,745 | WARNING | ZIP_WITH_PREDICTION decode failed (ValueError: Decompressed size exceeds expected maximum of 1042926 bytes); channel replaced with black. width=1721 height=606 depth=8 version=1
2026-04-09 23:34:11,746 | WARNING | Failed channel has been replaced by black
2026-04-09 23:34:12,505 | WARNING | ZIP_WITH_PREDICTION decode failed (ValueError: Decompressed size exceeds expected maximum of 3770442 bytes); channel replaced with black. width=1703 height=2214 depth=8 version=1
2026-04-09 23:34:12,509 | WARNING | Failed channel has been replaced by black
2026-04-09 23:34:12,532 | WARNING | ZIP_WITH_PREDICTION decode failed (ValueError: Decompressed size exceeds expected maximum of 3770442 bytes); channel replaced with black. width=1703 height=2214 depth=8 version=1
2026-04-09 23:34:12,536 | WARNING | Failed channel has been replaced by black
2026-04-09 23:34:12,559 | WARNING | ZIP_WITH_PREDICTION decode failed (ValueError: Decompressed size exceeds expected maximum of 3770442 bytes); channel replaced with black. width=1703 height=2214 depth=8 version=1
2026-04-09 23:34:12,563 | WARNING | Failed channel has been replaced by black
2026-04-09 23:34:12,619 | WARNING | ZIP_WITH_PREDICTION decode failed (ValueError: Decompressed size exceeds expected maximum of 3770442 bytes); channel replaced with black. width=1703 height=2214 depth=8 version=1
2026-04-09 23:34:12,624 | WARNING | Failed channel has been replaced by black
2026-04-09 23:34:13,396 | WARNING | ZIP_WITH_PREDICTION decode failed (error: Error -3 while decompressing data: incorrect data check); channel replaced with black. width=1792 height=2646 depth=8 version=1
2026-04-09 23:34:13,403 | WARNING | Failed channel has been replaced by black
2026-04-09 23:34:13,429 | WARNING | ZIP_WITH_PREDICTION decode failed (error: Error -3 while decompressing data: incorrect data check); channel replaced with black. width=1792 height=2646 depth=8 version=1
2026-04-09 23:34:13,435 | WARNING | Failed channel has been replaced by black
2026-04-09 23:34:13,462 | WARNING | ZIP_WITH_PREDICTION decode failed (error: Error -3 while decompressing data: incorrect data check); channel replaced with black. width=1792 height=2646 depth=8 version=1
2026-04-09 23:34:13,468 | WARNING | Failed channel has been replaced by black
2026-04-09 23:34:13,531 | WARNING | ZIP_WITH_PREDICTION decode failed (error: Error -3 while decompressing data: incorrect data check); channel replaced with black. width=1792 height=2646 depth=8 version=1
2026-04-09 23:34:13,537 | WARNING | Failed channel has been replaced by black
2026-04-09 23:34:14,325 | WARNING | ZIP_WITH_PREDICTION decode failed (ValueError: Decompressed size exceeds expected maximum of 2816422 bytes); channel replaced with black. width=1421 height=1982 depth=8 version=1
2026-04-09 23:34:14,329 | WARNING | Failed channel has been replaced by black
2026-04-09 23:34:14,347 | WARNING | ZIP_WITH_PREDICTION decode failed (ValueError: Decompressed size exceeds expected maximum of 2816422 bytes); channel replaced with black. width=1421 height=1982 depth=8 version=1
2026-04-09 23:34:14,352 | WARNING | Failed channel has been replaced by black
2026-04-09 23:34:14,371 | WARNING | ZIP_WITH_PREDICTION decode failed (ValueError: Decompressed size exceeds expected maximum of 2816422 bytes); channel replaced with black. width=1421 height=1982 depth=8 version=1
2026-04-09 23:34:14,375 | WARNING | Failed channel has been replaced by black
2026-04-09 23:34:14,415 | WARNING | ZIP_WITH_PREDICTION decode failed (ValueError: Decompressed size exceeds expected maximum of 2816422 bytes); channel replaced with black. width=1421 height=1982 depth=8 version=1
2026-04-09 23:34:14,420 | WARNING | Failed channel has been replaced by black
2026-04-09 23:34:14,495 | WARNING | ZIP_WITH_PREDICTION decode failed (error: Error -3 while decompressing data: incorrect data check); channel replaced with black. width=2006 height=2006 depth=8 version=1
2026-04-09 23:34:14,501 | WARNING | Failed channel has been replaced by black
2026-04-09 23:34:14,529 | WARNING | ZIP_WITH_PREDICTION decode failed (error: Error -3 while decompressing data: incorrect data check); channel replaced with black. width=2006 height=2006 depth=8 version=1
2026-04-09 23:34:14,534 | WARNING | Failed channel has been replaced by black
2026-04-09 23:34:14,565 | WARNING | ZIP_WITH_PREDICTION decode failed (error: Error -3 while decompressing data: incorrect data check); channel replaced with black. width=2006 height=2006 depth=8 version=1
2026-04-09 23:34:14,570 | WARNING | Failed channel has been replaced by black
2026-04-09 23:34:14,629 | WARNING | ZIP_WITH_PREDICTION decode failed (error: Error -3 while decompressing data: incorrect data check); channel replaced with black. width=2006 height=2006 depth=8 version=1
2026-04-09 23:34:14,634 | WARNING | Failed channel has been replaced by black
2026-04-09 23:34:16,126 | WARNING | ZIP_WITH_PREDICTION decode failed (error: Error -3 while decompressing data: incorrect data check); channel replaced with black. width=1025 height=644 depth=8 version=1
2026-04-09 23:34:16,127 | WARNING | Failed channel has been replaced by black
2026-04-09 23:34:16,131 | WARNING | ZIP_WITH_PREDICTION decode failed (error: Error -3 while decompressing data: incorrect data check); channel replaced with black. width=1025 height=644 depth=8 version=1
2026-04-09 23:34:16,131 | WARNING | Failed channel has been replaced by black
2026-04-09 23:34:16,135 | WARNING | ZIP_WITH_PREDICTION decode failed (error: Error -3 while decompressing data: incorrect data check); channel replaced with black. width=1025 height=644 depth=8 version=1
2026-04-09 23:34:16,135 | WARNING | Failed channel has been replaced by black
2026-04-09 23:34:16,143 | WARNING | ZIP_WITH_PREDICTION decode failed (error: Error -3 while decompressing data: incorrect data check); channel replaced with black. width=1025 height=644 depth=8 version=1
2026-04-09 23:34:16,144 | WARNING | Failed channel has been replaced by black
2026-04-09 23:34:16,895 | WARNING | ZIP_WITH_PREDICTION decode failed (ValueError: Decompressed size exceeds expected maximum of 35358 bytes); channel replaced with black. width=166 height=213 depth=8 version=1
2026-04-09 23:34:16,895 | WARNING | Failed channel has been replaced by black
2026-04-09 23:34:16,896 | WARNING | ZIP_WITH_PREDICTION decode failed (ValueError: Decompressed size exceeds expected maximum of 35358 bytes); channel replaced with black. width=166 height=213 depth=8 version=1
2026-04-09 23:34:16,896 | WARNING | Failed channel has been replaced by black
2026-04-09 23:34:16,896 | WARNING | ZIP_WITH_PREDICTION decode failed (ValueError: Decompressed size exceeds expected maximum of 35358 bytes); channel replaced with black. width=166 height=213 depth=8 version=1
2026-04-09 23:34:16,897 | WARNING | Failed channel has been replaced by black
2026-04-09 23:34:16,897 | WARNING | ZIP_WITH_PREDICTION decode failed (ValueError: Decompressed size exceeds expected maximum of 35358 bytes); channel replaced with black. width=166 height=213 depth=8 version=1
2026-04-09 23:34:16,897 | WARNING | Failed channel has been replaced by black
2026-04-09 23:34:17,652 | WARNING | ZIP_WITH_PREDICTION decode failed (error: Error -3 while decompressing data: incorrect data check); channel replaced with black. width=1458 height=226 depth=8 version=1
2026-04-09 23:34:17,653 | WARNING | Failed channel has been replaced by black
2026-04-09 23:34:17,655 | WARNING | ZIP_WITH_PREDICTION decode failed (error: Error -3 while decompressing data: incorrect data check); channel replaced with black. width=1458 height=226 depth=8 version=1
2026-04-09 23:34:17,655 | WARNING | Failed channel has been replaced by black
2026-04-09 23:34:17,657 | WARNING | ZIP_WITH_PREDICTION decode failed (error: Error -3 while decompressing data: incorrect data check); channel replaced with black. width=1458 height=226 depth=8 version=1
2026-04-09 23:34:17,657 | WARNING | Failed channel has been replaced by black
2026-04-09 23:34:17,660 | WARNING | ZIP_WITH_PREDICTION decode failed (error: Error -3 while decompressing data: incorrect data check); channel replaced with black. width=1458 height=226 depth=8 version=1
2026-04-09 23:34:17,661 | WARNING | Failed channel has been replaced by black
2026-04-09 23:34:18,408 | WARNING | ZIP_WITH_PREDICTION decode failed (ValueError: Decompressed size exceeds expected maximum of 38734 bytes); channel replaced with black. width=181 height=214 depth=8 version=1
2026-04-09 23:34:18,408 | WARNING | Failed channel has been replaced by black
2026-04-09 23:34:18,409 | WARNING | ZIP_WITH_PREDICTION decode failed (ValueError: Decompressed size exceeds expected maximum of 38734 bytes); channel replaced with black. width=181 height=214 depth=8 version=1
2026-04-09 23:34:18,410 | WARNING | Failed channel has been replaced by black
2026-04-09 23:34:18,410 | WARNING | ZIP_WITH_PREDICTION decode failed (ValueError: Decompressed size exceeds expected maximum of 38734 bytes); channel replaced with black. width=181 height=214 depth=8 version=1
2026-04-09 23:34:18,410 | WARNING | Failed channel has been replaced by black
2026-04-09 23:34:18,411 | WARNING | ZIP_WITH_PREDICTION decode failed (ValueError: Decompressed size exceeds expected maximum of 38734 bytes); channel replaced with black. width=181 height=214 depth=8 version=1
2026-04-09 23:34:18,411 | WARNING | Failed channel has been replaced by black
2026-04-09 23:34:19,619 | INFO | [ok] skill01-hulk-champion.psd
2026-04-09 23:34:19,619 | INFO |     Cost 3: (152, 174, 318, 387) -> (167, 183, 333, 396) (target (167, 183, 333, 396), dx=15, dy=9)
2026-04-09 23:34:19,620 | INFO |     Power 0: (1464, 197, 1645, 411) -> (1464, 191, 1645, 405) (target (1464, 191, 1645, 405), dx=0, dy=-6)
2026-04-09 23:34:19,798 | WARNING | ZIP_WITH_PREDICTION decode failed (error: Error -3 while decompressing data: incorrect data check); channel replaced with black. width=2318 height=2142 depth=8 version=1
2026-04-09 23:34:19,805 | WARNING | Failed channel has been replaced by black
2026-04-09 23:34:19,837 | WARNING | ZIP_WITH_PREDICTION decode failed (error: Error -3 while decompressing data: incorrect data check); channel replaced with black. width=2318 height=2142 depth=8 version=1
2026-04-09 23:34:19,843 | WARNING | Failed channel has been replaced by black
2026-04-09 23:34:19,876 | WARNING | ZIP_WITH_PREDICTION decode failed (error: Error -3 while decompressing data: incorrect data check); channel replaced with black. width=2318 height=2142 depth=8 version=1
2026-04-09 23:34:19,882 | WARNING | Failed channel has been replaced by black
2026-04-09 23:34:19,943 | WARNING | ZIP_WITH_PREDICTION decode failed (error: Error -3 while decompressing data: incorrect data check); channel replaced with black. width=2318 height=2142 depth=8 version=1
2026-04-09 23:34:19,949 | WARNING | Failed channel has been replaced by black
2026-04-09 23:34:20,729 | WARNING | ZIP_WITH_PREDICTION decode failed (ValueError: Decompressed size exceeds expected maximum of 1042926 bytes); channel replaced with black. width=1721 height=606 depth=8 version=1
2026-04-09 23:34:20,730 | WARNING | Failed channel has been replaced by black
2026-04-09 23:34:20,735 | WARNING | ZIP_WITH_PREDICTION decode failed (ValueError: Decompressed size exceeds expected maximum of 1042926 bytes); channel replaced with black. width=1721 height=606 depth=8 version=1
2026-04-09 23:34:20,737 | WARNING | Failed channel has been replaced by black
2026-04-09 23:34:20,742 | WARNING | ZIP_WITH_PREDICTION decode failed (ValueError: Decompressed size exceeds expected maximum of 1042926 bytes); channel replaced with black. width=1721 height=606 depth=8 version=1
2026-04-09 23:34:20,742 | WARNING | Failed channel has been replaced by black
2026-04-09 23:34:20,755 | WARNING | ZIP_WITH_PREDICTION decode failed (ValueError: Decompressed size exceeds expected maximum of 1042926 bytes); channel replaced with black. width=1721 height=606 depth=8 version=1
2026-04-09 23:34:20,755 | WARNING | Failed channel has been replaced by black
2026-04-09 23:34:21,520 | WARNING | ZIP_WITH_PREDICTION decode failed (ValueError: Decompressed size exceeds expected maximum of 3770442 bytes); channel replaced with black. width=1703 height=2214 depth=8 version=1
2026-04-09 23:34:21,525 | WARNING | Failed channel has been replaced by black
2026-04-09 23:34:21,547 | WARNING | ZIP_WITH_PREDICTION decode failed (ValueError: Decompressed size exceeds expected maximum of 3770442 bytes); channel replaced with black. width=1703 height=2214 depth=8 version=1
2026-04-09 23:34:21,552 | WARNING | Failed channel has been replaced by black
2026-04-09 23:34:21,575 | WARNING | ZIP_WITH_PREDICTION decode failed (ValueError: Decompressed size exceeds expected maximum of 3770442 bytes); channel replaced with black. width=1703 height=2214 depth=8 version=1
2026-04-09 23:34:21,579 | WARNING | Failed channel has been replaced by black
2026-04-09 23:34:21,635 | WARNING | ZIP_WITH_PREDICTION decode failed (ValueError: Decompressed size exceeds expected maximum of 3770442 bytes); channel replaced with black. width=1703 height=2214 depth=8 version=1
2026-04-09 23:34:21,641 | WARNING | Failed channel has been replaced by black
2026-04-09 23:34:22,417 | WARNING | ZIP_WITH_PREDICTION decode failed (error: Error -3 while decompressing data: incorrect data check); channel replaced with black. width=1792 height=2646 depth=8 version=1
2026-04-09 23:34:22,424 | WARNING | Failed channel has been replaced by black
2026-04-09 23:34:22,450 | WARNING | ZIP_WITH_PREDICTION decode failed (error: Error -3 while decompressing data: incorrect data check); channel replaced with black. width=1792 height=2646 depth=8 version=1
2026-04-09 23:34:22,456 | WARNING | Failed channel has been replaced by black
2026-04-09 23:34:22,483 | WARNING | ZIP_WITH_PREDICTION decode failed (error: Error -3 while decompressing data: incorrect data check); channel replaced with black. width=1792 height=2646 depth=8 version=1
2026-04-09 23:34:22,488 | WARNING | Failed channel has been replaced by black
2026-04-09 23:34:22,550 | WARNING | ZIP_WITH_PREDICTION decode failed (error: Error -3 while decompressing data: incorrect data check); channel replaced with black. width=1792 height=2646 depth=8 version=1
2026-04-09 23:34:22,556 | WARNING | Failed channel has been replaced by black
2026-04-09 23:34:23,339 | WARNING | ZIP_WITH_PREDICTION decode failed (ValueError: Decompressed size exceeds expected maximum of 2816422 bytes); channel replaced with black. width=1421 height=1982 depth=8 version=1
2026-04-09 23:34:23,342 | WARNING | Failed channel has been replaced by black
2026-04-09 23:34:23,359 | WARNING | ZIP_WITH_PREDICTION decode failed (ValueError: Decompressed size exceeds expected maximum of 2816422 bytes); channel replaced with black. width=1421 height=1982 depth=8 version=1
2026-04-09 23:34:23,362 | WARNING | Failed channel has been replaced by black
2026-04-09 23:34:23,379 | WARNING | ZIP_WITH_PREDICTION decode failed (ValueError: Decompressed size exceeds expected maximum of 2816422 bytes); channel replaced with black. width=1421 height=1982 depth=8 version=1
2026-04-09 23:34:23,382 | WARNING | Failed channel has been replaced by black
2026-04-09 23:34:23,420 | WARNING | ZIP_WITH_PREDICTION decode failed (ValueError: Decompressed size exceeds expected maximum of 2816422 bytes); channel replaced with black. width=1421 height=1982 depth=8 version=1
2026-04-09 23:34:23,424 | WARNING | Failed channel has been replaced by black
2026-04-09 23:34:23,497 | WARNING | ZIP_WITH_PREDICTION decode failed (error: Error -3 while decompressing data: incorrect data check); channel replaced with black. width=2006 height=2006 depth=8 version=1
2026-04-09 23:34:23,502 | WARNING | Failed channel has been replaced by black
2026-04-09 23:34:23,531 | WARNING | ZIP_WITH_PREDICTION decode failed (error: Error -3 while decompressing data: incorrect data check); channel replaced with black. width=2006 height=2006 depth=8 version=1
2026-04-09 23:34:23,535 | WARNING | Failed channel has been replaced by black
2026-04-09 23:34:23,564 | WARNING | ZIP_WITH_PREDICTION decode failed (error: Error -3 while decompressing data: incorrect data check); channel replaced with black. width=2006 height=2006 depth=8 version=1
2026-04-09 23:34:23,568 | WARNING | Failed channel has been replaced by black
2026-04-09 23:34:23,626 | WARNING | ZIP_WITH_PREDICTION decode failed (error: Error -3 while decompressing data: incorrect data check); channel replaced with black. width=2006 height=2006 depth=8 version=1
2026-04-09 23:34:23,631 | WARNING | Failed channel has been replaced by black
2026-04-09 23:34:25,138 | WARNING | ZIP_WITH_PREDICTION decode failed (error: Error -3 while decompressing data: incorrect data check); channel replaced with black. width=1348 height=644 depth=8 version=1
2026-04-09 23:34:25,140 | WARNING | Failed channel has been replaced by black
2026-04-09 23:34:25,145 | WARNING | ZIP_WITH_PREDICTION decode failed (error: Error -3 while decompressing data: incorrect data check); channel replaced with black. width=1348 height=644 depth=8 version=1
2026-04-09 23:34:25,145 | WARNING | Failed channel has been replaced by black
2026-04-09 23:34:25,150 | WARNING | ZIP_WITH_PREDICTION decode failed (error: Error -3 while decompressing data: incorrect data check); channel replaced with black. width=1348 height=644 depth=8 version=1
2026-04-09 23:34:25,150 | WARNING | Failed channel has been replaced by black
2026-04-09 23:34:25,162 | WARNING | ZIP_WITH_PREDICTION decode failed (error: Error -3 while decompressing data: incorrect data check); channel replaced with black. width=1348 height=644 depth=8 version=1
2026-04-09 23:34:25,163 | WARNING | Failed channel has been replaced by black
2026-04-09 23:34:25,915 | WARNING | ZIP_WITH_PREDICTION decode failed (ValueError: Decompressed size exceeds expected maximum of 35997 bytes); channel replaced with black. width=169 height=213 depth=8 version=1
2026-04-09 23:34:25,915 | WARNING | Failed channel has been replaced by black
2026-04-09 23:34:25,916 | WARNING | ZIP_WITH_PREDICTION decode failed (ValueError: Decompressed size exceeds expected maximum of 35997 bytes); channel replaced with black. width=169 height=213 depth=8 version=1
2026-04-09 23:34:25,917 | WARNING | Failed channel has been replaced by black
2026-04-09 23:34:25,917 | WARNING | ZIP_WITH_PREDICTION decode failed (ValueError: Decompressed size exceeds expected maximum of 35997 bytes); channel replaced with black. width=169 height=213 depth=8 version=1
2026-04-09 23:34:25,918 | WARNING | Failed channel has been replaced by black
2026-04-09 23:34:25,918 | WARNING | ZIP_WITH_PREDICTION decode failed (ValueError: Decompressed size exceeds expected maximum of 35997 bytes); channel replaced with black. width=169 height=213 depth=8 version=1
2026-04-09 23:34:25,919 | WARNING | Failed channel has been replaced by black
2026-04-09 23:34:26,673 | WARNING | ZIP_WITH_PREDICTION decode failed (ValueError: Decompressed size exceeds expected maximum of 537493 bytes); channel replaced with black. width=1441 height=373 depth=8 version=1
2026-04-09 23:34:26,675 | WARNING | Failed channel has been replaced by black
2026-04-09 23:34:26,677 | WARNING | ZIP_WITH_PREDICTION decode failed (ValueError: Decompressed size exceeds expected maximum of 537493 bytes); channel replaced with black. width=1441 height=373 depth=8 version=1
2026-04-09 23:34:26,678 | WARNING | Failed channel has been replaced by black
2026-04-09 23:34:26,681 | WARNING | ZIP_WITH_PREDICTION decode failed (ValueError: Decompressed size exceeds expected maximum of 537493 bytes); channel replaced with black. width=1441 height=373 depth=8 version=1
2026-04-09 23:34:26,681 | WARNING | Failed channel has been replaced by black
2026-04-09 23:34:26,687 | WARNING | ZIP_WITH_PREDICTION decode failed (ValueError: Decompressed size exceeds expected maximum of 537493 bytes); channel replaced with black. width=1441 height=373 depth=8 version=1
2026-04-09 23:34:26,689 | WARNING | Failed channel has been replaced by black
2026-04-09 23:34:27,439 | WARNING | ZIP_WITH_PREDICTION decode failed (ValueError: Decompressed size exceeds expected maximum of 38734 bytes); channel replaced with black. width=181 height=214 depth=8 version=1
2026-04-09 23:34:27,439 | WARNING | Failed channel has been replaced by black
2026-04-09 23:34:27,441 | WARNING | ZIP_WITH_PREDICTION decode failed (ValueError: Decompressed size exceeds expected maximum of 38734 bytes); channel replaced with black. width=181 height=214 depth=8 version=1
2026-04-09 23:34:27,441 | WARNING | Failed channel has been replaced by black
2026-04-09 23:34:27,441 | WARNING | ZIP_WITH_PREDICTION decode failed (ValueError: Decompressed size exceeds expected maximum of 38734 bytes); channel replaced with black. width=181 height=214 depth=8 version=1
2026-04-09 23:34:27,442 | WARNING | Failed channel has been replaced by black
2026-04-09 23:34:27,442 | WARNING | ZIP_WITH_PREDICTION decode failed (ValueError: Decompressed size exceeds expected maximum of 38734 bytes); channel replaced with black. width=181 height=214 depth=8 version=1
2026-04-09 23:34:27,443 | WARNING | Failed channel has been replaced by black
2026-04-09 23:34:28,647 | INFO | [ok] skill01-mr-fantastic-champion.psd
2026-04-09 23:34:28,647 | INFO |     Cost 2: (151, 174, 320, 387) -> (166, 186, 335, 399) (target (166, 186, 335, 399), dx=15, dy=12)
2026-04-09 23:34:28,648 | INFO |     Power 0: (1464, 197, 1645, 411) -> (1464, 191, 1645, 405) (target (1464, 191, 1645, 405), dx=0, dy=-6)
2026-04-09 23:34:28,826 | WARNING | ZIP_WITH_PREDICTION decode failed (error: Error -3 while decompressing data: incorrect data check); channel replaced with black. width=2318 height=2142 depth=8 version=1
2026-04-09 23:34:28,833 | WARNING | Failed channel has been replaced by black
2026-04-09 23:34:28,865 | WARNING | ZIP_WITH_PREDICTION decode failed (error: Error -3 while decompressing data: incorrect data check); channel replaced with black. width=2318 height=2142 depth=8 version=1
2026-04-09 23:34:28,870 | WARNING | Failed channel has been replaced by black
2026-04-09 23:34:28,903 | WARNING | ZIP_WITH_PREDICTION decode failed (error: Error -3 while decompressing data: incorrect data check); channel replaced with black. width=2318 height=2142 depth=8 version=1
2026-04-09 23:34:28,910 | WARNING | Failed channel has been replaced by black
2026-04-09 23:34:28,970 | WARNING | ZIP_WITH_PREDICTION decode failed (error: Error -3 while decompressing data: incorrect data check); channel replaced with black. width=2318 height=2142 depth=8 version=1
2026-04-09 23:34:28,976 | WARNING | Failed channel has been replaced by black
2026-04-09 23:34:29,753 | WARNING | ZIP_WITH_PREDICTION decode failed (ValueError: Decompressed size exceeds expected maximum of 1042926 bytes); channel replaced with black. width=1721 height=606 depth=8 version=1
2026-04-09 23:34:29,754 | WARNING | Failed channel has been replaced by black
2026-04-09 23:34:29,760 | WARNING | ZIP_WITH_PREDICTION decode failed (ValueError: Decompressed size exceeds expected maximum of 1042926 bytes); channel replaced with black. width=1721 height=606 depth=8 version=1
2026-04-09 23:34:29,761 | WARNING | Failed channel has been replaced by black
2026-04-09 23:34:29,766 | WARNING | ZIP_WITH_PREDICTION decode failed (ValueError: Decompressed size exceeds expected maximum of 1042926 bytes); channel replaced with black. width=1721 height=606 depth=8 version=1
2026-04-09 23:34:29,766 | WARNING | Failed channel has been replaced by black
2026-04-09 23:34:29,779 | WARNING | ZIP_WITH_PREDICTION decode failed (ValueError: Decompressed size exceeds expected maximum of 1042926 bytes); channel replaced with black. width=1721 height=606 depth=8 version=1
2026-04-09 23:34:29,780 | WARNING | Failed channel has been replaced by black
2026-04-09 23:34:30,543 | WARNING | ZIP_WITH_PREDICTION decode failed (ValueError: Decompressed size exceeds expected maximum of 3770442 bytes); channel replaced with black. width=1703 height=2214 depth=8 version=1
2026-04-09 23:34:30,547 | WARNING | Failed channel has been replaced by black
2026-04-09 23:34:30,570 | WARNING | ZIP_WITH_PREDICTION decode failed (ValueError: Decompressed size exceeds expected maximum of 3770442 bytes); channel replaced with black. width=1703 height=2214 depth=8 version=1
2026-04-09 23:34:30,574 | WARNING | Failed channel has been replaced by black
2026-04-09 23:34:30,597 | WARNING | ZIP_WITH_PREDICTION decode failed (ValueError: Decompressed size exceeds expected maximum of 3770442 bytes); channel replaced with black. width=1703 height=2214 depth=8 version=1
2026-04-09 23:34:30,602 | WARNING | Failed channel has been replaced by black
2026-04-09 23:34:30,657 | WARNING | ZIP_WITH_PREDICTION decode failed (ValueError: Decompressed size exceeds expected maximum of 3770442 bytes); channel replaced with black. width=1703 height=2214 depth=8 version=1
2026-04-09 23:34:30,662 | WARNING | Failed channel has been replaced by black
2026-04-09 23:34:31,432 | WARNING | ZIP_WITH_PREDICTION decode failed (error: Error -3 while decompressing data: incorrect data check); channel replaced with black. width=1792 height=2646 depth=8 version=1
2026-04-09 23:34:31,439 | WARNING | Failed channel has been replaced by black
2026-04-09 23:34:31,465 | WARNING | ZIP_WITH_PREDICTION decode failed (error: Error -3 while decompressing data: incorrect data check); channel replaced with black. width=1792 height=2646 depth=8 version=1
2026-04-09 23:34:31,471 | WARNING | Failed channel has been replaced by black
2026-04-09 23:34:31,499 | WARNING | ZIP_WITH_PREDICTION decode failed (error: Error -3 while decompressing data: incorrect data check); channel replaced with black. width=1792 height=2646 depth=8 version=1
2026-04-09 23:34:31,505 | WARNING | Failed channel has been replaced by black
2026-04-09 23:34:31,566 | WARNING | ZIP_WITH_PREDICTION decode failed (error: Error -3 while decompressing data: incorrect data check); channel replaced with black. width=1792 height=2646 depth=8 version=1
2026-04-09 23:34:31,572 | WARNING | Failed channel has been replaced by black
2026-04-09 23:34:32,350 | WARNING | ZIP_WITH_PREDICTION decode failed (ValueError: Decompressed size exceeds expected maximum of 2816422 bytes); channel replaced with black. width=1421 height=1982 depth=8 version=1
2026-04-09 23:34:32,354 | WARNING | Failed channel has been replaced by black
2026-04-09 23:34:32,370 | WARNING | ZIP_WITH_PREDICTION decode failed (ValueError: Decompressed size exceeds expected maximum of 2816422 bytes); channel replaced with black. width=1421 height=1982 depth=8 version=1
2026-04-09 23:34:32,374 | WARNING | Failed channel has been replaced by black
2026-04-09 23:34:32,390 | WARNING | ZIP_WITH_PREDICTION decode failed (ValueError: Decompressed size exceeds expected maximum of 2816422 bytes); channel replaced with black. width=1421 height=1982 depth=8 version=1
2026-04-09 23:34:32,394 | WARNING | Failed channel has been replaced by black
2026-04-09 23:34:32,431 | WARNING | ZIP_WITH_PREDICTION decode failed (ValueError: Decompressed size exceeds expected maximum of 2816422 bytes); channel replaced with black. width=1421 height=1982 depth=8 version=1
2026-04-09 23:34:32,435 | WARNING | Failed channel has been replaced by black
2026-04-09 23:34:32,508 | WARNING | ZIP_WITH_PREDICTION decode failed (error: Error -3 while decompressing data: incorrect data check); channel replaced with black. width=2006 height=2006 depth=8 version=1
2026-04-09 23:34:32,514 | WARNING | Failed channel has been replaced by black
2026-04-09 23:34:32,542 | WARNING | ZIP_WITH_PREDICTION decode failed (error: Error -3 while decompressing data: incorrect data check); channel replaced with black. width=2006 height=2006 depth=8 version=1
2026-04-09 23:34:32,547 | WARNING | Failed channel has been replaced by black
2026-04-09 23:34:32,576 | WARNING | ZIP_WITH_PREDICTION decode failed (error: Error -3 while decompressing data: incorrect data check); channel replaced with black. width=2006 height=2006 depth=8 version=1
2026-04-09 23:34:32,580 | WARNING | Failed channel has been replaced by black
2026-04-09 23:34:32,639 | WARNING | ZIP_WITH_PREDICTION decode failed (error: Error -3 while decompressing data: incorrect data check); channel replaced with black. width=2006 height=2006 depth=8 version=1
2026-04-09 23:34:32,644 | WARNING | Failed channel has been replaced by black
2026-04-09 23:34:34,144 | WARNING | ZIP_WITH_PREDICTION decode failed (error: Error -3 while decompressing data: incorrect data check); channel replaced with black. width=1820 height=643 depth=8 version=1
2026-04-09 23:34:34,147 | WARNING | Failed channel has been replaced by black
2026-04-09 23:34:34,153 | WARNING | ZIP_WITH_PREDICTION decode failed (error: Error -3 while decompressing data: incorrect data check); channel replaced with black. width=1820 height=643 depth=8 version=1
2026-04-09 23:34:34,154 | WARNING | Failed channel has been replaced by black
2026-04-09 23:34:34,160 | WARNING | ZIP_WITH_PREDICTION decode failed (error: Error -3 while decompressing data: incorrect data check); channel replaced with black. width=1820 height=643 depth=8 version=1
2026-04-09 23:34:34,162 | WARNING | Failed channel has been replaced by black
2026-04-09 23:34:34,176 | WARNING | ZIP_WITH_PREDICTION decode failed (error: Error -3 while decompressing data: incorrect data check); channel replaced with black. width=1820 height=643 depth=8 version=1
2026-04-09 23:34:34,177 | WARNING | Failed channel has been replaced by black
2026-04-09 23:34:34,933 | WARNING | ZIP_WITH_PREDICTION decode failed (ValueError: Decompressed size exceeds expected maximum of 35997 bytes); channel replaced with black. width=169 height=213 depth=8 version=1
2026-04-09 23:34:34,934 | WARNING | Failed channel has been replaced by black
2026-04-09 23:34:34,936 | WARNING | ZIP_WITH_PREDICTION decode failed (ValueError: Decompressed size exceeds expected maximum of 35997 bytes); channel replaced with black. width=169 height=213 depth=8 version=1
2026-04-09 23:34:34,936 | WARNING | Failed channel has been replaced by black
2026-04-09 23:34:34,936 | WARNING | ZIP_WITH_PREDICTION decode failed (ValueError: Decompressed size exceeds expected maximum of 35997 bytes); channel replaced with black. width=169 height=213 depth=8 version=1
2026-04-09 23:34:34,937 | WARNING | Failed channel has been replaced by black
2026-04-09 23:34:34,937 | WARNING | ZIP_WITH_PREDICTION decode failed (ValueError: Decompressed size exceeds expected maximum of 35997 bytes); channel replaced with black. width=169 height=213 depth=8 version=1
2026-04-09 23:34:34,937 | WARNING | Failed channel has been replaced by black
2026-04-09 23:34:35,688 | WARNING | ZIP_WITH_PREDICTION decode failed (error: Error -3 while decompressing data: incorrect data check); channel replaced with black. width=1292 height=221 depth=8 version=1
2026-04-09 23:34:35,690 | WARNING | Failed channel has been replaced by black
2026-04-09 23:34:35,691 | WARNING | ZIP_WITH_PREDICTION decode failed (error: Error -3 while decompressing data: incorrect data check); channel replaced with black. width=1292 height=221 depth=8 version=1
2026-04-09 23:34:35,692 | WARNING | Failed channel has been replaced by black
2026-04-09 23:34:35,693 | WARNING | ZIP_WITH_PREDICTION decode failed (error: Error -3 while decompressing data: incorrect data check); channel replaced with black. width=1292 height=221 depth=8 version=1
2026-04-09 23:34:35,693 | WARNING | Failed channel has been replaced by black
2026-04-09 23:34:35,696 | WARNING | ZIP_WITH_PREDICTION decode failed (error: Error -3 while decompressing data: incorrect data check); channel replaced with black. width=1292 height=221 depth=8 version=1
2026-04-09 23:34:35,696 | WARNING | Failed channel has been replaced by black
2026-04-09 23:34:36,444 | WARNING | ZIP_WITH_PREDICTION decode failed (ValueError: Decompressed size exceeds expected maximum of 38734 bytes); channel replaced with black. width=181 height=214 depth=8 version=1
2026-04-09 23:34:36,445 | WARNING | Failed channel has been replaced by black
2026-04-09 23:34:36,446 | WARNING | ZIP_WITH_PREDICTION decode failed (ValueError: Decompressed size exceeds expected maximum of 38734 bytes); channel replaced with black. width=181 height=214 depth=8 version=1
2026-04-09 23:34:36,446 | WARNING | Failed channel has been replaced by black
2026-04-09 23:34:36,447 | WARNING | ZIP_WITH_PREDICTION decode failed (ValueError: Decompressed size exceeds expected maximum of 38734 bytes); channel replaced with black. width=181 height=214 depth=8 version=1
2026-04-09 23:34:36,448 | WARNING | Failed channel has been replaced by black
2026-04-09 23:34:36,448 | WARNING | ZIP_WITH_PREDICTION decode failed (ValueError: Decompressed size exceeds expected maximum of 38734 bytes); channel replaced with black. width=181 height=214 depth=8 version=1
2026-04-09 23:34:36,448 | WARNING | Failed channel has been replaced by black
2026-04-09 23:34:37,651 | INFO | [ok] skill01-thor-champion.psd
2026-04-09 23:34:37,651 | INFO |     Cost 2: (151, 174, 320, 387) -> (166, 186, 335, 399) (target (166, 186, 335, 399), dx=15, dy=12)
2026-04-09 23:34:37,652 | INFO |     Power 0: (1464, 197, 1645, 411) -> (1464, 191, 1645, 405) (target (1464, 191, 1645, 405), dx=0, dy=-6)
2026-04-09 23:34:37,830 | WARNING | ZIP_WITH_PREDICTION decode failed (error: Error -3 while decompressing data: incorrect data check); channel replaced with black. width=2318 height=2142 depth=8 version=1
2026-04-09 23:34:37,837 | WARNING | Failed channel has been replaced by black
2026-04-09 23:34:37,869 | WARNING | ZIP_WITH_PREDICTION decode failed (error: Error -3 while decompressing data: incorrect data check); channel replaced with black. width=2318 height=2142 depth=8 version=1
2026-04-09 23:34:37,876 | WARNING | Failed channel has been replaced by black
2026-04-09 23:34:37,910 | WARNING | ZIP_WITH_PREDICTION decode failed (error: Error -3 while decompressing data: incorrect data check); channel replaced with black. width=2318 height=2142 depth=8 version=1
2026-04-09 23:34:37,916 | WARNING | Failed channel has been replaced by black
2026-04-09 23:34:37,980 | WARNING | ZIP_WITH_PREDICTION decode failed (error: Error -3 while decompressing data: incorrect data check); channel replaced with black. width=2318 height=2142 depth=8 version=1
2026-04-09 23:34:37,987 | WARNING | Failed channel has been replaced by black
2026-04-09 23:34:38,775 | WARNING | ZIP_WITH_PREDICTION decode failed (ValueError: Decompressed size exceeds expected maximum of 1042926 bytes); channel replaced with black. width=1721 height=606 depth=8 version=1
2026-04-09 23:34:38,776 | WARNING | Failed channel has been replaced by black
2026-04-09 23:34:38,782 | WARNING | ZIP_WITH_PREDICTION decode failed (ValueError: Decompressed size exceeds expected maximum of 1042926 bytes); channel replaced with black. width=1721 height=606 depth=8 version=1
2026-04-09 23:34:38,783 | WARNING | Failed channel has been replaced by black
2026-04-09 23:34:38,787 | WARNING | ZIP_WITH_PREDICTION decode failed (ValueError: Decompressed size exceeds expected maximum of 1042926 bytes); channel replaced with black. width=1721 height=606 depth=8 version=1
2026-04-09 23:34:38,788 | WARNING | Failed channel has been replaced by black
2026-04-09 23:34:38,801 | WARNING | ZIP_WITH_PREDICTION decode failed (ValueError: Decompressed size exceeds expected maximum of 1042926 bytes); channel replaced with black. width=1721 height=606 depth=8 version=1
2026-04-09 23:34:38,801 | WARNING | Failed channel has been replaced by black
2026-04-09 23:34:39,564 | WARNING | ZIP_WITH_PREDICTION decode failed (ValueError: Decompressed size exceeds expected maximum of 3770442 bytes); channel replaced with black. width=1703 height=2214 depth=8 version=1
2026-04-09 23:34:39,568 | WARNING | Failed channel has been replaced by black
2026-04-09 23:34:39,591 | WARNING | ZIP_WITH_PREDICTION decode failed (ValueError: Decompressed size exceeds expected maximum of 3770442 bytes); channel replaced with black. width=1703 height=2214 depth=8 version=1
2026-04-09 23:34:39,594 | WARNING | Failed channel has been replaced by black
2026-04-09 23:34:39,618 | WARNING | ZIP_WITH_PREDICTION decode failed (ValueError: Decompressed size exceeds expected maximum of 3770442 bytes); channel replaced with black. width=1703 height=2214 depth=8 version=1
2026-04-09 23:34:39,623 | WARNING | Failed channel has been replaced by black
2026-04-09 23:34:39,679 | WARNING | ZIP_WITH_PREDICTION decode failed (ValueError: Decompressed size exceeds expected maximum of 3770442 bytes); channel replaced with black. width=1703 height=2214 depth=8 version=1
2026-04-09 23:34:39,683 | WARNING | Failed channel has been replaced by black
2026-04-09 23:34:40,461 | WARNING | ZIP_WITH_PREDICTION decode failed (error: Error -3 while decompressing data: incorrect data check); channel replaced with black. width=1792 height=2646 depth=8 version=1
2026-04-09 23:34:40,468 | WARNING | Failed channel has been replaced by black
2026-04-09 23:34:40,494 | WARNING | ZIP_WITH_PREDICTION decode failed (error: Error -3 while decompressing data: incorrect data check); channel replaced with black. width=1792 height=2646 depth=8 version=1
2026-04-09 23:34:40,499 | WARNING | Failed channel has been replaced by black
2026-04-09 23:34:40,526 | WARNING | ZIP_WITH_PREDICTION decode failed (error: Error -3 while decompressing data: incorrect data check); channel replaced with black. width=1792 height=2646 depth=8 version=1
2026-04-09 23:34:40,532 | WARNING | Failed channel has been replaced by black
2026-04-09 23:34:40,594 | WARNING | ZIP_WITH_PREDICTION decode failed (error: Error -3 while decompressing data: incorrect data check); channel replaced with black. width=1792 height=2646 depth=8 version=1
2026-04-09 23:34:40,600 | WARNING | Failed channel has been replaced by black
2026-04-09 23:34:41,377 | WARNING | ZIP_WITH_PREDICTION decode failed (ValueError: Decompressed size exceeds expected maximum of 2816422 bytes); channel replaced with black. width=1421 height=1982 depth=8 version=1
2026-04-09 23:34:41,382 | WARNING | Failed channel has been replaced by black
2026-04-09 23:34:41,398 | WARNING | ZIP_WITH_PREDICTION decode failed (ValueError: Decompressed size exceeds expected maximum of 2816422 bytes); channel replaced with black. width=1421 height=1982 depth=8 version=1
2026-04-09 23:34:41,401 | WARNING | Failed channel has been replaced by black
2026-04-09 23:34:41,418 | WARNING | ZIP_WITH_PREDICTION decode failed (ValueError: Decompressed size exceeds expected maximum of 2816422 bytes); channel replaced with black. width=1421 height=1982 depth=8 version=1
2026-04-09 23:34:41,421 | WARNING | Failed channel has been replaced by black
2026-04-09 23:34:41,460 | WARNING | ZIP_WITH_PREDICTION decode failed (ValueError: Decompressed size exceeds expected maximum of 2816422 bytes); channel replaced with black. width=1421 height=1982 depth=8 version=1
2026-04-09 23:34:41,463 | WARNING | Failed channel has been replaced by black
2026-04-09 23:34:41,539 | WARNING | ZIP_WITH_PREDICTION decode failed (error: Error -3 while decompressing data: incorrect data check); channel replaced with black. width=2006 height=2006 depth=8 version=1
2026-04-09 23:34:41,544 | WARNING | Failed channel has been replaced by black
2026-04-09 23:34:41,572 | WARNING | ZIP_WITH_PREDICTION decode failed (error: Error -3 while decompressing data: incorrect data check); channel replaced with black. width=2006 height=2006 depth=8 version=1
2026-04-09 23:34:41,577 | WARNING | Failed channel has been replaced by black
2026-04-09 23:34:41,606 | WARNING | ZIP_WITH_PREDICTION decode failed (error: Error -3 while decompressing data: incorrect data check); channel replaced with black. width=2006 height=2006 depth=8 version=1
2026-04-09 23:34:41,611 | WARNING | Failed channel has been replaced by black
2026-04-09 23:34:41,668 | WARNING | ZIP_WITH_PREDICTION decode failed (error: Error -3 while decompressing data: incorrect data check); channel replaced with black. width=2006 height=2006 depth=8 version=1
2026-04-09 23:34:41,672 | WARNING | Failed channel has been replaced by black
2026-04-09 23:34:43,168 | WARNING | ZIP_WITH_PREDICTION decode failed (error: Error -3 while decompressing data: incorrect data check); channel replaced with black. width=1728 height=644 depth=8 version=1
2026-04-09 23:34:43,169 | WARNING | Failed channel has been replaced by black
2026-04-09 23:34:43,176 | WARNING | ZIP_WITH_PREDICTION decode failed (error: Error -3 while decompressing data: incorrect data check); channel replaced with black. width=1728 height=644 depth=8 version=1
2026-04-09 23:34:43,177 | WARNING | Failed channel has been replaced by black
2026-04-09 23:34:43,183 | WARNING | ZIP_WITH_PREDICTION decode failed (error: Error -3 while decompressing data: incorrect data check); channel replaced with black. width=1728 height=644 depth=8 version=1
2026-04-09 23:34:43,183 | WARNING | Failed channel has been replaced by black
2026-04-09 23:34:43,197 | WARNING | ZIP_WITH_PREDICTION decode failed (error: Error -3 while decompressing data: incorrect data check); channel replaced with black. width=1728 height=644 depth=8 version=1
2026-04-09 23:34:43,198 | WARNING | Failed channel has been replaced by black
2026-04-09 23:34:43,953 | WARNING | ZIP_WITH_PREDICTION decode failed (error: Error -3 while decompressing data: incorrect data check); channel replaced with black. width=119 height=213 depth=8 version=1
2026-04-09 23:34:43,953 | WARNING | Failed channel has been replaced by black
2026-04-09 23:34:43,954 | WARNING | ZIP_WITH_PREDICTION decode failed (error: Error -3 while decompressing data: incorrect data check); channel replaced with black. width=119 height=213 depth=8 version=1
2026-04-09 23:34:43,955 | WARNING | Failed channel has been replaced by black
2026-04-09 23:34:43,955 | WARNING | ZIP_WITH_PREDICTION decode failed (error: Error -3 while decompressing data: incorrect data check); channel replaced with black. width=119 height=213 depth=8 version=1
2026-04-09 23:34:43,955 | WARNING | Failed channel has been replaced by black
2026-04-09 23:34:43,955 | WARNING | ZIP_WITH_PREDICTION decode failed (error: Error -3 while decompressing data: incorrect data check); channel replaced with black. width=119 height=213 depth=8 version=1
2026-04-09 23:34:43,956 | WARNING | Failed channel has been replaced by black
2026-04-09 23:34:44,712 | WARNING | ZIP_WITH_PREDICTION decode failed (ValueError: Decompressed size exceeds expected maximum of 515105 bytes); channel replaced with black. width=1451 height=355 depth=8 version=1
2026-04-09 23:34:44,714 | WARNING | Failed channel has been replaced by black
2026-04-09 23:34:44,716 | WARNING | ZIP_WITH_PREDICTION decode failed (ValueError: Decompressed size exceeds expected maximum of 515105 bytes); channel replaced with black. width=1451 height=355 depth=8 version=1
2026-04-09 23:34:44,717 | WARNING | Failed channel has been replaced by black
2026-04-09 23:34:44,719 | WARNING | ZIP_WITH_PREDICTION decode failed (ValueError: Decompressed size exceeds expected maximum of 515105 bytes); channel replaced with black. width=1451 height=355 depth=8 version=1
2026-04-09 23:34:44,720 | WARNING | Failed channel has been replaced by black
2026-04-09 23:34:44,727 | WARNING | ZIP_WITH_PREDICTION decode failed (ValueError: Decompressed size exceeds expected maximum of 515105 bytes); channel replaced with black. width=1451 height=355 depth=8 version=1
2026-04-09 23:34:44,728 | WARNING | Failed channel has been replaced by black
2026-04-09 23:34:45,479 | WARNING | ZIP_WITH_PREDICTION decode failed (error: Error -3 while decompressing data: incorrect data check); channel replaced with black. width=118 height=214 depth=8 version=1
2026-04-09 23:34:45,479 | WARNING | Failed channel has been replaced by black
2026-04-09 23:34:45,480 | WARNING | ZIP_WITH_PREDICTION decode failed (error: Error -3 while decompressing data: incorrect data check); channel replaced with black. width=118 height=214 depth=8 version=1
2026-04-09 23:34:45,481 | WARNING | Failed channel has been replaced by black
2026-04-09 23:34:45,481 | WARNING | ZIP_WITH_PREDICTION decode failed (error: Error -3 while decompressing data: incorrect data check); channel replaced with black. width=118 height=214 depth=8 version=1
2026-04-09 23:34:45,481 | WARNING | Failed channel has been replaced by black
2026-04-09 23:34:45,482 | WARNING | ZIP_WITH_PREDICTION decode failed (error: Error -3 while decompressing data: incorrect data check); channel replaced with black. width=118 height=214 depth=8 version=1
2026-04-09 23:34:45,482 | WARNING | Failed channel has been replaced by black
2026-04-09 23:34:46,682 | INFO | [ok] spider-ham.psd
2026-04-09 23:34:46,682 | INFO |     Cost 1: (172, 174, 291, 387) -> (196, 183, 315, 396) (target (196, 183, 315, 396), dx=24, dy=9)
2026-04-09 23:34:46,683 | INFO |     Power 1: (1480, 197, 1598, 411) -> (1507, 191, 1625, 405) (target (1507, 191, 1625, 405), dx=27, dy=-6)
2026-04-09 23:34:46,864 | WARNING | ZIP_WITH_PREDICTION decode failed (error: Error -3 while decompressing data: incorrect data check); channel replaced with black. width=2318 height=2142 depth=8 version=1
2026-04-09 23:34:46,870 | WARNING | Failed channel has been replaced by black
2026-04-09 23:34:46,902 | WARNING | ZIP_WITH_PREDICTION decode failed (error: Error -3 while decompressing data: incorrect data check); channel replaced with black. width=2318 height=2142 depth=8 version=1
2026-04-09 23:34:46,908 | WARNING | Failed channel has been replaced by black
2026-04-09 23:34:46,942 | WARNING | ZIP_WITH_PREDICTION decode failed (error: Error -3 while decompressing data: incorrect data check); channel replaced with black. width=2318 height=2142 depth=8 version=1
2026-04-09 23:34:46,948 | WARNING | Failed channel has been replaced by black
2026-04-09 23:34:47,010 | WARNING | ZIP_WITH_PREDICTION decode failed (error: Error -3 while decompressing data: incorrect data check); channel replaced with black. width=2318 height=2142 depth=8 version=1
2026-04-09 23:34:47,017 | WARNING | Failed channel has been replaced by black
2026-04-09 23:34:47,802 | WARNING | ZIP_WITH_PREDICTION decode failed (ValueError: Decompressed size exceeds expected maximum of 1042926 bytes); channel replaced with black. width=1721 height=606 depth=8 version=1
2026-04-09 23:34:47,803 | WARNING | Failed channel has been replaced by black
2026-04-09 23:34:47,809 | WARNING | ZIP_WITH_PREDICTION decode failed (ValueError: Decompressed size exceeds expected maximum of 1042926 bytes); channel replaced with black. width=1721 height=606 depth=8 version=1
2026-04-09 23:34:47,811 | WARNING | Failed channel has been replaced by black
2026-04-09 23:34:47,816 | WARNING | ZIP_WITH_PREDICTION decode failed (ValueError: Decompressed size exceeds expected maximum of 1042926 bytes); channel replaced with black. width=1721 height=606 depth=8 version=1
2026-04-09 23:34:47,816 | WARNING | Failed channel has been replaced by black
2026-04-09 23:34:47,829 | WARNING | ZIP_WITH_PREDICTION decode failed (ValueError: Decompressed size exceeds expected maximum of 1042926 bytes); channel replaced with black. width=1721 height=606 depth=8 version=1
2026-04-09 23:34:47,830 | WARNING | Failed channel has been replaced by black
2026-04-09 23:34:48,594 | WARNING | ZIP_WITH_PREDICTION decode failed (ValueError: Decompressed size exceeds expected maximum of 3770442 bytes); channel replaced with black. width=1703 height=2214 depth=8 version=1
2026-04-09 23:34:48,599 | WARNING | Failed channel has been replaced by black
2026-04-09 23:34:48,621 | WARNING | ZIP_WITH_PREDICTION decode failed (ValueError: Decompressed size exceeds expected maximum of 3770442 bytes); channel replaced with black. width=1703 height=2214 depth=8 version=1
2026-04-09 23:34:48,626 | WARNING | Failed channel has been replaced by black
2026-04-09 23:34:48,650 | WARNING | ZIP_WITH_PREDICTION decode failed (ValueError: Decompressed size exceeds expected maximum of 3770442 bytes); channel replaced with black. width=1703 height=2214 depth=8 version=1
2026-04-09 23:34:48,656 | WARNING | Failed channel has been replaced by black
2026-04-09 23:34:48,706 | WARNING | ZIP_WITH_PREDICTION decode failed (ValueError: Decompressed size exceeds expected maximum of 3770442 bytes); channel replaced with black. width=1703 height=2214 depth=8 version=1
2026-04-09 23:34:48,711 | WARNING | Failed channel has been replaced by black
2026-04-09 23:34:49,485 | WARNING | ZIP_WITH_PREDICTION decode failed (error: Error -3 while decompressing data: incorrect data check); channel replaced with black. width=1792 height=2646 depth=8 version=1
2026-04-09 23:34:49,492 | WARNING | Failed channel has been replaced by black
2026-04-09 23:34:49,518 | WARNING | ZIP_WITH_PREDICTION decode failed (error: Error -3 while decompressing data: incorrect data check); channel replaced with black. width=1792 height=2646 depth=8 version=1
2026-04-09 23:34:49,524 | WARNING | Failed channel has been replaced by black
2026-04-09 23:34:49,551 | WARNING | ZIP_WITH_PREDICTION decode failed (error: Error -3 while decompressing data: incorrect data check); channel replaced with black. width=1792 height=2646 depth=8 version=1
2026-04-09 23:34:49,557 | WARNING | Failed channel has been replaced by black
2026-04-09 23:34:49,620 | WARNING | ZIP_WITH_PREDICTION decode failed (error: Error -3 while decompressing data: incorrect data check); channel replaced with black. width=1792 height=2646 depth=8 version=1
2026-04-09 23:34:49,626 | WARNING | Failed channel has been replaced by black
2026-04-09 23:34:50,408 | WARNING | ZIP_WITH_PREDICTION decode failed (ValueError: Decompressed size exceeds expected maximum of 2816422 bytes); channel replaced with black. width=1421 height=1982 depth=8 version=1
2026-04-09 23:34:50,413 | WARNING | Failed channel has been replaced by black
2026-04-09 23:34:50,429 | WARNING | ZIP_WITH_PREDICTION decode failed (ValueError: Decompressed size exceeds expected maximum of 2816422 bytes); channel replaced with black. width=1421 height=1982 depth=8 version=1
2026-04-09 23:34:50,434 | WARNING | Failed channel has been replaced by black
2026-04-09 23:34:50,450 | WARNING | ZIP_WITH_PREDICTION decode failed (ValueError: Decompressed size exceeds expected maximum of 2816422 bytes); channel replaced with black. width=1421 height=1982 depth=8 version=1
2026-04-09 23:34:50,454 | WARNING | Failed channel has been replaced by black
2026-04-09 23:34:50,493 | WARNING | ZIP_WITH_PREDICTION decode failed (ValueError: Decompressed size exceeds expected maximum of 2816422 bytes); channel replaced with black. width=1421 height=1982 depth=8 version=1
2026-04-09 23:34:50,497 | WARNING | Failed channel has been replaced by black
2026-04-09 23:34:50,570 | WARNING | ZIP_WITH_PREDICTION decode failed (error: Error -3 while decompressing data: incorrect data check); channel replaced with black. width=2006 height=2006 depth=8 version=1
2026-04-09 23:34:50,575 | WARNING | Failed channel has been replaced by black
2026-04-09 23:34:50,604 | WARNING | ZIP_WITH_PREDICTION decode failed (error: Error -3 while decompressing data: incorrect data check); channel replaced with black. width=2006 height=2006 depth=8 version=1
2026-04-09 23:34:50,608 | WARNING | Failed channel has been replaced by black
2026-04-09 23:34:50,637 | WARNING | ZIP_WITH_PREDICTION decode failed (error: Error -3 while decompressing data: incorrect data check); channel replaced with black. width=2006 height=2006 depth=8 version=1
2026-04-09 23:34:50,642 | WARNING | Failed channel has been replaced by black
2026-04-09 23:34:50,695 | WARNING | ZIP_WITH_PREDICTION decode failed (error: Error -3 while decompressing data: incorrect data check); channel replaced with black. width=2006 height=2006 depth=8 version=1
2026-04-09 23:34:50,700 | WARNING | Failed channel has been replaced by black
2026-04-09 23:34:52,205 | WARNING | ZIP_WITH_PREDICTION decode failed (error: Error -3 while decompressing data: incorrect data check); channel replaced with black. width=1936 height=588 depth=8 version=1
2026-04-09 23:34:52,208 | WARNING | Failed channel has been replaced by black
2026-04-09 23:34:52,214 | WARNING | ZIP_WITH_PREDICTION decode failed (error: Error -3 while decompressing data: incorrect data check); channel replaced with black. width=1936 height=588 depth=8 version=1
2026-04-09 23:34:52,215 | WARNING | Failed channel has been replaced by black
2026-04-09 23:34:52,223 | WARNING | ZIP_WITH_PREDICTION decode failed (error: Error -3 while decompressing data: incorrect data check); channel replaced with black. width=1936 height=588 depth=8 version=1
2026-04-09 23:34:52,224 | WARNING | Failed channel has been replaced by black
2026-04-09 23:34:52,240 | WARNING | ZIP_WITH_PREDICTION decode failed (error: Error -3 while decompressing data: incorrect data check); channel replaced with black. width=1936 height=588 depth=8 version=1
2026-04-09 23:34:52,240 | WARNING | Failed channel has been replaced by black
2026-04-09 23:34:52,989 | WARNING | ZIP_WITH_PREDICTION decode failed (error: Error -3 while decompressing data: incorrect data check); channel replaced with black. width=171 height=213 depth=8 version=1
2026-04-09 23:34:52,990 | WARNING | Failed channel has been replaced by black
2026-04-09 23:34:52,991 | WARNING | ZIP_WITH_PREDICTION decode failed (error: Error -3 while decompressing data: incorrect data check); channel replaced with black. width=171 height=213 depth=8 version=1
2026-04-09 23:34:52,991 | WARNING | Failed channel has been replaced by black
2026-04-09 23:34:52,991 | WARNING | ZIP_WITH_PREDICTION decode failed (error: Error -3 while decompressing data: incorrect data check); channel replaced with black. width=171 height=213 depth=8 version=1
2026-04-09 23:34:52,992 | WARNING | Failed channel has been replaced by black
2026-04-09 23:34:52,992 | WARNING | ZIP_WITH_PREDICTION decode failed (error: Error -3 while decompressing data: incorrect data check); channel replaced with black. width=171 height=213 depth=8 version=1
2026-04-09 23:34:52,992 | WARNING | Failed channel has been replaced by black
2026-04-09 23:34:53,741 | WARNING | ZIP_WITH_PREDICTION decode failed (error: Error -3 while decompressing data: incorrect data check); channel replaced with black. width=1345 height=239 depth=8 version=1
2026-04-09 23:34:53,743 | WARNING | Failed channel has been replaced by black
2026-04-09 23:34:53,745 | WARNING | ZIP_WITH_PREDICTION decode failed (error: Error -3 while decompressing data: incorrect data check); channel replaced with black. width=1345 height=239 depth=8 version=1
2026-04-09 23:34:53,745 | WARNING | Failed channel has been replaced by black
2026-04-09 23:34:53,747 | WARNING | ZIP_WITH_PREDICTION decode failed (error: Error -3 while decompressing data: incorrect data check); channel replaced with black. width=1345 height=239 depth=8 version=1
2026-04-09 23:34:53,747 | WARNING | Failed channel has been replaced by black
2026-04-09 23:34:53,750 | WARNING | ZIP_WITH_PREDICTION decode failed (error: Error -3 while decompressing data: incorrect data check); channel replaced with black. width=1345 height=239 depth=8 version=1
2026-04-09 23:34:53,751 | WARNING | Failed channel has been replaced by black
2026-04-09 23:34:54,513 | WARNING | ZIP_WITH_PREDICTION decode failed (ValueError: Decompressed size exceeds expected maximum of 37022 bytes); channel replaced with black. width=173 height=214 depth=8 version=1
2026-04-09 23:34:54,515 | WARNING | Failed channel has been replaced by black
2026-04-09 23:34:54,515 | WARNING | ZIP_WITH_PREDICTION decode failed (ValueError: Decompressed size exceeds expected maximum of 37022 bytes); channel replaced with black. width=173 height=214 depth=8 version=1
2026-04-09 23:34:54,516 | WARNING | Failed channel has been replaced by black
2026-04-09 23:34:54,516 | WARNING | ZIP_WITH_PREDICTION decode failed (ValueError: Decompressed size exceeds expected maximum of 37022 bytes); channel replaced with black. width=173 height=214 depth=8 version=1
2026-04-09 23:34:54,517 | WARNING | Failed channel has been replaced by black
2026-04-09 23:34:54,517 | WARNING | ZIP_WITH_PREDICTION decode failed (ValueError: Decompressed size exceeds expected maximum of 37022 bytes); channel replaced with black. width=173 height=214 depth=8 version=1
2026-04-09 23:34:54,517 | WARNING | Failed channel has been replaced by black
2026-04-09 23:34:55,743 | INFO | [ok] stegron.psd
2026-04-09 23:34:55,743 | INFO |     Cost 4: (165, 174, 336, 387) -> (153, 186, 324, 399) (target (153, 186, 324, 399), dx=-12, dy=12)
2026-04-09 23:34:55,744 | INFO |     Power 7: (1458, 197, 1631, 411) -> (1482, 188, 1655, 402) (target (1482, 188, 1655, 402), dx=24, dy=-9)
2026-04-09 23:34:55,929 | WARNING | ZIP_WITH_PREDICTION decode failed (error: Error -3 while decompressing data: incorrect data check); channel replaced with black. width=2318 height=2142 depth=8 version=1
2026-04-09 23:34:55,936 | WARNING | Failed channel has been replaced by black
2026-04-09 23:34:55,974 | WARNING | ZIP_WITH_PREDICTION decode failed (error: Error -3 while decompressing data: incorrect data check); channel replaced with black. width=2318 height=2142 depth=8 version=1
2026-04-09 23:34:55,981 | WARNING | Failed channel has been replaced by black
2026-04-09 23:34:56,016 | WARNING | ZIP_WITH_PREDICTION decode failed (error: Error -3 while decompressing data: incorrect data check); channel replaced with black. width=2318 height=2142 depth=8 version=1
2026-04-09 23:34:56,023 | WARNING | Failed channel has been replaced by black
2026-04-09 23:34:56,086 | WARNING | ZIP_WITH_PREDICTION decode failed (error: Error -3 while decompressing data: incorrect data check); channel replaced with black. width=2318 height=2142 depth=8 version=1
2026-04-09 23:34:56,093 | WARNING | Failed channel has been replaced by black
2026-04-09 23:34:56,881 | WARNING | ZIP_WITH_PREDICTION decode failed (ValueError: Decompressed size exceeds expected maximum of 1042926 bytes); channel replaced with black. width=1721 height=606 depth=8 version=1
2026-04-09 23:34:56,881 | WARNING | Failed channel has been replaced by black
2026-04-09 23:34:56,888 | WARNING | ZIP_WITH_PREDICTION decode failed (ValueError: Decompressed size exceeds expected maximum of 1042926 bytes); channel replaced with black. width=1721 height=606 depth=8 version=1
2026-04-09 23:34:56,889 | WARNING | Failed channel has been replaced by black
2026-04-09 23:34:56,894 | WARNING | ZIP_WITH_PREDICTION decode failed (ValueError: Decompressed size exceeds expected maximum of 1042926 bytes); channel replaced with black. width=1721 height=606 depth=8 version=1
2026-04-09 23:34:56,895 | WARNING | Failed channel has been replaced by black
2026-04-09 23:34:56,909 | WARNING | ZIP_WITH_PREDICTION decode failed (ValueError: Decompressed size exceeds expected maximum of 1042926 bytes); channel replaced with black. width=1721 height=606 depth=8 version=1
2026-04-09 23:34:56,910 | WARNING | Failed channel has been replaced by black
2026-04-09 23:34:57,703 | WARNING | ZIP_WITH_PREDICTION decode failed (ValueError: Decompressed size exceeds expected maximum of 3770442 bytes); channel replaced with black. width=1703 height=2214 depth=8 version=1
2026-04-09 23:34:57,707 | WARNING | Failed channel has been replaced by black
2026-04-09 23:34:57,729 | WARNING | ZIP_WITH_PREDICTION decode failed (ValueError: Decompressed size exceeds expected maximum of 3770442 bytes); channel replaced with black. width=1703 height=2214 depth=8 version=1
2026-04-09 23:34:57,733 | WARNING | Failed channel has been replaced by black
2026-04-09 23:34:57,756 | WARNING | ZIP_WITH_PREDICTION decode failed (ValueError: Decompressed size exceeds expected maximum of 3770442 bytes); channel replaced with black. width=1703 height=2214 depth=8 version=1
2026-04-09 23:34:57,761 | WARNING | Failed channel has been replaced by black
2026-04-09 23:34:57,811 | WARNING | ZIP_WITH_PREDICTION decode failed (ValueError: Decompressed size exceeds expected maximum of 3770442 bytes); channel replaced with black. width=1703 height=2214 depth=8 version=1
2026-04-09 23:34:57,816 | WARNING | Failed channel has been replaced by black
2026-04-09 23:34:58,616 | WARNING | ZIP_WITH_PREDICTION decode failed (error: Error -3 while decompressing data: incorrect data check); channel replaced with black. width=1792 height=2646 depth=8 version=1
2026-04-09 23:34:58,623 | WARNING | Failed channel has been replaced by black
2026-04-09 23:34:58,650 | WARNING | ZIP_WITH_PREDICTION decode failed (error: Error -3 while decompressing data: incorrect data check); channel replaced with black. width=1792 height=2646 depth=8 version=1
2026-04-09 23:34:58,656 | WARNING | Failed channel has been replaced by black
2026-04-09 23:34:58,682 | WARNING | ZIP_WITH_PREDICTION decode failed (error: Error -3 while decompressing data: incorrect data check); channel replaced with black. width=1792 height=2646 depth=8 version=1
2026-04-09 23:34:58,689 | WARNING | Failed channel has been replaced by black
2026-04-09 23:34:58,746 | WARNING | ZIP_WITH_PREDICTION decode failed (error: Error -3 while decompressing data: incorrect data check); channel replaced with black. width=1792 height=2646 depth=8 version=1
2026-04-09 23:34:58,752 | WARNING | Failed channel has been replaced by black
2026-04-09 23:34:59,552 | WARNING | ZIP_WITH_PREDICTION decode failed (ValueError: Decompressed size exceeds expected maximum of 2816422 bytes); channel replaced with black. width=1421 height=1982 depth=8 version=1
2026-04-09 23:34:59,556 | WARNING | Failed channel has been replaced by black
2026-04-09 23:34:59,573 | WARNING | ZIP_WITH_PREDICTION decode failed (ValueError: Decompressed size exceeds expected maximum of 2816422 bytes); channel replaced with black. width=1421 height=1982 depth=8 version=1
2026-04-09 23:34:59,576 | WARNING | Failed channel has been replaced by black
2026-04-09 23:34:59,593 | WARNING | ZIP_WITH_PREDICTION decode failed (ValueError: Decompressed size exceeds expected maximum of 2816422 bytes); channel replaced with black. width=1421 height=1982 depth=8 version=1
2026-04-09 23:34:59,597 | WARNING | Failed channel has been replaced by black
2026-04-09 23:34:59,637 | WARNING | ZIP_WITH_PREDICTION decode failed (ValueError: Decompressed size exceeds expected maximum of 2816422 bytes); channel replaced with black. width=1421 height=1982 depth=8 version=1
2026-04-09 23:34:59,642 | WARNING | Failed channel has been replaced by black
2026-04-09 23:34:59,717 | WARNING | ZIP_WITH_PREDICTION decode failed (error: Error -3 while decompressing data: incorrect data check); channel replaced with black. width=2006 height=2006 depth=8 version=1
2026-04-09 23:34:59,722 | WARNING | Failed channel has been replaced by black
2026-04-09 23:34:59,749 | WARNING | ZIP_WITH_PREDICTION decode failed (error: Error -3 while decompressing data: incorrect data check); channel replaced with black. width=2006 height=2006 depth=8 version=1
2026-04-09 23:34:59,754 | WARNING | Failed channel has been replaced by black
2026-04-09 23:34:59,781 | WARNING | ZIP_WITH_PREDICTION decode failed (error: Error -3 while decompressing data: incorrect data check); channel replaced with black. width=2006 height=2006 depth=8 version=1
2026-04-09 23:34:59,785 | WARNING | Failed channel has been replaced by black
2026-04-09 23:34:59,836 | WARNING | ZIP_WITH_PREDICTION decode failed (error: Error -3 while decompressing data: incorrect data check); channel replaced with black. width=2006 height=2006 depth=8 version=1
2026-04-09 23:34:59,841 | WARNING | Failed channel has been replaced by black
2026-04-09 23:35:01,409 | WARNING | ZIP_WITH_PREDICTION decode failed (error: Error -3 while decompressing data: incorrect data check); channel replaced with black. width=1793 height=644 depth=8 version=1
2026-04-09 23:35:01,413 | WARNING | Failed channel has been replaced by black
2026-04-09 23:35:01,419 | WARNING | ZIP_WITH_PREDICTION decode failed (error: Error -3 while decompressing data: incorrect data check); channel replaced with black. width=1793 height=644 depth=8 version=1
2026-04-09 23:35:01,421 | WARNING | Failed channel has been replaced by black
2026-04-09 23:35:01,428 | WARNING | ZIP_WITH_PREDICTION decode failed (error: Error -3 while decompressing data: incorrect data check); channel replaced with black. width=1793 height=644 depth=8 version=1
2026-04-09 23:35:01,429 | WARNING | Failed channel has been replaced by black
2026-04-09 23:35:01,445 | WARNING | ZIP_WITH_PREDICTION decode failed (error: Error -3 while decompressing data: incorrect data check); channel replaced with black. width=1793 height=644 depth=8 version=1
2026-04-09 23:35:01,446 | WARNING | Failed channel has been replaced by black
2026-04-09 23:35:02,210 | WARNING | ZIP_WITH_PREDICTION decode failed (ValueError: Decompressed size exceeds expected maximum of 35358 bytes); channel replaced with black. width=166 height=213 depth=8 version=1
2026-04-09 23:35:02,210 | WARNING | Failed channel has been replaced by black
2026-04-09 23:35:02,211 | WARNING | ZIP_WITH_PREDICTION decode failed (ValueError: Decompressed size exceeds expected maximum of 35358 bytes); channel replaced with black. width=166 height=213 depth=8 version=1
2026-04-09 23:35:02,211 | WARNING | Failed channel has been replaced by black
2026-04-09 23:35:02,212 | WARNING | ZIP_WITH_PREDICTION decode failed (ValueError: Decompressed size exceeds expected maximum of 35358 bytes); channel replaced with black. width=166 height=213 depth=8 version=1
2026-04-09 23:35:02,213 | WARNING | Failed channel has been replaced by black
2026-04-09 23:35:02,213 | WARNING | ZIP_WITH_PREDICTION decode failed (ValueError: Decompressed size exceeds expected maximum of 35358 bytes); channel replaced with black. width=166 height=213 depth=8 version=1
2026-04-09 23:35:02,213 | WARNING | Failed channel has been replaced by black
2026-04-09 23:35:02,959 | WARNING | ZIP_WITH_PREDICTION decode failed (error: Error -3 while decompressing data: incorrect data check); channel replaced with black. width=1295 height=373 depth=8 version=1
2026-04-09 23:35:02,961 | WARNING | Failed channel has been replaced by black
2026-04-09 23:35:02,964 | WARNING | ZIP_WITH_PREDICTION decode failed (error: Error -3 while decompressing data: incorrect data check); channel replaced with black. width=1295 height=373 depth=8 version=1
2026-04-09 23:35:02,964 | WARNING | Failed channel has been replaced by black
2026-04-09 23:35:02,966 | WARNING | ZIP_WITH_PREDICTION decode failed (error: Error -3 while decompressing data: incorrect data check); channel replaced with black. width=1295 height=373 depth=8 version=1
2026-04-09 23:35:02,966 | WARNING | Failed channel has been replaced by black
2026-04-09 23:35:02,972 | WARNING | ZIP_WITH_PREDICTION decode failed (error: Error -3 while decompressing data: incorrect data check); channel replaced with black. width=1295 height=373 depth=8 version=1
2026-04-09 23:35:02,972 | WARNING | Failed channel has been replaced by black
2026-04-09 23:35:03,723 | WARNING | ZIP_WITH_PREDICTION decode failed (error: Error -3 while decompressing data: incorrect data check); channel replaced with black. width=118 height=214 depth=8 version=1
2026-04-09 23:35:03,723 | WARNING | Failed channel has been replaced by black
2026-04-09 23:35:03,724 | WARNING | ZIP_WITH_PREDICTION decode failed (error: Error -3 while decompressing data: incorrect data check); channel replaced with black. width=118 height=214 depth=8 version=1
2026-04-09 23:35:03,725 | WARNING | Failed channel has been replaced by black
2026-04-09 23:35:03,725 | WARNING | ZIP_WITH_PREDICTION decode failed (error: Error -3 while decompressing data: incorrect data check); channel replaced with black. width=118 height=214 depth=8 version=1
2026-04-09 23:35:03,726 | WARNING | Failed channel has been replaced by black
2026-04-09 23:35:03,726 | WARNING | ZIP_WITH_PREDICTION decode failed (error: Error -3 while decompressing data: incorrect data check); channel replaced with black. width=118 height=214 depth=8 version=1
2026-04-09 23:35:03,726 | WARNING | Failed channel has been replaced by black
2026-04-09 23:35:04,934 | INFO | [ok] storm.psd
2026-04-09 23:35:04,934 | INFO |     Cost 3: (152, 174, 318, 387) -> (167, 183, 333, 396) (target (167, 183, 333, 396), dx=15, dy=9)
2026-04-09 23:35:04,935 | INFO |     Power 1: (1480, 197, 1598, 411) -> (1507, 191, 1625, 405) (target (1507, 191, 1625, 405), dx=27, dy=-6)
2026-04-09 23:35:05,108 | WARNING | ZIP_WITH_PREDICTION decode failed (error: Error -3 while decompressing data: incorrect data check); channel replaced with black. width=2318 height=2142 depth=8 version=1
2026-04-09 23:35:05,114 | WARNING | Failed channel has been replaced by black
2026-04-09 23:35:05,146 | WARNING | ZIP_WITH_PREDICTION decode failed (error: Error -3 while decompressing data: incorrect data check); channel replaced with black. width=2318 height=2142 depth=8 version=1
2026-04-09 23:35:05,152 | WARNING | Failed channel has been replaced by black
2026-04-09 23:35:05,184 | WARNING | ZIP_WITH_PREDICTION decode failed (error: Error -3 while decompressing data: incorrect data check); channel replaced with black. width=2318 height=2142 depth=8 version=1
2026-04-09 23:35:05,190 | WARNING | Failed channel has been replaced by black
2026-04-09 23:35:05,251 | WARNING | ZIP_WITH_PREDICTION decode failed (error: Error -3 while decompressing data: incorrect data check); channel replaced with black. width=2318 height=2142 depth=8 version=1
2026-04-09 23:35:05,257 | WARNING | Failed channel has been replaced by black
2026-04-09 23:35:06,060 | WARNING | ZIP_WITH_PREDICTION decode failed (ValueError: Decompressed size exceeds expected maximum of 1042926 bytes); channel replaced with black. width=1721 height=606 depth=8 version=1
2026-04-09 23:35:06,060 | WARNING | Failed channel has been replaced by black
2026-04-09 23:35:06,067 | WARNING | ZIP_WITH_PREDICTION decode failed (ValueError: Decompressed size exceeds expected maximum of 1042926 bytes); channel replaced with black. width=1721 height=606 depth=8 version=1
2026-04-09 23:35:06,068 | WARNING | Failed channel has been replaced by black
2026-04-09 23:35:06,073 | WARNING | ZIP_WITH_PREDICTION decode failed (ValueError: Decompressed size exceeds expected maximum of 1042926 bytes); channel replaced with black. width=1721 height=606 depth=8 version=1
2026-04-09 23:35:06,074 | WARNING | Failed channel has been replaced by black
2026-04-09 23:35:06,088 | WARNING | ZIP_WITH_PREDICTION decode failed (ValueError: Decompressed size exceeds expected maximum of 1042926 bytes); channel replaced with black. width=1721 height=606 depth=8 version=1
2026-04-09 23:35:06,089 | WARNING | Failed channel has been replaced by black
2026-04-09 23:35:06,853 | WARNING | ZIP_WITH_PREDICTION decode failed (ValueError: Decompressed size exceeds expected maximum of 3770442 bytes); channel replaced with black. width=1703 height=2214 depth=8 version=1
2026-04-09 23:35:06,858 | WARNING | Failed channel has been replaced by black
2026-04-09 23:35:06,880 | WARNING | ZIP_WITH_PREDICTION decode failed (ValueError: Decompressed size exceeds expected maximum of 3770442 bytes); channel replaced with black. width=1703 height=2214 depth=8 version=1
2026-04-09 23:35:06,885 | WARNING | Failed channel has been replaced by black
2026-04-09 23:35:06,907 | WARNING | ZIP_WITH_PREDICTION decode failed (ValueError: Decompressed size exceeds expected maximum of 3770442 bytes); channel replaced with black. width=1703 height=2214 depth=8 version=1
2026-04-09 23:35:06,912 | WARNING | Failed channel has been replaced by black
2026-04-09 23:35:06,962 | WARNING | ZIP_WITH_PREDICTION decode failed (ValueError: Decompressed size exceeds expected maximum of 3770442 bytes); channel replaced with black. width=1703 height=2214 depth=8 version=1
2026-04-09 23:35:06,967 | WARNING | Failed channel has been replaced by black
2026-04-09 23:35:07,756 | WARNING | ZIP_WITH_PREDICTION decode failed (error: Error -3 while decompressing data: incorrect data check); channel replaced with black. width=1792 height=2646 depth=8 version=1
2026-04-09 23:35:07,763 | WARNING | Failed channel has been replaced by black
2026-04-09 23:35:07,788 | WARNING | ZIP_WITH_PREDICTION decode failed (error: Error -3 while decompressing data: incorrect data check); channel replaced with black. width=1792 height=2646 depth=8 version=1
2026-04-09 23:35:07,793 | WARNING | Failed channel has been replaced by black
2026-04-09 23:35:07,818 | WARNING | ZIP_WITH_PREDICTION decode failed (error: Error -3 while decompressing data: incorrect data check); channel replaced with black. width=1792 height=2646 depth=8 version=1
2026-04-09 23:35:07,824 | WARNING | Failed channel has been replaced by black
2026-04-09 23:35:07,887 | WARNING | ZIP_WITH_PREDICTION decode failed (error: Error -3 while decompressing data: incorrect data check); channel replaced with black. width=1792 height=2646 depth=8 version=1
2026-04-09 23:35:07,893 | WARNING | Failed channel has been replaced by black
2026-04-09 23:35:08,689 | WARNING | ZIP_WITH_PREDICTION decode failed (ValueError: Decompressed size exceeds expected maximum of 2816422 bytes); channel replaced with black. width=1421 height=1982 depth=8 version=1
2026-04-09 23:35:08,693 | WARNING | Failed channel has been replaced by black
2026-04-09 23:35:08,709 | WARNING | ZIP_WITH_PREDICTION decode failed (ValueError: Decompressed size exceeds expected maximum of 2816422 bytes); channel replaced with black. width=1421 height=1982 depth=8 version=1
2026-04-09 23:35:08,712 | WARNING | Failed channel has been replaced by black
2026-04-09 23:35:08,729 | WARNING | ZIP_WITH_PREDICTION decode failed (ValueError: Decompressed size exceeds expected maximum of 2816422 bytes); channel replaced with black. width=1421 height=1982 depth=8 version=1
2026-04-09 23:35:08,732 | WARNING | Failed channel has been replaced by black
2026-04-09 23:35:08,768 | WARNING | ZIP_WITH_PREDICTION decode failed (ValueError: Decompressed size exceeds expected maximum of 2816422 bytes); channel replaced with black. width=1421 height=1982 depth=8 version=1
2026-04-09 23:35:08,772 | WARNING | Failed channel has been replaced by black
2026-04-09 23:35:08,840 | WARNING | ZIP_WITH_PREDICTION decode failed (error: Error -3 while decompressing data: incorrect data check); channel replaced with black. width=2006 height=2006 depth=8 version=1
2026-04-09 23:35:08,845 | WARNING | Failed channel has been replaced by black
2026-04-09 23:35:08,872 | WARNING | ZIP_WITH_PREDICTION decode failed (error: Error -3 while decompressing data: incorrect data check); channel replaced with black. width=2006 height=2006 depth=8 version=1
2026-04-09 23:35:08,877 | WARNING | Failed channel has been replaced by black
2026-04-09 23:35:08,904 | WARNING | ZIP_WITH_PREDICTION decode failed (error: Error -3 while decompressing data: incorrect data check); channel replaced with black. width=2006 height=2006 depth=8 version=1
2026-04-09 23:35:08,909 | WARNING | Failed channel has been replaced by black
2026-04-09 23:35:08,958 | WARNING | ZIP_WITH_PREDICTION decode failed (error: Error -3 while decompressing data: incorrect data check); channel replaced with black. width=2006 height=2006 depth=8 version=1
2026-04-09 23:35:08,963 | WARNING | Failed channel has been replaced by black
2026-04-09 23:35:10,480 | WARNING | ZIP_WITH_PREDICTION decode failed (ValueError: Decompressed size exceeds expected maximum of 963630 bytes); channel replaced with black. width=1935 height=498 depth=8 version=1
2026-04-09 23:35:10,481 | WARNING | Failed channel has been replaced by black
2026-04-09 23:35:10,487 | WARNING | ZIP_WITH_PREDICTION decode failed (ValueError: Decompressed size exceeds expected maximum of 963630 bytes); channel replaced with black. width=1935 height=498 depth=8 version=1
2026-04-09 23:35:10,488 | WARNING | Failed channel has been replaced by black
2026-04-09 23:35:10,493 | WARNING | ZIP_WITH_PREDICTION decode failed (ValueError: Decompressed size exceeds expected maximum of 963630 bytes); channel replaced with black. width=1935 height=498 depth=8 version=1
2026-04-09 23:35:10,494 | WARNING | Failed channel has been replaced by black
2026-04-09 23:35:10,507 | WARNING | ZIP_WITH_PREDICTION decode failed (ValueError: Decompressed size exceeds expected maximum of 963630 bytes); channel replaced with black. width=1935 height=498 depth=8 version=1
2026-04-09 23:35:10,508 | WARNING | Failed channel has been replaced by black
2026-04-09 23:35:11,253 | WARNING | ZIP_WITH_PREDICTION decode failed (error: Error -3 while decompressing data: incorrect data check); channel replaced with black. width=119 height=213 depth=8 version=1
2026-04-09 23:35:11,253 | WARNING | Failed channel has been replaced by black
2026-04-09 23:35:11,256 | WARNING | ZIP_WITH_PREDICTION decode failed (error: Error -3 while decompressing data: incorrect data check); channel replaced with black. width=119 height=213 depth=8 version=1
2026-04-09 23:35:11,256 | WARNING | Failed channel has been replaced by black
2026-04-09 23:35:11,256 | WARNING | ZIP_WITH_PREDICTION decode failed (error: Error -3 while decompressing data: incorrect data check); channel replaced with black. width=119 height=213 depth=8 version=1
2026-04-09 23:35:11,257 | WARNING | Failed channel has been replaced by black
2026-04-09 23:35:11,257 | WARNING | ZIP_WITH_PREDICTION decode failed (error: Error -3 while decompressing data: incorrect data check); channel replaced with black. width=119 height=213 depth=8 version=1
2026-04-09 23:35:11,257 | WARNING | Failed channel has been replaced by black
2026-04-09 23:35:11,999 | WARNING | ZIP_WITH_PREDICTION decode failed (error: Error -3 while decompressing data: incorrect data check); channel replaced with black. width=1269 height=240 depth=8 version=1
2026-04-09 23:35:12,000 | WARNING | Failed channel has been replaced by black
2026-04-09 23:35:12,003 | WARNING | ZIP_WITH_PREDICTION decode failed (error: Error -3 while decompressing data: incorrect data check); channel replaced with black. width=1269 height=240 depth=8 version=1
2026-04-09 23:35:12,003 | WARNING | Failed channel has been replaced by black
2026-04-09 23:35:12,003 | WARNING | ZIP_WITH_PREDICTION decode failed (error: Error -3 while decompressing data: incorrect data check); channel replaced with black. width=1269 height=240 depth=8 version=1
2026-04-09 23:35:12,004 | WARNING | Failed channel has been replaced by black
2026-04-09 23:35:12,007 | WARNING | ZIP_WITH_PREDICTION decode failed (error: Error -3 while decompressing data: incorrect data check); channel replaced with black. width=1269 height=240 depth=8 version=1
2026-04-09 23:35:12,007 | WARNING | Failed channel has been replaced by black
2026-04-09 23:35:12,756 | WARNING | ZIP_WITH_PREDICTION decode failed (ValueError: Decompressed size exceeds expected maximum of 38734 bytes); channel replaced with black. width=181 height=214 depth=8 version=1
2026-04-09 23:35:12,757 | WARNING | Failed channel has been replaced by black
2026-04-09 23:35:12,758 | WARNING | ZIP_WITH_PREDICTION decode failed (ValueError: Decompressed size exceeds expected maximum of 38734 bytes); channel replaced with black. width=181 height=214 depth=8 version=1
2026-04-09 23:35:12,758 | WARNING | Failed channel has been replaced by black
2026-04-09 23:35:12,758 | WARNING | ZIP_WITH_PREDICTION decode failed (ValueError: Decompressed size exceeds expected maximum of 38734 bytes); channel replaced with black. width=181 height=214 depth=8 version=1
2026-04-09 23:35:12,758 | WARNING | Failed channel has been replaced by black
2026-04-09 23:35:12,759 | WARNING | ZIP_WITH_PREDICTION decode failed (ValueError: Decompressed size exceeds expected maximum of 38734 bytes); channel replaced with black. width=181 height=214 depth=8 version=1
2026-04-09 23:35:12,759 | WARNING | Failed channel has been replaced by black
2026-04-09 23:35:13,958 | INFO | [ok] sunspot.psd
2026-04-09 23:35:13,959 | INFO |     Cost 1: (172, 174, 291, 387) -> (196, 183, 315, 396) (target (196, 183, 315, 396), dx=24, dy=9)
2026-04-09 23:35:13,960 | INFO |     Power 0: (1464, 197, 1645, 411) -> (1464, 191, 1645, 405) (target (1464, 191, 1645, 405), dx=0, dy=-6)
2026-04-09 23:35:14,131 | WARNING | ZIP_WITH_PREDICTION decode failed (error: Error -3 while decompressing data: incorrect data check); channel replaced with black. width=2318 height=2142 depth=8 version=1
2026-04-09 23:35:14,138 | WARNING | Failed channel has been replaced by black
2026-04-09 23:35:14,169 | WARNING | ZIP_WITH_PREDICTION decode failed (error: Error -3 while decompressing data: incorrect data check); channel replaced with black. width=2318 height=2142 depth=8 version=1
2026-04-09 23:35:14,176 | WARNING | Failed channel has been replaced by black
2026-04-09 23:35:14,208 | WARNING | ZIP_WITH_PREDICTION decode failed (error: Error -3 while decompressing data: incorrect data check); channel replaced with black. width=2318 height=2142 depth=8 version=1
2026-04-09 23:35:14,215 | WARNING | Failed channel has been replaced by black
2026-04-09 23:35:14,277 | WARNING | ZIP_WITH_PREDICTION decode failed (error: Error -3 while decompressing data: incorrect data check); channel replaced with black. width=2318 height=2142 depth=8 version=1
2026-04-09 23:35:14,284 | WARNING | Failed channel has been replaced by black
2026-04-09 23:35:15,082 | WARNING | ZIP_WITH_PREDICTION decode failed (ValueError: Decompressed size exceeds expected maximum of 1042926 bytes); channel replaced with black. width=1721 height=606 depth=8 version=1
2026-04-09 23:35:15,083 | WARNING | Failed channel has been replaced by black
2026-04-09 23:35:15,089 | WARNING | ZIP_WITH_PREDICTION decode failed (ValueError: Decompressed size exceeds expected maximum of 1042926 bytes); channel replaced with black. width=1721 height=606 depth=8 version=1
2026-04-09 23:35:15,091 | WARNING | Failed channel has been replaced by black
2026-04-09 23:35:15,096 | WARNING | ZIP_WITH_PREDICTION decode failed (ValueError: Decompressed size exceeds expected maximum of 1042926 bytes); channel replaced with black. width=1721 height=606 depth=8 version=1
2026-04-09 23:35:15,097 | WARNING | Failed channel has been replaced by black
2026-04-09 23:35:15,113 | WARNING | ZIP_WITH_PREDICTION decode failed (ValueError: Decompressed size exceeds expected maximum of 1042926 bytes); channel replaced with black. width=1721 height=606 depth=8 version=1
2026-04-09 23:35:15,114 | WARNING | Failed channel has been replaced by black
2026-04-09 23:35:15,872 | WARNING | ZIP_WITH_PREDICTION decode failed (ValueError: Decompressed size exceeds expected maximum of 3770442 bytes); channel replaced with black. width=1703 height=2214 depth=8 version=1
2026-04-09 23:35:15,876 | WARNING | Failed channel has been replaced by black
2026-04-09 23:35:15,899 | WARNING | ZIP_WITH_PREDICTION decode failed (ValueError: Decompressed size exceeds expected maximum of 3770442 bytes); channel replaced with black. width=1703 height=2214 depth=8 version=1
2026-04-09 23:35:15,903 | WARNING | Failed channel has been replaced by black
2026-04-09 23:35:15,926 | WARNING | ZIP_WITH_PREDICTION decode failed (ValueError: Decompressed size exceeds expected maximum of 3770442 bytes); channel replaced with black. width=1703 height=2214 depth=8 version=1
2026-04-09 23:35:15,931 | WARNING | Failed channel has been replaced by black
2026-04-09 23:35:15,981 | WARNING | ZIP_WITH_PREDICTION decode failed (ValueError: Decompressed size exceeds expected maximum of 3770442 bytes); channel replaced with black. width=1703 height=2214 depth=8 version=1
2026-04-09 23:35:15,985 | WARNING | Failed channel has been replaced by black
2026-04-09 23:35:16,772 | WARNING | ZIP_WITH_PREDICTION decode failed (error: Error -3 while decompressing data: incorrect data check); channel replaced with black. width=1792 height=2646 depth=8 version=1
2026-04-09 23:35:16,779 | WARNING | Failed channel has been replaced by black
2026-04-09 23:35:16,805 | WARNING | ZIP_WITH_PREDICTION decode failed (error: Error -3 while decompressing data: incorrect data check); channel replaced with black. width=1792 height=2646 depth=8 version=1
2026-04-09 23:35:16,811 | WARNING | Failed channel has been replaced by black
2026-04-09 23:35:16,837 | WARNING | ZIP_WITH_PREDICTION decode failed (error: Error -3 while decompressing data: incorrect data check); channel replaced with black. width=1792 height=2646 depth=8 version=1
2026-04-09 23:35:16,844 | WARNING | Failed channel has been replaced by black
2026-04-09 23:35:16,906 | WARNING | ZIP_WITH_PREDICTION decode failed (error: Error -3 while decompressing data: incorrect data check); channel replaced with black. width=1792 height=2646 depth=8 version=1
2026-04-09 23:35:16,913 | WARNING | Failed channel has been replaced by black
2026-04-09 23:35:17,712 | WARNING | ZIP_WITH_PREDICTION decode failed (ValueError: Decompressed size exceeds expected maximum of 2816422 bytes); channel replaced with black. width=1421 height=1982 depth=8 version=1
2026-04-09 23:35:17,716 | WARNING | Failed channel has been replaced by black
2026-04-09 23:35:17,732 | WARNING | ZIP_WITH_PREDICTION decode failed (ValueError: Decompressed size exceeds expected maximum of 2816422 bytes); channel replaced with black. width=1421 height=1982 depth=8 version=1
2026-04-09 23:35:17,736 | WARNING | Failed channel has been replaced by black
2026-04-09 23:35:17,752 | WARNING | ZIP_WITH_PREDICTION decode failed (ValueError: Decompressed size exceeds expected maximum of 2816422 bytes); channel replaced with black. width=1421 height=1982 depth=8 version=1
2026-04-09 23:35:17,754 | WARNING | Failed channel has been replaced by black
2026-04-09 23:35:17,791 | WARNING | ZIP_WITH_PREDICTION decode failed (ValueError: Decompressed size exceeds expected maximum of 2816422 bytes); channel replaced with black. width=1421 height=1982 depth=8 version=1
2026-04-09 23:35:17,795 | WARNING | Failed channel has been replaced by black
2026-04-09 23:35:17,863 | WARNING | ZIP_WITH_PREDICTION decode failed (error: Error -3 while decompressing data: incorrect data check); channel replaced with black. width=2006 height=2006 depth=8 version=1
2026-04-09 23:35:17,868 | WARNING | Failed channel has been replaced by black
2026-04-09 23:35:17,895 | WARNING | ZIP_WITH_PREDICTION decode failed (error: Error -3 while decompressing data: incorrect data check); channel replaced with black. width=2006 height=2006 depth=8 version=1
2026-04-09 23:35:17,900 | WARNING | Failed channel has been replaced by black
2026-04-09 23:35:17,927 | WARNING | ZIP_WITH_PREDICTION decode failed (error: Error -3 while decompressing data: incorrect data check); channel replaced with black. width=2006 height=2006 depth=8 version=1
2026-04-09 23:35:17,931 | WARNING | Failed channel has been replaced by black
2026-04-09 23:35:17,981 | WARNING | ZIP_WITH_PREDICTION decode failed (error: Error -3 while decompressing data: incorrect data check); channel replaced with black. width=2006 height=2006 depth=8 version=1
2026-04-09 23:35:17,986 | WARNING | Failed channel has been replaced by black
2026-04-09 23:35:19,503 | WARNING | ZIP_WITH_PREDICTION decode failed (error: Error -3 while decompressing data: incorrect data check); channel replaced with black. width=1935 height=437 depth=8 version=1
2026-04-09 23:35:19,505 | WARNING | Failed channel has been replaced by black
2026-04-09 23:35:19,510 | WARNING | ZIP_WITH_PREDICTION decode failed (error: Error -3 while decompressing data: incorrect data check); channel replaced with black. width=1935 height=437 depth=8 version=1
2026-04-09 23:35:19,510 | WARNING | Failed channel has been replaced by black
2026-04-09 23:35:19,515 | WARNING | ZIP_WITH_PREDICTION decode failed (error: Error -3 while decompressing data: incorrect data check); channel replaced with black. width=1935 height=437 depth=8 version=1
2026-04-09 23:35:19,516 | WARNING | Failed channel has been replaced by black
2026-04-09 23:35:19,526 | WARNING | ZIP_WITH_PREDICTION decode failed (error: Error -3 while decompressing data: incorrect data check); channel replaced with black. width=1935 height=437 depth=8 version=1
2026-04-09 23:35:19,527 | WARNING | Failed channel has been replaced by black
2026-04-09 23:35:20,270 | WARNING | ZIP_WITH_PREDICTION decode failed (error: Error -3 while decompressing data: incorrect data check); channel replaced with black. width=171 height=213 depth=8 version=1
2026-04-09 23:35:20,271 | WARNING | Failed channel has been replaced by black
2026-04-09 23:35:20,272 | WARNING | ZIP_WITH_PREDICTION decode failed (error: Error -3 while decompressing data: incorrect data check); channel replaced with black. width=171 height=213 depth=8 version=1
2026-04-09 23:35:20,272 | WARNING | Failed channel has been replaced by black
2026-04-09 23:35:20,273 | WARNING | ZIP_WITH_PREDICTION decode failed (error: Error -3 while decompressing data: incorrect data check); channel replaced with black. width=171 height=213 depth=8 version=1
2026-04-09 23:35:20,273 | WARNING | Failed channel has been replaced by black
2026-04-09 23:35:20,273 | WARNING | ZIP_WITH_PREDICTION decode failed (error: Error -3 while decompressing data: incorrect data check); channel replaced with black. width=171 height=213 depth=8 version=1
2026-04-09 23:35:20,274 | WARNING | Failed channel has been replaced by black
2026-04-09 23:35:21,017 | WARNING | ZIP_WITH_PREDICTION decode failed (ValueError: Decompressed size exceeds expected maximum of 68370 bytes); channel replaced with black. width=795 height=86 depth=8 version=1
2026-04-09 23:35:21,018 | WARNING | Failed channel has been replaced by black
2026-04-09 23:35:21,019 | WARNING | ZIP_WITH_PREDICTION decode failed (ValueError: Decompressed size exceeds expected maximum of 68370 bytes); channel replaced with black. width=795 height=86 depth=8 version=1
2026-04-09 23:35:21,019 | WARNING | Failed channel has been replaced by black
2026-04-09 23:35:21,019 | WARNING | ZIP_WITH_PREDICTION decode failed (ValueError: Decompressed size exceeds expected maximum of 68370 bytes); channel replaced with black. width=795 height=86 depth=8 version=1
2026-04-09 23:35:21,020 | WARNING | Failed channel has been replaced by black
2026-04-09 23:35:21,020 | WARNING | ZIP_WITH_PREDICTION decode failed (ValueError: Decompressed size exceeds expected maximum of 68370 bytes); channel replaced with black. width=795 height=86 depth=8 version=1
2026-04-09 23:35:21,021 | WARNING | Failed channel has been replaced by black
2026-04-09 23:35:21,773 | WARNING | ZIP_WITH_PREDICTION decode failed (ValueError: Decompressed size exceeds expected maximum of 37022 bytes); channel replaced with black. width=173 height=214 depth=8 version=1
2026-04-09 23:35:21,773 | WARNING | Failed channel has been replaced by black
2026-04-09 23:35:21,774 | WARNING | ZIP_WITH_PREDICTION decode failed (ValueError: Decompressed size exceeds expected maximum of 37022 bytes); channel replaced with black. width=173 height=214 depth=8 version=1
2026-04-09 23:35:21,775 | WARNING | Failed channel has been replaced by black
2026-04-09 23:35:21,775 | WARNING | ZIP_WITH_PREDICTION decode failed (ValueError: Decompressed size exceeds expected maximum of 37022 bytes); channel replaced with black. width=173 height=214 depth=8 version=1
2026-04-09 23:35:21,776 | WARNING | Failed channel has been replaced by black
2026-04-09 23:35:21,776 | WARNING | ZIP_WITH_PREDICTION decode failed (ValueError: Decompressed size exceeds expected maximum of 37022 bytes); channel replaced with black. width=173 height=214 depth=8 version=1
2026-04-09 23:35:21,776 | WARNING | Failed channel has been replaced by black
2026-04-09 23:35:22,981 | INFO | [ok] the-thing.psd
2026-04-09 23:35:22,981 | INFO |     Cost 4: (165, 174, 336, 387) -> (153, 186, 324, 399) (target (153, 186, 324, 399), dx=-12, dy=12)
2026-04-09 23:35:22,983 | INFO |     Power 7: (1458, 197, 1631, 411) -> (1482, 188, 1655, 402) (target (1482, 188, 1655, 402), dx=24, dy=-9)
2026-04-09 23:35:23,220 | INFO | [ok] the-void.psd
2026-04-09 23:35:23,220 | INFO |     Cost 4: (153, 186, 324, 399) -> (153, 186, 324, 399) (target (153, 186, 324, 399), dx=0, dy=0)
2026-04-09 23:35:23,222 | INFO |     Power -9: (1428, 193, 1661, 407) -> (1428, 193, 1661, 407) (target (1428, 193, 1661, 407), dx=0, dy=0)
2026-04-09 23:35:23,400 | WARNING | ZIP_WITH_PREDICTION decode failed (error: Error -3 while decompressing data: incorrect data check); channel replaced with black. width=2318 height=2142 depth=8 version=1
2026-04-09 23:35:23,406 | WARNING | Failed channel has been replaced by black
2026-04-09 23:35:23,437 | WARNING | ZIP_WITH_PREDICTION decode failed (error: Error -3 while decompressing data: incorrect data check); channel replaced with black. width=2318 height=2142 depth=8 version=1
2026-04-09 23:35:23,443 | WARNING | Failed channel has been replaced by black
2026-04-09 23:35:23,476 | WARNING | ZIP_WITH_PREDICTION decode failed (error: Error -3 while decompressing data: incorrect data check); channel replaced with black. width=2318 height=2142 depth=8 version=1
2026-04-09 23:35:23,483 | WARNING | Failed channel has been replaced by black
2026-04-09 23:35:23,547 | WARNING | ZIP_WITH_PREDICTION decode failed (error: Error -3 while decompressing data: incorrect data check); channel replaced with black. width=2318 height=2142 depth=8 version=1
2026-04-09 23:35:23,554 | WARNING | Failed channel has been replaced by black
2026-04-09 23:35:24,349 | WARNING | ZIP_WITH_PREDICTION decode failed (ValueError: Decompressed size exceeds expected maximum of 1042926 bytes); channel replaced with black. width=1721 height=606 depth=8 version=1
2026-04-09 23:35:24,350 | WARNING | Failed channel has been replaced by black
2026-04-09 23:35:24,356 | WARNING | ZIP_WITH_PREDICTION decode failed (ValueError: Decompressed size exceeds expected maximum of 1042926 bytes); channel replaced with black. width=1721 height=606 depth=8 version=1
2026-04-09 23:35:24,357 | WARNING | Failed channel has been replaced by black
2026-04-09 23:35:24,362 | WARNING | ZIP_WITH_PREDICTION decode failed (ValueError: Decompressed size exceeds expected maximum of 1042926 bytes); channel replaced with black. width=1721 height=606 depth=8 version=1
2026-04-09 23:35:24,363 | WARNING | Failed channel has been replaced by black
2026-04-09 23:35:24,377 | WARNING | ZIP_WITH_PREDICTION decode failed (ValueError: Decompressed size exceeds expected maximum of 1042926 bytes); channel replaced with black. width=1721 height=606 depth=8 version=1
2026-04-09 23:35:24,377 | WARNING | Failed channel has been replaced by black
2026-04-09 23:35:25,155 | WARNING | ZIP_WITH_PREDICTION decode failed (ValueError: Decompressed size exceeds expected maximum of 3770442 bytes); channel replaced with black. width=1703 height=2214 depth=8 version=1
2026-04-09 23:35:25,159 | WARNING | Failed channel has been replaced by black
2026-04-09 23:35:25,182 | WARNING | ZIP_WITH_PREDICTION decode failed (ValueError: Decompressed size exceeds expected maximum of 3770442 bytes); channel replaced with black. width=1703 height=2214 depth=8 version=1
2026-04-09 23:35:25,186 | WARNING | Failed channel has been replaced by black
2026-04-09 23:35:25,209 | WARNING | ZIP_WITH_PREDICTION decode failed (ValueError: Decompressed size exceeds expected maximum of 3770442 bytes); channel replaced with black. width=1703 height=2214 depth=8 version=1
2026-04-09 23:35:25,214 | WARNING | Failed channel has been replaced by black
2026-04-09 23:35:25,265 | WARNING | ZIP_WITH_PREDICTION decode failed (ValueError: Decompressed size exceeds expected maximum of 3770442 bytes); channel replaced with black. width=1703 height=2214 depth=8 version=1
2026-04-09 23:35:25,270 | WARNING | Failed channel has been replaced by black
2026-04-09 23:35:26,074 | WARNING | ZIP_WITH_PREDICTION decode failed (error: Error -3 while decompressing data: incorrect data check); channel replaced with black. width=1792 height=2646 depth=8 version=1
2026-04-09 23:35:26,081 | WARNING | Failed channel has been replaced by black
2026-04-09 23:35:26,107 | WARNING | ZIP_WITH_PREDICTION decode failed (error: Error -3 while decompressing data: incorrect data check); channel replaced with black. width=1792 height=2646 depth=8 version=1
2026-04-09 23:35:26,113 | WARNING | Failed channel has been replaced by black
2026-04-09 23:35:26,140 | WARNING | ZIP_WITH_PREDICTION decode failed (error: Error -3 while decompressing data: incorrect data check); channel replaced with black. width=1792 height=2646 depth=8 version=1
2026-04-09 23:35:26,146 | WARNING | Failed channel has been replaced by black
2026-04-09 23:35:26,208 | WARNING | ZIP_WITH_PREDICTION decode failed (error: Error -3 while decompressing data: incorrect data check); channel replaced with black. width=1792 height=2646 depth=8 version=1
2026-04-09 23:35:26,214 | WARNING | Failed channel has been replaced by black
2026-04-09 23:35:27,008 | WARNING | ZIP_WITH_PREDICTION decode failed (ValueError: Decompressed size exceeds expected maximum of 2816422 bytes); channel replaced with black. width=1421 height=1982 depth=8 version=1
2026-04-09 23:35:27,012 | WARNING | Failed channel has been replaced by black
2026-04-09 23:35:27,029 | WARNING | ZIP_WITH_PREDICTION decode failed (ValueError: Decompressed size exceeds expected maximum of 2816422 bytes); channel replaced with black. width=1421 height=1982 depth=8 version=1
2026-04-09 23:35:27,034 | WARNING | Failed channel has been replaced by black
2026-04-09 23:35:27,050 | WARNING | ZIP_WITH_PREDICTION decode failed (ValueError: Decompressed size exceeds expected maximum of 2816422 bytes); channel replaced with black. width=1421 height=1982 depth=8 version=1
2026-04-09 23:35:27,054 | WARNING | Failed channel has been replaced by black
2026-04-09 23:35:27,093 | WARNING | ZIP_WITH_PREDICTION decode failed (ValueError: Decompressed size exceeds expected maximum of 2816422 bytes); channel replaced with black. width=1421 height=1982 depth=8 version=1
2026-04-09 23:35:27,098 | WARNING | Failed channel has been replaced by black
2026-04-09 23:35:27,170 | WARNING | ZIP_WITH_PREDICTION decode failed (error: Error -3 while decompressing data: incorrect data check); channel replaced with black. width=2006 height=2006 depth=8 version=1
2026-04-09 23:35:27,175 | WARNING | Failed channel has been replaced by black
2026-04-09 23:35:27,204 | WARNING | ZIP_WITH_PREDICTION decode failed (error: Error -3 while decompressing data: incorrect data check); channel replaced with black. width=2006 height=2006 depth=8 version=1
2026-04-09 23:35:27,208 | WARNING | Failed channel has been replaced by black
2026-04-09 23:35:27,237 | WARNING | ZIP_WITH_PREDICTION decode failed (error: Error -3 while decompressing data: incorrect data check); channel replaced with black. width=2006 height=2006 depth=8 version=1
2026-04-09 23:35:27,242 | WARNING | Failed channel has been replaced by black
2026-04-09 23:35:27,295 | WARNING | ZIP_WITH_PREDICTION decode failed (error: Error -3 while decompressing data: incorrect data check); channel replaced with black. width=2006 height=2006 depth=8 version=1
2026-04-09 23:35:27,299 | WARNING | Failed channel has been replaced by black
2026-04-09 23:35:28,818 | WARNING | ZIP_WITH_PREDICTION decode failed (error: Error -3 while decompressing data: incorrect data check); channel replaced with black. width=1013 height=643 depth=8 version=1
2026-04-09 23:35:28,821 | WARNING | Failed channel has been replaced by black
2026-04-09 23:35:28,824 | WARNING | ZIP_WITH_PREDICTION decode failed (error: Error -3 while decompressing data: incorrect data check); channel replaced with black. width=1013 height=643 depth=8 version=1
2026-04-09 23:35:28,825 | WARNING | Failed channel has been replaced by black
2026-04-09 23:35:28,829 | WARNING | ZIP_WITH_PREDICTION decode failed (error: Error -3 while decompressing data: incorrect data check); channel replaced with black. width=1013 height=643 depth=8 version=1
2026-04-09 23:35:28,829 | WARNING | Failed channel has been replaced by black
2026-04-09 23:35:28,840 | WARNING | ZIP_WITH_PREDICTION decode failed (error: Error -3 while decompressing data: incorrect data check); channel replaced with black. width=1013 height=643 depth=8 version=1
2026-04-09 23:35:28,841 | WARNING | Failed channel has been replaced by black
2026-04-09 23:35:29,577 | WARNING | ZIP_WITH_PREDICTION decode failed (ValueError: Decompressed size exceeds expected maximum of 35997 bytes); channel replaced with black. width=169 height=213 depth=8 version=1
2026-04-09 23:35:29,578 | WARNING | Failed channel has been replaced by black
2026-04-09 23:35:29,579 | WARNING | ZIP_WITH_PREDICTION decode failed (ValueError: Decompressed size exceeds expected maximum of 35997 bytes); channel replaced with black. width=169 height=213 depth=8 version=1
2026-04-09 23:35:29,579 | WARNING | Failed channel has been replaced by black
2026-04-09 23:35:29,580 | WARNING | ZIP_WITH_PREDICTION decode failed (ValueError: Decompressed size exceeds expected maximum of 35997 bytes); channel replaced with black. width=169 height=213 depth=8 version=1
2026-04-09 23:35:29,580 | WARNING | Failed channel has been replaced by black
2026-04-09 23:35:29,581 | WARNING | ZIP_WITH_PREDICTION decode failed (ValueError: Decompressed size exceeds expected maximum of 35997 bytes); channel replaced with black. width=169 height=213 depth=8 version=1
2026-04-09 23:35:29,581 | WARNING | Failed channel has been replaced by black
2026-04-09 23:35:30,321 | WARNING | ZIP_WITH_PREDICTION decode failed (ValueError: Decompressed size exceeds expected maximum of 471085 bytes); channel replaced with black. width=1327 height=355 depth=8 version=1
2026-04-09 23:35:30,323 | WARNING | Failed channel has been replaced by black
2026-04-09 23:35:30,326 | WARNING | ZIP_WITH_PREDICTION decode failed (ValueError: Decompressed size exceeds expected maximum of 471085 bytes); channel replaced with black. width=1327 height=355 depth=8 version=1
2026-04-09 23:35:30,326 | WARNING | Failed channel has been replaced by black
2026-04-09 23:35:30,328 | WARNING | ZIP_WITH_PREDICTION decode failed (ValueError: Decompressed size exceeds expected maximum of 471085 bytes); channel replaced with black. width=1327 height=355 depth=8 version=1
2026-04-09 23:35:30,328 | WARNING | Failed channel has been replaced by black
2026-04-09 23:35:30,334 | WARNING | ZIP_WITH_PREDICTION decode failed (ValueError: Decompressed size exceeds expected maximum of 471085 bytes); channel replaced with black. width=1327 height=355 depth=8 version=1
2026-04-09 23:35:30,334 | WARNING | Failed channel has been replaced by black
2026-04-09 23:35:31,080 | WARNING | ZIP_WITH_PREDICTION decode failed (ValueError: Decompressed size exceeds expected maximum of 35310 bytes); channel replaced with black. width=165 height=214 depth=8 version=1
2026-04-09 23:35:31,081 | WARNING | Failed channel has been replaced by black
2026-04-09 23:35:31,082 | WARNING | ZIP_WITH_PREDICTION decode failed (ValueError: Decompressed size exceeds expected maximum of 35310 bytes); channel replaced with black. width=165 height=214 depth=8 version=1
2026-04-09 23:35:31,082 | WARNING | Failed channel has been replaced by black
2026-04-09 23:35:31,082 | WARNING | ZIP_WITH_PREDICTION decode failed (ValueError: Decompressed size exceeds expected maximum of 35310 bytes); channel replaced with black. width=165 height=214 depth=8 version=1
2026-04-09 23:35:31,082 | WARNING | Failed channel has been replaced by black
2026-04-09 23:35:31,083 | WARNING | ZIP_WITH_PREDICTION decode failed (ValueError: Decompressed size exceeds expected maximum of 35310 bytes); channel replaced with black. width=165 height=214 depth=8 version=1
2026-04-09 23:35:31,083 | WARNING | Failed channel has been replaced by black
2026-04-09 23:35:32,289 | INFO | [ok] toxie-doxie.psd
2026-04-09 23:35:32,289 | INFO |     Cost 2: (151, 174, 320, 387) -> (166, 186, 335, 399) (target (166, 186, 335, 399), dx=15, dy=12)
2026-04-09 23:35:32,291 | INFO |     Power 3: (1460, 197, 1625, 411) -> (1478, 185, 1643, 399) (target (1478, 185, 1643, 399), dx=18, dy=-12)
2026-04-09 23:35:32,472 | WARNING | ZIP_WITH_PREDICTION decode failed (error: Error -3 while decompressing data: incorrect data check); channel replaced with black. width=2318 height=2142 depth=8 version=1
2026-04-09 23:35:32,479 | WARNING | Failed channel has been replaced by black
2026-04-09 23:35:32,512 | WARNING | ZIP_WITH_PREDICTION decode failed (error: Error -3 while decompressing data: incorrect data check); channel replaced with black. width=2318 height=2142 depth=8 version=1
2026-04-09 23:35:32,518 | WARNING | Failed channel has been replaced by black
2026-04-09 23:35:32,553 | WARNING | ZIP_WITH_PREDICTION decode failed (error: Error -3 while decompressing data: incorrect data check); channel replaced with black. width=2318 height=2142 depth=8 version=1
2026-04-09 23:35:32,559 | WARNING | Failed channel has been replaced by black
2026-04-09 23:35:32,624 | WARNING | ZIP_WITH_PREDICTION decode failed (error: Error -3 while decompressing data: incorrect data check); channel replaced with black. width=2318 height=2142 depth=8 version=1
2026-04-09 23:35:32,631 | WARNING | Failed channel has been replaced by black
2026-04-09 23:35:33,420 | WARNING | ZIP_WITH_PREDICTION decode failed (ValueError: Decompressed size exceeds expected maximum of 1042926 bytes); channel replaced with black. width=1721 height=606 depth=8 version=1
2026-04-09 23:35:33,422 | WARNING | Failed channel has been replaced by black
2026-04-09 23:35:33,428 | WARNING | ZIP_WITH_PREDICTION decode failed (ValueError: Decompressed size exceeds expected maximum of 1042926 bytes); channel replaced with black. width=1721 height=606 depth=8 version=1
2026-04-09 23:35:33,429 | WARNING | Failed channel has been replaced by black
2026-04-09 23:35:33,434 | WARNING | ZIP_WITH_PREDICTION decode failed (ValueError: Decompressed size exceeds expected maximum of 1042926 bytes); channel replaced with black. width=1721 height=606 depth=8 version=1
2026-04-09 23:35:33,434 | WARNING | Failed channel has been replaced by black
2026-04-09 23:35:33,448 | WARNING | ZIP_WITH_PREDICTION decode failed (ValueError: Decompressed size exceeds expected maximum of 1042926 bytes); channel replaced with black. width=1721 height=606 depth=8 version=1
2026-04-09 23:35:33,449 | WARNING | Failed channel has been replaced by black
2026-04-09 23:35:34,212 | WARNING | ZIP_WITH_PREDICTION decode failed (ValueError: Decompressed size exceeds expected maximum of 3770442 bytes); channel replaced with black. width=1703 height=2214 depth=8 version=1
2026-04-09 23:35:34,217 | WARNING | Failed channel has been replaced by black
2026-04-09 23:35:34,240 | WARNING | ZIP_WITH_PREDICTION decode failed (ValueError: Decompressed size exceeds expected maximum of 3770442 bytes); channel replaced with black. width=1703 height=2214 depth=8 version=1
2026-04-09 23:35:34,245 | WARNING | Failed channel has been replaced by black
2026-04-09 23:35:34,268 | WARNING | ZIP_WITH_PREDICTION decode failed (ValueError: Decompressed size exceeds expected maximum of 3770442 bytes); channel replaced with black. width=1703 height=2214 depth=8 version=1
2026-04-09 23:35:34,272 | WARNING | Failed channel has been replaced by black
2026-04-09 23:35:34,322 | WARNING | ZIP_WITH_PREDICTION decode failed (ValueError: Decompressed size exceeds expected maximum of 3770442 bytes); channel replaced with black. width=1703 height=2214 depth=8 version=1
2026-04-09 23:35:34,327 | WARNING | Failed channel has been replaced by black
2026-04-09 23:35:35,118 | WARNING | ZIP_WITH_PREDICTION decode failed (error: Error -3 while decompressing data: incorrect data check); channel replaced with black. width=1792 height=2646 depth=8 version=1
2026-04-09 23:35:35,124 | WARNING | Failed channel has been replaced by black
2026-04-09 23:35:35,151 | WARNING | ZIP_WITH_PREDICTION decode failed (error: Error -3 while decompressing data: incorrect data check); channel replaced with black. width=1792 height=2646 depth=8 version=1
2026-04-09 23:35:35,157 | WARNING | Failed channel has been replaced by black
2026-04-09 23:35:35,183 | WARNING | ZIP_WITH_PREDICTION decode failed (error: Error -3 while decompressing data: incorrect data check); channel replaced with black. width=1792 height=2646 depth=8 version=1
2026-04-09 23:35:35,189 | WARNING | Failed channel has been replaced by black
2026-04-09 23:35:35,250 | WARNING | ZIP_WITH_PREDICTION decode failed (error: Error -3 while decompressing data: incorrect data check); channel replaced with black. width=1792 height=2646 depth=8 version=1
2026-04-09 23:35:35,256 | WARNING | Failed channel has been replaced by black
2026-04-09 23:35:36,040 | WARNING | ZIP_WITH_PREDICTION decode failed (ValueError: Decompressed size exceeds expected maximum of 2816422 bytes); channel replaced with black. width=1421 height=1982 depth=8 version=1
2026-04-09 23:35:36,043 | WARNING | Failed channel has been replaced by black
2026-04-09 23:35:36,060 | WARNING | ZIP_WITH_PREDICTION decode failed (ValueError: Decompressed size exceeds expected maximum of 2816422 bytes); channel replaced with black. width=1421 height=1982 depth=8 version=1
2026-04-09 23:35:36,064 | WARNING | Failed channel has been replaced by black
2026-04-09 23:35:36,081 | WARNING | ZIP_WITH_PREDICTION decode failed (ValueError: Decompressed size exceeds expected maximum of 2816422 bytes); channel replaced with black. width=1421 height=1982 depth=8 version=1
2026-04-09 23:35:36,085 | WARNING | Failed channel has been replaced by black
2026-04-09 23:35:36,122 | WARNING | ZIP_WITH_PREDICTION decode failed (ValueError: Decompressed size exceeds expected maximum of 2816422 bytes); channel replaced with black. width=1421 height=1982 depth=8 version=1
2026-04-09 23:35:36,126 | WARNING | Failed channel has been replaced by black
2026-04-09 23:35:36,199 | WARNING | ZIP_WITH_PREDICTION decode failed (error: Error -3 while decompressing data: incorrect data check); channel replaced with black. width=2006 height=2006 depth=8 version=1
2026-04-09 23:35:36,204 | WARNING | Failed channel has been replaced by black
2026-04-09 23:35:36,232 | WARNING | ZIP_WITH_PREDICTION decode failed (error: Error -3 while decompressing data: incorrect data check); channel replaced with black. width=2006 height=2006 depth=8 version=1
2026-04-09 23:35:36,237 | WARNING | Failed channel has been replaced by black
2026-04-09 23:35:36,265 | WARNING | ZIP_WITH_PREDICTION decode failed (error: Error -3 while decompressing data: incorrect data check); channel replaced with black. width=2006 height=2006 depth=8 version=1
2026-04-09 23:35:36,270 | WARNING | Failed channel has been replaced by black
2026-04-09 23:35:36,323 | WARNING | ZIP_WITH_PREDICTION decode failed (error: Error -3 while decompressing data: incorrect data check); channel replaced with black. width=2006 height=2006 depth=8 version=1
2026-04-09 23:35:36,328 | WARNING | Failed channel has been replaced by black
2026-04-09 23:35:37,846 | WARNING | ZIP_WITH_PREDICTION decode failed (error: Error -3 while decompressing data: incorrect data check); channel replaced with black. width=1864 height=644 depth=8 version=1
2026-04-09 23:35:37,849 | WARNING | Failed channel has been replaced by black
2026-04-09 23:35:37,855 | WARNING | ZIP_WITH_PREDICTION decode failed (error: Error -3 while decompressing data: incorrect data check); channel replaced with black. width=1864 height=644 depth=8 version=1
2026-04-09 23:35:37,857 | WARNING | Failed channel has been replaced by black
2026-04-09 23:35:37,863 | WARNING | ZIP_WITH_PREDICTION decode failed (error: Error -3 while decompressing data: incorrect data check); channel replaced with black. width=1864 height=644 depth=8 version=1
2026-04-09 23:35:37,864 | WARNING | Failed channel has been replaced by black
2026-04-09 23:35:37,879 | WARNING | ZIP_WITH_PREDICTION decode failed (error: Error -3 while decompressing data: incorrect data check); channel replaced with black. width=1864 height=644 depth=8 version=1
2026-04-09 23:35:37,881 | WARNING | Failed channel has been replaced by black
2026-04-09 23:35:38,634 | WARNING | ZIP_WITH_PREDICTION decode failed (error: Error -3 while decompressing data: incorrect data check); channel replaced with black. width=171 height=213 depth=8 version=1
2026-04-09 23:35:38,634 | WARNING | Failed channel has been replaced by black
2026-04-09 23:35:38,635 | WARNING | ZIP_WITH_PREDICTION decode failed (error: Error -3 while decompressing data: incorrect data check); channel replaced with black. width=171 height=213 depth=8 version=1
2026-04-09 23:35:38,635 | WARNING | Failed channel has been replaced by black
2026-04-09 23:35:38,635 | WARNING | ZIP_WITH_PREDICTION decode failed (error: Error -3 while decompressing data: incorrect data check); channel replaced with black. width=171 height=213 depth=8 version=1
2026-04-09 23:35:38,636 | WARNING | Failed channel has been replaced by black
2026-04-09 23:35:38,636 | WARNING | ZIP_WITH_PREDICTION decode failed (error: Error -3 while decompressing data: incorrect data check); channel replaced with black. width=171 height=213 depth=8 version=1
2026-04-09 23:35:38,636 | WARNING | Failed channel has been replaced by black
2026-04-09 23:35:39,379 | WARNING | ZIP_WITH_PREDICTION decode failed (error: Error -3 while decompressing data: incorrect data check); channel replaced with black. width=1431 height=221 depth=8 version=1
2026-04-09 23:35:39,381 | WARNING | Failed channel has been replaced by black
2026-04-09 23:35:39,383 | WARNING | ZIP_WITH_PREDICTION decode failed (error: Error -3 while decompressing data: incorrect data check); channel replaced with black. width=1431 height=221 depth=8 version=1
2026-04-09 23:35:39,383 | WARNING | Failed channel has been replaced by black
2026-04-09 23:35:39,384 | WARNING | ZIP_WITH_PREDICTION decode failed (error: Error -3 while decompressing data: incorrect data check); channel replaced with black. width=1431 height=221 depth=8 version=1
2026-04-09 23:35:39,385 | WARNING | Failed channel has been replaced by black
2026-04-09 23:35:39,388 | WARNING | ZIP_WITH_PREDICTION decode failed (error: Error -3 while decompressing data: incorrect data check); channel replaced with black. width=1431 height=221 depth=8 version=1
2026-04-09 23:35:39,388 | WARNING | Failed channel has been replaced by black
2026-04-09 23:35:40,161 | WARNING | ZIP_WITH_PREDICTION decode failed (error: Error -3 while decompressing data: incorrect data check); channel replaced with black. width=260 height=215 depth=8 version=1
2026-04-09 23:35:40,163 | WARNING | Failed channel has been replaced by black
2026-04-09 23:35:40,163 | WARNING | ZIP_WITH_PREDICTION decode failed (error: Error -3 while decompressing data: incorrect data check); channel replaced with black. width=260 height=215 depth=8 version=1
2026-04-09 23:35:40,163 | WARNING | Failed channel has been replaced by black
2026-04-09 23:35:40,164 | WARNING | ZIP_WITH_PREDICTION decode failed (error: Error -3 while decompressing data: incorrect data check); channel replaced with black. width=260 height=215 depth=8 version=1
2026-04-09 23:35:40,164 | WARNING | Failed channel has been replaced by black
2026-04-09 23:35:40,165 | WARNING | ZIP_WITH_PREDICTION decode failed (error: Error -3 while decompressing data: incorrect data check); channel replaced with black. width=260 height=215 depth=8 version=1
2026-04-09 23:35:40,165 | WARNING | Failed channel has been replaced by black
2026-04-09 23:35:41,410 | INFO | [ok] typhoid-mary.psd
2026-04-09 23:35:41,410 | INFO |     Cost 4: (165, 174, 336, 387) -> (153, 186, 324, 399) (target (153, 186, 324, 399), dx=-12, dy=12)
2026-04-09 23:35:41,411 | INFO |     Power 10: (1480, 196, 1740, 411) -> (1432, 190, 1692, 405) (target (1432, 190, 1692, 405), dx=-48, dy=-6)
2026-04-09 23:35:41,694 | INFO | [ok] uatu.psd
2026-04-09 23:35:41,694 | INFO |     Cost 1: (196, 183, 315, 396) -> (196, 183, 315, 396) (target (196, 183, 315, 396), dx=0, dy=0)
2026-04-09 23:35:41,696 | INFO |     Power 2: (1477, 188, 1645, 402) -> (1477, 188, 1645, 402) (target (1477, 188, 1645, 402), dx=0, dy=0)
2026-04-09 23:35:41,898 | WARNING | ZIP_WITH_PREDICTION decode failed (error: Error -3 while decompressing data: incorrect data check); channel replaced with black. width=2318 height=2142 depth=8 version=1
2026-04-09 23:35:41,908 | WARNING | Failed channel has been replaced by black
2026-04-09 23:35:41,940 | WARNING | ZIP_WITH_PREDICTION decode failed (error: Error -3 while decompressing data: incorrect data check); channel replaced with black. width=2318 height=2142 depth=8 version=1
2026-04-09 23:35:41,947 | WARNING | Failed channel has been replaced by black
2026-04-09 23:35:41,981 | WARNING | ZIP_WITH_PREDICTION decode failed (error: Error -3 while decompressing data: incorrect data check); channel replaced with black. width=2318 height=2142 depth=8 version=1
2026-04-09 23:35:41,987 | WARNING | Failed channel has been replaced by black
2026-04-09 23:35:42,048 | WARNING | ZIP_WITH_PREDICTION decode failed (error: Error -3 while decompressing data: incorrect data check); channel replaced with black. width=2318 height=2142 depth=8 version=1
2026-04-09 23:35:42,054 | WARNING | Failed channel has been replaced by black
2026-04-09 23:35:42,858 | WARNING | ZIP_WITH_PREDICTION decode failed (ValueError: Decompressed size exceeds expected maximum of 1042926 bytes); channel replaced with black. width=1721 height=606 depth=8 version=1
2026-04-09 23:35:42,860 | WARNING | Failed channel has been replaced by black
2026-04-09 23:35:42,866 | WARNING | ZIP_WITH_PREDICTION decode failed (ValueError: Decompressed size exceeds expected maximum of 1042926 bytes); channel replaced with black. width=1721 height=606 depth=8 version=1
2026-04-09 23:35:42,867 | WARNING | Failed channel has been replaced by black
2026-04-09 23:35:42,874 | WARNING | ZIP_WITH_PREDICTION decode failed (ValueError: Decompressed size exceeds expected maximum of 1042926 bytes); channel replaced with black. width=1721 height=606 depth=8 version=1
2026-04-09 23:35:42,876 | WARNING | Failed channel has been replaced by black
2026-04-09 23:35:42,892 | WARNING | ZIP_WITH_PREDICTION decode failed (ValueError: Decompressed size exceeds expected maximum of 1042926 bytes); channel replaced with black. width=1721 height=606 depth=8 version=1
2026-04-09 23:35:42,893 | WARNING | Failed channel has been replaced by black
2026-04-09 23:35:43,680 | WARNING | ZIP_WITH_PREDICTION decode failed (ValueError: Decompressed size exceeds expected maximum of 3770442 bytes); channel replaced with black. width=1703 height=2214 depth=8 version=1
2026-04-09 23:35:43,685 | WARNING | Failed channel has been replaced by black
2026-04-09 23:35:43,708 | WARNING | ZIP_WITH_PREDICTION decode failed (ValueError: Decompressed size exceeds expected maximum of 3770442 bytes); channel replaced with black. width=1703 height=2214 depth=8 version=1
2026-04-09 23:35:43,714 | WARNING | Failed channel has been replaced by black
2026-04-09 23:35:43,736 | WARNING | ZIP_WITH_PREDICTION decode failed (ValueError: Decompressed size exceeds expected maximum of 3770442 bytes); channel replaced with black. width=1703 height=2214 depth=8 version=1
2026-04-09 23:35:43,741 | WARNING | Failed channel has been replaced by black
2026-04-09 23:35:43,793 | WARNING | ZIP_WITH_PREDICTION decode failed (ValueError: Decompressed size exceeds expected maximum of 3770442 bytes); channel replaced with black. width=1703 height=2214 depth=8 version=1
2026-04-09 23:35:43,798 | WARNING | Failed channel has been replaced by black
2026-04-09 23:35:44,602 | WARNING | ZIP_WITH_PREDICTION decode failed (error: Error -3 while decompressing data: incorrect data check); channel replaced with black. width=1792 height=2646 depth=8 version=1
2026-04-09 23:35:44,609 | WARNING | Failed channel has been replaced by black
2026-04-09 23:35:44,636 | WARNING | ZIP_WITH_PREDICTION decode failed (error: Error -3 while decompressing data: incorrect data check); channel replaced with black. width=1792 height=2646 depth=8 version=1
2026-04-09 23:35:44,642 | WARNING | Failed channel has been replaced by black
2026-04-09 23:35:44,668 | WARNING | ZIP_WITH_PREDICTION decode failed (error: Error -3 while decompressing data: incorrect data check); channel replaced with black. width=1792 height=2646 depth=8 version=1
2026-04-09 23:35:44,674 | WARNING | Failed channel has been replaced by black
2026-04-09 23:35:44,737 | WARNING | ZIP_WITH_PREDICTION decode failed (error: Error -3 while decompressing data: incorrect data check); channel replaced with black. width=1792 height=2646 depth=8 version=1
2026-04-09 23:35:44,744 | WARNING | Failed channel has been replaced by black
2026-04-09 23:35:45,568 | WARNING | ZIP_WITH_PREDICTION decode failed (ValueError: Decompressed size exceeds expected maximum of 2816422 bytes); channel replaced with black. width=1421 height=1982 depth=8 version=1
2026-04-09 23:35:45,572 | WARNING | Failed channel has been replaced by black
2026-04-09 23:35:45,588 | WARNING | ZIP_WITH_PREDICTION decode failed (ValueError: Decompressed size exceeds expected maximum of 2816422 bytes); channel replaced with black. width=1421 height=1982 depth=8 version=1
2026-04-09 23:35:45,592 | WARNING | Failed channel has been replaced by black
2026-04-09 23:35:45,609 | WARNING | ZIP_WITH_PREDICTION decode failed (ValueError: Decompressed size exceeds expected maximum of 2816422 bytes); channel replaced with black. width=1421 height=1982 depth=8 version=1
2026-04-09 23:35:45,613 | WARNING | Failed channel has been replaced by black
2026-04-09 23:35:45,651 | WARNING | ZIP_WITH_PREDICTION decode failed (ValueError: Decompressed size exceeds expected maximum of 2816422 bytes); channel replaced with black. width=1421 height=1982 depth=8 version=1
2026-04-09 23:35:45,656 | WARNING | Failed channel has been replaced by black
2026-04-09 23:35:45,730 | WARNING | ZIP_WITH_PREDICTION decode failed (error: Error -3 while decompressing data: incorrect data check); channel replaced with black. width=2006 height=2006 depth=8 version=1
2026-04-09 23:35:45,734 | WARNING | Failed channel has been replaced by black
2026-04-09 23:35:45,763 | WARNING | ZIP_WITH_PREDICTION decode failed (error: Error -3 while decompressing data: incorrect data check); channel replaced with black. width=2006 height=2006 depth=8 version=1
2026-04-09 23:35:45,768 | WARNING | Failed channel has been replaced by black
2026-04-09 23:35:45,796 | WARNING | ZIP_WITH_PREDICTION decode failed (error: Error -3 while decompressing data: incorrect data check); channel replaced with black. width=2006 height=2006 depth=8 version=1
2026-04-09 23:35:45,801 | WARNING | Failed channel has been replaced by black
2026-04-09 23:35:45,854 | WARNING | ZIP_WITH_PREDICTION decode failed (error: Error -3 while decompressing data: incorrect data check); channel replaced with black. width=2006 height=2006 depth=8 version=1
2026-04-09 23:35:45,859 | WARNING | Failed channel has been replaced by black
2026-04-09 23:35:47,376 | WARNING | ZIP_WITH_PREDICTION decode failed (error: Error -3 while decompressing data: incorrect data check); channel replaced with black. width=1851 height=644 depth=8 version=1
2026-04-09 23:35:47,379 | WARNING | Failed channel has been replaced by black
2026-04-09 23:35:47,386 | WARNING | ZIP_WITH_PREDICTION decode failed (error: Error -3 while decompressing data: incorrect data check); channel replaced with black. width=1851 height=644 depth=8 version=1
2026-04-09 23:35:47,387 | WARNING | Failed channel has been replaced by black
2026-04-09 23:35:47,394 | WARNING | ZIP_WITH_PREDICTION decode failed (error: Error -3 while decompressing data: incorrect data check); channel replaced with black. width=1851 height=644 depth=8 version=1
2026-04-09 23:35:47,396 | WARNING | Failed channel has been replaced by black
2026-04-09 23:35:47,414 | WARNING | ZIP_WITH_PREDICTION decode failed (error: Error -3 while decompressing data: incorrect data check); channel replaced with black. width=1851 height=644 depth=8 version=1
2026-04-09 23:35:47,416 | WARNING | Failed channel has been replaced by black
2026-04-09 23:35:48,245 | WARNING | ZIP_WITH_PREDICTION decode failed (ValueError: Decompressed size exceeds expected maximum of 35358 bytes); channel replaced with black. width=166 height=213 depth=8 version=1
2026-04-09 23:35:48,245 | WARNING | Failed channel has been replaced by black
2026-04-09 23:35:48,246 | WARNING | ZIP_WITH_PREDICTION decode failed (ValueError: Decompressed size exceeds expected maximum of 35358 bytes); channel replaced with black. width=166 height=213 depth=8 version=1
2026-04-09 23:35:48,246 | WARNING | Failed channel has been replaced by black
2026-04-09 23:35:48,247 | WARNING | ZIP_WITH_PREDICTION decode failed (ValueError: Decompressed size exceeds expected maximum of 35358 bytes); channel replaced with black. width=166 height=213 depth=8 version=1
2026-04-09 23:35:48,247 | WARNING | Failed channel has been replaced by black
2026-04-09 23:35:48,248 | WARNING | ZIP_WITH_PREDICTION decode failed (ValueError: Decompressed size exceeds expected maximum of 35358 bytes); channel replaced with black. width=166 height=213 depth=8 version=1
2026-04-09 23:35:48,248 | WARNING | Failed channel has been replaced by black
2026-04-09 23:35:49,010 | WARNING | ZIP_WITH_PREDICTION decode failed (ValueError: Decompressed size exceeds expected maximum of 526194 bytes); channel replaced with black. width=1426 height=369 depth=8 version=1
2026-04-09 23:35:49,012 | WARNING | Failed channel has been replaced by black
2026-04-09 23:35:49,015 | WARNING | ZIP_WITH_PREDICTION decode failed (ValueError: Decompressed size exceeds expected maximum of 526194 bytes); channel replaced with black. width=1426 height=369 depth=8 version=1
2026-04-09 23:35:49,016 | WARNING | Failed channel has been replaced by black
2026-04-09 23:35:49,018 | WARNING | ZIP_WITH_PREDICTION decode failed (ValueError: Decompressed size exceeds expected maximum of 526194 bytes); channel replaced with black. width=1426 height=369 depth=8 version=1
2026-04-09 23:35:49,019 | WARNING | Failed channel has been replaced by black
2026-04-09 23:35:49,026 | WARNING | ZIP_WITH_PREDICTION decode failed (ValueError: Decompressed size exceeds expected maximum of 526194 bytes); channel replaced with black. width=1426 height=369 depth=8 version=1
2026-04-09 23:35:49,027 | WARNING | Failed channel has been replaced by black
2026-04-09 23:35:49,794 | WARNING | ZIP_WITH_PREDICTION decode failed (ValueError: Decompressed size exceeds expected maximum of 36594 bytes); channel replaced with black. width=171 height=214 depth=8 version=1
2026-04-09 23:35:49,794 | WARNING | Failed channel has been replaced by black
2026-04-09 23:35:49,795 | WARNING | ZIP_WITH_PREDICTION decode failed (ValueError: Decompressed size exceeds expected maximum of 36594 bytes); channel replaced with black. width=171 height=214 depth=8 version=1
2026-04-09 23:35:49,796 | WARNING | Failed channel has been replaced by black
2026-04-09 23:35:49,796 | WARNING | ZIP_WITH_PREDICTION decode failed (ValueError: Decompressed size exceeds expected maximum of 36594 bytes); channel replaced with black. width=171 height=214 depth=8 version=1
2026-04-09 23:35:49,796 | WARNING | Failed channel has been replaced by black
2026-04-09 23:35:49,797 | WARNING | ZIP_WITH_PREDICTION decode failed (ValueError: Decompressed size exceeds expected maximum of 36594 bytes); channel replaced with black. width=171 height=214 depth=8 version=1
2026-04-09 23:35:49,797 | WARNING | Failed channel has been replaced by black
2026-04-09 23:35:51,050 | INFO | [ok] viv.psd
2026-04-09 23:35:51,051 | INFO |     Cost 3: (152, 174, 318, 387) -> (167, 183, 333, 396) (target (167, 183, 333, 396), dx=15, dy=9)
2026-04-09 23:35:51,052 | INFO |     Power 4: (1472, 197, 1643, 411) -> (1472, 182, 1643, 396) (target (1472, 182, 1643, 396), dx=0, dy=-15)
2026-04-09 23:35:51,237 | WARNING | ZIP_WITH_PREDICTION decode failed (error: Error -3 while decompressing data: incorrect data check); channel replaced with black. width=2318 height=2142 depth=8 version=1
2026-04-09 23:35:51,244 | WARNING | Failed channel has been replaced by black
2026-04-09 23:35:51,276 | WARNING | ZIP_WITH_PREDICTION decode failed (error: Error -3 while decompressing data: incorrect data check); channel replaced with black. width=2318 height=2142 depth=8 version=1
2026-04-09 23:35:51,282 | WARNING | Failed channel has been replaced by black
2026-04-09 23:35:51,315 | WARNING | ZIP_WITH_PREDICTION decode failed (error: Error -3 while decompressing data: incorrect data check); channel replaced with black. width=2318 height=2142 depth=8 version=1
2026-04-09 23:35:51,320 | WARNING | Failed channel has been replaced by black
2026-04-09 23:35:51,382 | WARNING | ZIP_WITH_PREDICTION decode failed (error: Error -3 while decompressing data: incorrect data check); channel replaced with black. width=2318 height=2142 depth=8 version=1
2026-04-09 23:35:51,388 | WARNING | Failed channel has been replaced by black
2026-04-09 23:35:52,196 | WARNING | ZIP_WITH_PREDICTION decode failed (ValueError: Decompressed size exceeds expected maximum of 1042926 bytes); channel replaced with black. width=1721 height=606 depth=8 version=1
2026-04-09 23:35:52,197 | WARNING | Failed channel has been replaced by black
2026-04-09 23:35:52,203 | WARNING | ZIP_WITH_PREDICTION decode failed (ValueError: Decompressed size exceeds expected maximum of 1042926 bytes); channel replaced with black. width=1721 height=606 depth=8 version=1
2026-04-09 23:35:52,205 | WARNING | Failed channel has been replaced by black
2026-04-09 23:35:52,210 | WARNING | ZIP_WITH_PREDICTION decode failed (ValueError: Decompressed size exceeds expected maximum of 1042926 bytes); channel replaced with black. width=1721 height=606 depth=8 version=1
2026-04-09 23:35:52,211 | WARNING | Failed channel has been replaced by black
2026-04-09 23:35:52,224 | WARNING | ZIP_WITH_PREDICTION decode failed (ValueError: Decompressed size exceeds expected maximum of 1042926 bytes); channel replaced with black. width=1721 height=606 depth=8 version=1
2026-04-09 23:35:52,225 | WARNING | Failed channel has been replaced by black
2026-04-09 23:35:53,007 | WARNING | ZIP_WITH_PREDICTION decode failed (ValueError: Decompressed size exceeds expected maximum of 3770442 bytes); channel replaced with black. width=1703 height=2214 depth=8 version=1
2026-04-09 23:35:53,011 | WARNING | Failed channel has been replaced by black
2026-04-09 23:35:53,034 | WARNING | ZIP_WITH_PREDICTION decode failed (ValueError: Decompressed size exceeds expected maximum of 3770442 bytes); channel replaced with black. width=1703 height=2214 depth=8 version=1
2026-04-09 23:35:53,039 | WARNING | Failed channel has been replaced by black
2026-04-09 23:35:53,061 | WARNING | ZIP_WITH_PREDICTION decode failed (ValueError: Decompressed size exceeds expected maximum of 3770442 bytes); channel replaced with black. width=1703 height=2214 depth=8 version=1
2026-04-09 23:35:53,066 | WARNING | Failed channel has been replaced by black
2026-04-09 23:35:53,117 | WARNING | ZIP_WITH_PREDICTION decode failed (ValueError: Decompressed size exceeds expected maximum of 3770442 bytes); channel replaced with black. width=1703 height=2214 depth=8 version=1
2026-04-09 23:35:53,121 | WARNING | Failed channel has been replaced by black
2026-04-09 23:35:53,913 | WARNING | ZIP_WITH_PREDICTION decode failed (error: Error -3 while decompressing data: incorrect data check); channel replaced with black. width=1792 height=2646 depth=8 version=1
2026-04-09 23:35:53,920 | WARNING | Failed channel has been replaced by black
2026-04-09 23:35:53,946 | WARNING | ZIP_WITH_PREDICTION decode failed (error: Error -3 while decompressing data: incorrect data check); channel replaced with black. width=1792 height=2646 depth=8 version=1
2026-04-09 23:35:53,951 | WARNING | Failed channel has been replaced by black
2026-04-09 23:35:53,978 | WARNING | ZIP_WITH_PREDICTION decode failed (error: Error -3 while decompressing data: incorrect data check); channel replaced with black. width=1792 height=2646 depth=8 version=1
2026-04-09 23:35:53,984 | WARNING | Failed channel has been replaced by black
2026-04-09 23:35:54,045 | WARNING | ZIP_WITH_PREDICTION decode failed (error: Error -3 while decompressing data: incorrect data check); channel replaced with black. width=1792 height=2646 depth=8 version=1
2026-04-09 23:35:54,051 | WARNING | Failed channel has been replaced by black
2026-04-09 23:35:54,856 | WARNING | ZIP_WITH_PREDICTION decode failed (ValueError: Decompressed size exceeds expected maximum of 2816422 bytes); channel replaced with black. width=1421 height=1982 depth=8 version=1
2026-04-09 23:35:54,863 | WARNING | Failed channel has been replaced by black
2026-04-09 23:35:54,883 | WARNING | ZIP_WITH_PREDICTION decode failed (ValueError: Decompressed size exceeds expected maximum of 2816422 bytes); channel replaced with black. width=1421 height=1982 depth=8 version=1
2026-04-09 23:35:54,889 | WARNING | Failed channel has been replaced by black
2026-04-09 23:35:54,907 | WARNING | ZIP_WITH_PREDICTION decode failed (ValueError: Decompressed size exceeds expected maximum of 2816422 bytes); channel replaced with black. width=1421 height=1982 depth=8 version=1
2026-04-09 23:35:54,911 | WARNING | Failed channel has been replaced by black
2026-04-09 23:35:54,947 | WARNING | ZIP_WITH_PREDICTION decode failed (ValueError: Decompressed size exceeds expected maximum of 2816422 bytes); channel replaced with black. width=1421 height=1982 depth=8 version=1
2026-04-09 23:35:54,951 | WARNING | Failed channel has been replaced by black
2026-04-09 23:35:55,019 | WARNING | ZIP_WITH_PREDICTION decode failed (error: Error -3 while decompressing data: incorrect data check); channel replaced with black. width=2006 height=2006 depth=8 version=1
2026-04-09 23:35:55,025 | WARNING | Failed channel has been replaced by black
2026-04-09 23:35:55,054 | WARNING | ZIP_WITH_PREDICTION decode failed (error: Error -3 while decompressing data: incorrect data check); channel replaced with black. width=2006 height=2006 depth=8 version=1
2026-04-09 23:35:55,059 | WARNING | Failed channel has been replaced by black
2026-04-09 23:35:55,087 | WARNING | ZIP_WITH_PREDICTION decode failed (error: Error -3 while decompressing data: incorrect data check); channel replaced with black. width=2006 height=2006 depth=8 version=1
2026-04-09 23:35:55,092 | WARNING | Failed channel has been replaced by black
2026-04-09 23:35:55,143 | WARNING | ZIP_WITH_PREDICTION decode failed (error: Error -3 while decompressing data: incorrect data check); channel replaced with black. width=2006 height=2006 depth=8 version=1
2026-04-09 23:35:55,148 | WARNING | Failed channel has been replaced by black
2026-04-09 23:35:56,787 | WARNING | ZIP_WITH_PREDICTION decode failed (error: Error -3 while decompressing data: incorrect data check); channel replaced with black. width=1267 height=644 depth=8 version=1
2026-04-09 23:35:56,790 | WARNING | Failed channel has been replaced by black
2026-04-09 23:35:56,794 | WARNING | ZIP_WITH_PREDICTION decode failed (error: Error -3 while decompressing data: incorrect data check); channel replaced with black. width=1267 height=644 depth=8 version=1
2026-04-09 23:35:56,795 | WARNING | Failed channel has been replaced by black
2026-04-09 23:35:56,799 | WARNING | ZIP_WITH_PREDICTION decode failed (error: Error -3 while decompressing data: incorrect data check); channel replaced with black. width=1267 height=644 depth=8 version=1
2026-04-09 23:35:56,800 | WARNING | Failed channel has been replaced by black
2026-04-09 23:35:56,810 | WARNING | ZIP_WITH_PREDICTION decode failed (error: Error -3 while decompressing data: incorrect data check); channel replaced with black. width=1267 height=644 depth=8 version=1
2026-04-09 23:35:56,811 | WARNING | Failed channel has been replaced by black
2026-04-09 23:35:57,560 | WARNING | ZIP_WITH_PREDICTION decode failed (ValueError: Decompressed size exceeds expected maximum of 37062 bytes); channel replaced with black. width=174 height=213 depth=8 version=1
2026-04-09 23:35:57,560 | WARNING | Failed channel has been replaced by black
2026-04-09 23:35:57,561 | WARNING | ZIP_WITH_PREDICTION decode failed (ValueError: Decompressed size exceeds expected maximum of 37062 bytes); channel replaced with black. width=174 height=213 depth=8 version=1
2026-04-09 23:35:57,561 | WARNING | Failed channel has been replaced by black
2026-04-09 23:35:57,561 | WARNING | ZIP_WITH_PREDICTION decode failed (ValueError: Decompressed size exceeds expected maximum of 37062 bytes); channel replaced with black. width=174 height=213 depth=8 version=1
2026-04-09 23:35:57,562 | WARNING | Failed channel has been replaced by black
2026-04-09 23:35:57,562 | WARNING | ZIP_WITH_PREDICTION decode failed (ValueError: Decompressed size exceeds expected maximum of 37062 bytes); channel replaced with black. width=174 height=213 depth=8 version=1
2026-04-09 23:35:57,562 | WARNING | Failed channel has been replaced by black
2026-04-09 23:35:58,311 | WARNING | ZIP_WITH_PREDICTION decode failed (error: Error -3 while decompressing data: incorrect data check); channel replaced with black. width=1447 height=373 depth=8 version=1
2026-04-09 23:35:58,312 | WARNING | Failed channel has been replaced by black
2026-04-09 23:35:58,315 | WARNING | ZIP_WITH_PREDICTION decode failed (error: Error -3 while decompressing data: incorrect data check); channel replaced with black. width=1447 height=373 depth=8 version=1
2026-04-09 23:35:58,316 | WARNING | Failed channel has been replaced by black
2026-04-09 23:35:58,318 | WARNING | ZIP_WITH_PREDICTION decode failed (error: Error -3 while decompressing data: incorrect data check); channel replaced with black. width=1447 height=373 depth=8 version=1
2026-04-09 23:35:58,319 | WARNING | Failed channel has been replaced by black
2026-04-09 23:35:58,326 | WARNING | ZIP_WITH_PREDICTION decode failed (error: Error -3 while decompressing data: incorrect data check); channel replaced with black. width=1447 height=373 depth=8 version=1
2026-04-09 23:35:58,327 | WARNING | Failed channel has been replaced by black
2026-04-09 23:35:59,092 | WARNING | ZIP_WITH_PREDICTION decode failed (ValueError: Decompressed size exceeds expected maximum of 34026 bytes); channel replaced with black. width=159 height=214 depth=8 version=1
2026-04-09 23:35:59,092 | WARNING | Failed channel has been replaced by black
2026-04-09 23:35:59,094 | WARNING | ZIP_WITH_PREDICTION decode failed (ValueError: Decompressed size exceeds expected maximum of 34026 bytes); channel replaced with black. width=159 height=214 depth=8 version=1
2026-04-09 23:35:59,094 | WARNING | Failed channel has been replaced by black
2026-04-09 23:35:59,094 | WARNING | ZIP_WITH_PREDICTION decode failed (ValueError: Decompressed size exceeds expected maximum of 34026 bytes); channel replaced with black. width=159 height=214 depth=8 version=1
2026-04-09 23:35:59,095 | WARNING | Failed channel has been replaced by black
2026-04-09 23:35:59,096 | WARNING | ZIP_WITH_PREDICTION decode failed (ValueError: Decompressed size exceeds expected maximum of 34026 bytes); channel replaced with black. width=159 height=214 depth=8 version=1
2026-04-09 23:35:59,096 | WARNING | Failed channel has been replaced by black
2026-04-09 23:36:00,336 | INFO | [ok] zombie-galacti.psd
2026-04-09 23:36:00,338 | INFO |     Cost 7: (150, 174, 324, 387) -> (159, 186, 333, 399) (target (159, 186, 333, 399), dx=9, dy=12)
2026-04-09 23:36:00,340 | INFO |     Power 5: (1460, 197, 1619, 411) -> (1481, 185, 1640, 399) (target (1481, 185, 1640, 399), dx=21, dy=-12)
2026-04-09 23:36:00,526 | WARNING | ZIP_WITH_PREDICTION decode failed (error: Error -3 while decompressing data: incorrect data check); channel replaced with black. width=2318 height=2142 depth=8 version=1
2026-04-09 23:36:00,533 | WARNING | Failed channel has been replaced by black
2026-04-09 23:36:00,566 | WARNING | ZIP_WITH_PREDICTION decode failed (error: Error -3 while decompressing data: incorrect data check); channel replaced with black. width=2318 height=2142 depth=8 version=1
2026-04-09 23:36:00,573 | WARNING | Failed channel has been replaced by black
2026-04-09 23:36:00,607 | WARNING | ZIP_WITH_PREDICTION decode failed (error: Error -3 while decompressing data: incorrect data check); channel replaced with black. width=2318 height=2142 depth=8 version=1
2026-04-09 23:36:00,614 | WARNING | Failed channel has been replaced by black
2026-04-09 23:36:00,678 | WARNING | ZIP_WITH_PREDICTION decode failed (error: Error -3 while decompressing data: incorrect data check); channel replaced with black. width=2318 height=2142 depth=8 version=1
2026-04-09 23:36:00,685 | WARNING | Failed channel has been replaced by black
2026-04-09 23:36:01,474 | WARNING | ZIP_WITH_PREDICTION decode failed (ValueError: Decompressed size exceeds expected maximum of 1042926 bytes); channel replaced with black. width=1721 height=606 depth=8 version=1
2026-04-09 23:36:01,475 | WARNING | Failed channel has been replaced by black
2026-04-09 23:36:01,481 | WARNING | ZIP_WITH_PREDICTION decode failed (ValueError: Decompressed size exceeds expected maximum of 1042926 bytes); channel replaced with black. width=1721 height=606 depth=8 version=1
2026-04-09 23:36:01,482 | WARNING | Failed channel has been replaced by black
2026-04-09 23:36:01,488 | WARNING | ZIP_WITH_PREDICTION decode failed (ValueError: Decompressed size exceeds expected maximum of 1042926 bytes); channel replaced with black. width=1721 height=606 depth=8 version=1
2026-04-09 23:36:01,489 | WARNING | Failed channel has been replaced by black
2026-04-09 23:36:01,503 | WARNING | ZIP_WITH_PREDICTION decode failed (ValueError: Decompressed size exceeds expected maximum of 1042926 bytes); channel replaced with black. width=1721 height=606 depth=8 version=1
2026-04-09 23:36:01,503 | WARNING | Failed channel has been replaced by black
2026-04-09 23:36:02,264 | WARNING | ZIP_WITH_PREDICTION decode failed (ValueError: Decompressed size exceeds expected maximum of 3770442 bytes); channel replaced with black. width=1703 height=2214 depth=8 version=1
2026-04-09 23:36:02,268 | WARNING | Failed channel has been replaced by black
2026-04-09 23:36:02,291 | WARNING | ZIP_WITH_PREDICTION decode failed (ValueError: Decompressed size exceeds expected maximum of 3770442 bytes); channel replaced with black. width=1703 height=2214 depth=8 version=1
2026-04-09 23:36:02,295 | WARNING | Failed channel has been replaced by black
2026-04-09 23:36:02,319 | WARNING | ZIP_WITH_PREDICTION decode failed (ValueError: Decompressed size exceeds expected maximum of 3770442 bytes); channel replaced with black. width=1703 height=2214 depth=8 version=1
2026-04-09 23:36:02,323 | WARNING | Failed channel has been replaced by black
2026-04-09 23:36:02,374 | WARNING | ZIP_WITH_PREDICTION decode failed (ValueError: Decompressed size exceeds expected maximum of 3770442 bytes); channel replaced with black. width=1703 height=2214 depth=8 version=1
2026-04-09 23:36:02,378 | WARNING | Failed channel has been replaced by black
2026-04-09 23:36:03,163 | WARNING | ZIP_WITH_PREDICTION decode failed (error: Error -3 while decompressing data: incorrect data check); channel replaced with black. width=1792 height=2646 depth=8 version=1
2026-04-09 23:36:03,170 | WARNING | Failed channel has been replaced by black
2026-04-09 23:36:03,196 | WARNING | ZIP_WITH_PREDICTION decode failed (error: Error -3 while decompressing data: incorrect data check); channel replaced with black. width=1792 height=2646 depth=8 version=1
2026-04-09 23:36:03,202 | WARNING | Failed channel has been replaced by black
2026-04-09 23:36:03,229 | WARNING | ZIP_WITH_PREDICTION decode failed (error: Error -3 while decompressing data: incorrect data check); channel replaced with black. width=1792 height=2646 depth=8 version=1
2026-04-09 23:36:03,235 | WARNING | Failed channel has been replaced by black
2026-04-09 23:36:03,297 | WARNING | ZIP_WITH_PREDICTION decode failed (error: Error -3 while decompressing data: incorrect data check); channel replaced with black. width=1792 height=2646 depth=8 version=1
2026-04-09 23:36:03,303 | WARNING | Failed channel has been replaced by black
2026-04-09 23:36:04,089 | WARNING | ZIP_WITH_PREDICTION decode failed (ValueError: Decompressed size exceeds expected maximum of 2816422 bytes); channel replaced with black. width=1421 height=1982 depth=8 version=1
2026-04-09 23:36:04,093 | WARNING | Failed channel has been replaced by black
2026-04-09 23:36:04,110 | WARNING | ZIP_WITH_PREDICTION decode failed (ValueError: Decompressed size exceeds expected maximum of 2816422 bytes); channel replaced with black. width=1421 height=1982 depth=8 version=1
2026-04-09 23:36:04,113 | WARNING | Failed channel has been replaced by black
2026-04-09 23:36:04,129 | WARNING | ZIP_WITH_PREDICTION decode failed (ValueError: Decompressed size exceeds expected maximum of 2816422 bytes); channel replaced with black. width=1421 height=1982 depth=8 version=1
2026-04-09 23:36:04,133 | WARNING | Failed channel has been replaced by black
2026-04-09 23:36:04,171 | WARNING | ZIP_WITH_PREDICTION decode failed (ValueError: Decompressed size exceeds expected maximum of 2816422 bytes); channel replaced with black. width=1421 height=1982 depth=8 version=1
2026-04-09 23:36:04,175 | WARNING | Failed channel has been replaced by black
2026-04-09 23:36:04,249 | WARNING | ZIP_WITH_PREDICTION decode failed (error: Error -3 while decompressing data: incorrect data check); channel replaced with black. width=2006 height=2006 depth=8 version=1
2026-04-09 23:36:04,254 | WARNING | Failed channel has been replaced by black
2026-04-09 23:36:04,282 | WARNING | ZIP_WITH_PREDICTION decode failed (error: Error -3 while decompressing data: incorrect data check); channel replaced with black. width=2006 height=2006 depth=8 version=1
2026-04-09 23:36:04,287 | WARNING | Failed channel has been replaced by black
2026-04-09 23:36:04,315 | WARNING | ZIP_WITH_PREDICTION decode failed (error: Error -3 while decompressing data: incorrect data check); channel replaced with black. width=2006 height=2006 depth=8 version=1
2026-04-09 23:36:04,320 | WARNING | Failed channel has been replaced by black
2026-04-09 23:36:04,373 | WARNING | ZIP_WITH_PREDICTION decode failed (error: Error -3 while decompressing data: incorrect data check); channel replaced with black. width=2006 height=2006 depth=8 version=1
2026-04-09 23:36:04,377 | WARNING | Failed channel has been replaced by black
2026-04-09 23:36:05,903 | WARNING | ZIP_WITH_PREDICTION decode failed (error: Error -3 while decompressing data: incorrect data check); channel replaced with black. width=1356 height=643 depth=8 version=1
2026-04-09 23:36:05,905 | WARNING | Failed channel has been replaced by black
2026-04-09 23:36:05,910 | WARNING | ZIP_WITH_PREDICTION decode failed (error: Error -3 while decompressing data: incorrect data check); channel replaced with black. width=1356 height=643 depth=8 version=1
2026-04-09 23:36:05,912 | WARNING | Failed channel has been replaced by black
2026-04-09 23:36:05,916 | WARNING | ZIP_WITH_PREDICTION decode failed (error: Error -3 while decompressing data: incorrect data check); channel replaced with black. width=1356 height=643 depth=8 version=1
2026-04-09 23:36:05,917 | WARNING | Failed channel has been replaced by black
2026-04-09 23:36:05,929 | WARNING | ZIP_WITH_PREDICTION decode failed (error: Error -3 while decompressing data: incorrect data check); channel replaced with black. width=1356 height=643 depth=8 version=1
2026-04-09 23:36:05,930 | WARNING | Failed channel has been replaced by black
2026-04-09 23:36:06,668 | WARNING | ZIP_WITH_PREDICTION decode failed (ValueError: Decompressed size exceeds expected maximum of 34293 bytes); channel replaced with black. width=161 height=213 depth=8 version=1
2026-04-09 23:36:06,669 | WARNING | Failed channel has been replaced by black
2026-04-09 23:36:06,670 | WARNING | ZIP_WITH_PREDICTION decode failed (ValueError: Decompressed size exceeds expected maximum of 34293 bytes); channel replaced with black. width=161 height=213 depth=8 version=1
2026-04-09 23:36:06,670 | WARNING | Failed channel has been replaced by black
2026-04-09 23:36:06,671 | WARNING | ZIP_WITH_PREDICTION decode failed (ValueError: Decompressed size exceeds expected maximum of 34293 bytes); channel replaced with black. width=161 height=213 depth=8 version=1
2026-04-09 23:36:06,671 | WARNING | Failed channel has been replaced by black
2026-04-09 23:36:06,671 | WARNING | ZIP_WITH_PREDICTION decode failed (ValueError: Decompressed size exceeds expected maximum of 34293 bytes); channel replaced with black. width=161 height=213 depth=8 version=1
2026-04-09 23:36:06,671 | WARNING | Failed channel has been replaced by black
2026-04-09 23:36:07,417 | WARNING | ZIP_WITH_PREDICTION decode failed (error: Error -3 while decompressing data: incorrect data check); channel replaced with black. width=1312 height=238 depth=8 version=1
2026-04-09 23:36:07,419 | WARNING | Failed channel has been replaced by black
2026-04-09 23:36:07,420 | WARNING | ZIP_WITH_PREDICTION decode failed (error: Error -3 while decompressing data: incorrect data check); channel replaced with black. width=1312 height=238 depth=8 version=1
2026-04-09 23:36:07,420 | WARNING | Failed channel has been replaced by black
2026-04-09 23:36:07,422 | WARNING | ZIP_WITH_PREDICTION decode failed (error: Error -3 while decompressing data: incorrect data check); channel replaced with black. width=1312 height=238 depth=8 version=1
2026-04-09 23:36:07,422 | WARNING | Failed channel has been replaced by black
2026-04-09 23:36:07,426 | WARNING | ZIP_WITH_PREDICTION decode failed (error: Error -3 while decompressing data: incorrect data check); channel replaced with black. width=1312 height=238 depth=8 version=1
2026-04-09 23:36:07,427 | WARNING | Failed channel has been replaced by black
2026-04-09 23:36:08,177 | WARNING | ZIP_WITH_PREDICTION decode failed (ValueError: Decompressed size exceeds expected maximum of 36594 bytes); channel replaced with black. width=171 height=214 depth=8 version=1
2026-04-09 23:36:08,177 | WARNING | Failed channel has been replaced by black
2026-04-09 23:36:08,178 | WARNING | ZIP_WITH_PREDICTION decode failed (ValueError: Decompressed size exceeds expected maximum of 36594 bytes); channel replaced with black. width=171 height=214 depth=8 version=1
2026-04-09 23:36:08,178 | WARNING | Failed channel has been replaced by black
2026-04-09 23:36:08,179 | WARNING | ZIP_WITH_PREDICTION decode failed (ValueError: Decompressed size exceeds expected maximum of 36594 bytes); channel replaced with black. width=171 height=214 depth=8 version=1
2026-04-09 23:36:08,179 | WARNING | Failed channel has been replaced by black
2026-04-09 23:36:08,180 | WARNING | ZIP_WITH_PREDICTION decode failed (ValueError: Decompressed size exceeds expected maximum of 36594 bytes); channel replaced with black. width=171 height=214 depth=8 version=1
2026-04-09 23:36:08,180 | WARNING | Failed channel has been replaced by black
2026-04-09 23:36:09,390 | INFO | [ok] zombie-giant-man.psd
2026-04-09 23:36:09,390 | INFO |     Cost 5: (152, 174, 313, 387) -> (170, 186, 331, 399) (target (170, 186, 331, 399), dx=18, dy=12)
2026-04-09 23:36:09,391 | INFO |     Power 4: (1472, 197, 1643, 411) -> (1472, 182, 1643, 396) (target (1472, 182, 1643, 396), dx=0, dy=-15)
2026-04-09 23:36:09,635 | INFO | [ok] zombie-horde.psd
2026-04-09 23:36:10,022 | INFO |     Cost 0: (157, 186, 338, 399) -> (157, 186, 338, 399) (target (157, 186, 338, 399), dx=0, dy=0)
2026-04-09 23:36:10,028 | INFO |     Power 0: (1464, 191, 1645, 405) -> (1464, 191, 1645, 405) (target (1464, 191, 1645, 405), dx=0, dy=0)
2026-04-09 23:36:10,211 | WARNING | ZIP_WITH_PREDICTION decode failed (error: Error -3 while decompressing data: incorrect data check); channel replaced with black. width=2318 height=2142 depth=8 version=1
2026-04-09 23:36:10,217 | WARNING | Failed channel has been replaced by black
2026-04-09 23:36:10,250 | WARNING | ZIP_WITH_PREDICTION decode failed (error: Error -3 while decompressing data: incorrect data check); channel replaced with black. width=2318 height=2142 depth=8 version=1
2026-04-09 23:36:10,256 | WARNING | Failed channel has been replaced by black
2026-04-09 23:36:10,290 | WARNING | ZIP_WITH_PREDICTION decode failed (error: Error -3 while decompressing data: incorrect data check); channel replaced with black. width=2318 height=2142 depth=8 version=1
2026-04-09 23:36:10,296 | WARNING | Failed channel has been replaced by black
2026-04-09 23:36:10,369 | WARNING | ZIP_WITH_PREDICTION decode failed (error: Error -3 while decompressing data: incorrect data check); channel replaced with black. width=2318 height=2142 depth=8 version=1
2026-04-09 23:36:10,376 | WARNING | Failed channel has been replaced by black
2026-04-09 23:36:11,291 | WARNING | ZIP_WITH_PREDICTION decode failed (ValueError: Decompressed size exceeds expected maximum of 1042926 bytes); channel replaced with black. width=1721 height=606 depth=8 version=1
2026-04-09 23:36:11,294 | WARNING | Failed channel has been replaced by black
2026-04-09 23:36:11,304 | WARNING | ZIP_WITH_PREDICTION decode failed (ValueError: Decompressed size exceeds expected maximum of 1042926 bytes); channel replaced with black. width=1721 height=606 depth=8 version=1
2026-04-09 23:36:11,307 | WARNING | Failed channel has been replaced by black
2026-04-09 23:36:11,313 | WARNING | ZIP_WITH_PREDICTION decode failed (ValueError: Decompressed size exceeds expected maximum of 1042926 bytes); channel replaced with black. width=1721 height=606 depth=8 version=1
2026-04-09 23:36:11,314 | WARNING | Failed channel has been replaced by black
2026-04-09 23:36:11,341 | WARNING | ZIP_WITH_PREDICTION decode failed (ValueError: Decompressed size exceeds expected maximum of 1042926 bytes); channel replaced with black. width=1721 height=606 depth=8 version=1
2026-04-09 23:36:11,342 | WARNING | Failed channel has been replaced by black
2026-04-09 23:36:12,325 | WARNING | ZIP_WITH_PREDICTION decode failed (ValueError: Decompressed size exceeds expected maximum of 3770442 bytes); channel replaced with black. width=1703 height=2214 depth=8 version=1
2026-04-09 23:36:12,334 | WARNING | Failed channel has been replaced by black
2026-04-09 23:36:12,371 | WARNING | ZIP_WITH_PREDICTION decode failed (ValueError: Decompressed size exceeds expected maximum of 3770442 bytes); channel replaced with black. width=1703 height=2214 depth=8 version=1
2026-04-09 23:36:12,381 | WARNING | Failed channel has been replaced by black
2026-04-09 23:36:12,405 | WARNING | ZIP_WITH_PREDICTION decode failed (ValueError: Decompressed size exceeds expected maximum of 3770442 bytes); channel replaced with black. width=1703 height=2214 depth=8 version=1
2026-04-09 23:36:12,411 | WARNING | Failed channel has been replaced by black
2026-04-09 23:36:12,471 | WARNING | ZIP_WITH_PREDICTION decode failed (ValueError: Decompressed size exceeds expected maximum of 3770442 bytes); channel replaced with black. width=1703 height=2214 depth=8 version=1
2026-04-09 23:36:12,478 | WARNING | Failed channel has been replaced by black
2026-04-09 23:36:13,314 | WARNING | ZIP_WITH_PREDICTION decode failed (error: Error -3 while decompressing data: incorrect data check); channel replaced with black. width=1792 height=2646 depth=8 version=1
2026-04-09 23:36:13,320 | WARNING | Failed channel has been replaced by black
2026-04-09 23:36:13,350 | WARNING | ZIP_WITH_PREDICTION decode failed (error: Error -3 while decompressing data: incorrect data check); channel replaced with black. width=1792 height=2646 depth=8 version=1
2026-04-09 23:36:13,357 | WARNING | Failed channel has been replaced by black
2026-04-09 23:36:13,383 | WARNING | ZIP_WITH_PREDICTION decode failed (error: Error -3 while decompressing data: incorrect data check); channel replaced with black. width=1792 height=2646 depth=8 version=1
2026-04-09 23:36:13,389 | WARNING | Failed channel has been replaced by black
2026-04-09 23:36:13,453 | WARNING | ZIP_WITH_PREDICTION decode failed (error: Error -3 while decompressing data: incorrect data check); channel replaced with black. width=1792 height=2646 depth=8 version=1
2026-04-09 23:36:13,459 | WARNING | Failed channel has been replaced by black
2026-04-09 23:36:14,388 | WARNING | ZIP_WITH_PREDICTION decode failed (ValueError: Decompressed size exceeds expected maximum of 2816422 bytes); channel replaced with black. width=1421 height=1982 depth=8 version=1
2026-04-09 23:36:14,394 | WARNING | Failed channel has been replaced by black
2026-04-09 23:36:14,420 | WARNING | ZIP_WITH_PREDICTION decode failed (ValueError: Decompressed size exceeds expected maximum of 2816422 bytes); channel replaced with black. width=1421 height=1982 depth=8 version=1
2026-04-09 23:36:14,427 | WARNING | Failed channel has been replaced by black
2026-04-09 23:36:14,449 | WARNING | ZIP_WITH_PREDICTION decode failed (ValueError: Decompressed size exceeds expected maximum of 2816422 bytes); channel replaced with black. width=1421 height=1982 depth=8 version=1
2026-04-09 23:36:14,454 | WARNING | Failed channel has been replaced by black
2026-04-09 23:36:14,501 | WARNING | ZIP_WITH_PREDICTION decode failed (ValueError: Decompressed size exceeds expected maximum of 2816422 bytes); channel replaced with black. width=1421 height=1982 depth=8 version=1
2026-04-09 23:36:14,506 | WARNING | Failed channel has been replaced by black
2026-04-09 23:36:14,585 | WARNING | ZIP_WITH_PREDICTION decode failed (error: Error -3 while decompressing data: incorrect data check); channel replaced with black. width=2006 height=2006 depth=8 version=1
2026-04-09 23:36:14,590 | WARNING | Failed channel has been replaced by black
2026-04-09 23:36:14,619 | WARNING | ZIP_WITH_PREDICTION decode failed (error: Error -3 while decompressing data: incorrect data check); channel replaced with black. width=2006 height=2006 depth=8 version=1
2026-04-09 23:36:14,623 | WARNING | Failed channel has been replaced by black
2026-04-09 23:36:14,652 | WARNING | ZIP_WITH_PREDICTION decode failed (error: Error -3 while decompressing data: incorrect data check); channel replaced with black. width=2006 height=2006 depth=8 version=1
2026-04-09 23:36:14,657 | WARNING | Failed channel has been replaced by black
2026-04-09 23:36:14,713 | WARNING | ZIP_WITH_PREDICTION decode failed (error: Error -3 while decompressing data: incorrect data check); channel replaced with black. width=2006 height=2006 depth=8 version=1
2026-04-09 23:36:14,718 | WARNING | Failed channel has been replaced by black
2026-04-09 23:36:16,341 | WARNING | ZIP_WITH_PREDICTION decode failed (error: Error -3 while decompressing data: incorrect data check); channel replaced with black. width=1676 height=643 depth=8 version=1
2026-04-09 23:36:16,344 | WARNING | Failed channel has been replaced by black
2026-04-09 23:36:16,350 | WARNING | ZIP_WITH_PREDICTION decode failed (error: Error -3 while decompressing data: incorrect data check); channel replaced with black. width=1676 height=643 depth=8 version=1
2026-04-09 23:36:16,351 | WARNING | Failed channel has been replaced by black
2026-04-09 23:36:16,358 | WARNING | ZIP_WITH_PREDICTION decode failed (error: Error -3 while decompressing data: incorrect data check); channel replaced with black. width=1676 height=643 depth=8 version=1
2026-04-09 23:36:16,359 | WARNING | Failed channel has been replaced by black
2026-04-09 23:36:16,373 | WARNING | ZIP_WITH_PREDICTION decode failed (error: Error -3 while decompressing data: incorrect data check); channel replaced with black. width=1676 height=643 depth=8 version=1
2026-04-09 23:36:16,374 | WARNING | Failed channel has been replaced by black
2026-04-09 23:36:17,188 | WARNING | ZIP_WITH_PREDICTION decode failed (ValueError: Decompressed size exceeds expected maximum of 35358 bytes); channel replaced with black. width=166 height=213 depth=8 version=1
2026-04-09 23:36:17,189 | WARNING | Failed channel has been replaced by black
2026-04-09 23:36:17,190 | WARNING | ZIP_WITH_PREDICTION decode failed (ValueError: Decompressed size exceeds expected maximum of 35358 bytes); channel replaced with black. width=166 height=213 depth=8 version=1
2026-04-09 23:36:17,191 | WARNING | Failed channel has been replaced by black
2026-04-09 23:36:17,191 | WARNING | ZIP_WITH_PREDICTION decode failed (ValueError: Decompressed size exceeds expected maximum of 35358 bytes); channel replaced with black. width=166 height=213 depth=8 version=1
2026-04-09 23:36:17,191 | WARNING | Failed channel has been replaced by black
2026-04-09 23:36:17,192 | WARNING | ZIP_WITH_PREDICTION decode failed (ValueError: Decompressed size exceeds expected maximum of 35358 bytes); channel replaced with black. width=166 height=213 depth=8 version=1
2026-04-09 23:36:17,192 | WARNING | Failed channel has been replaced by black
2026-04-09 23:36:18,075 | WARNING | ZIP_WITH_PREDICTION decode failed (error: Error -3 while decompressing data: incorrect data check); channel replaced with black. width=1338 height=104 depth=8 version=1
2026-04-09 23:36:18,076 | WARNING | Failed channel has been replaced by black
2026-04-09 23:36:18,077 | WARNING | ZIP_WITH_PREDICTION decode failed (error: Error -3 while decompressing data: incorrect data check); channel replaced with black. width=1338 height=104 depth=8 version=1
2026-04-09 23:36:18,077 | WARNING | Failed channel has been replaced by black
2026-04-09 23:36:18,078 | WARNING | ZIP_WITH_PREDICTION decode failed (error: Error -3 while decompressing data: incorrect data check); channel replaced with black. width=1338 height=104 depth=8 version=1
2026-04-09 23:36:18,078 | WARNING | Failed channel has been replaced by black
2026-04-09 23:36:18,080 | WARNING | ZIP_WITH_PREDICTION decode failed (error: Error -3 while decompressing data: incorrect data check); channel replaced with black. width=1338 height=104 depth=8 version=1
2026-04-09 23:36:18,080 | WARNING | Failed channel has been replaced by black
2026-04-09 23:36:18,874 | WARNING | ZIP_WITH_PREDICTION decode failed (ValueError: Decompressed size exceeds expected maximum of 36594 bytes); channel replaced with black. width=171 height=214 depth=8 version=1
2026-04-09 23:36:18,874 | WARNING | Failed channel has been replaced by black
2026-04-09 23:36:18,875 | WARNING | ZIP_WITH_PREDICTION decode failed (ValueError: Decompressed size exceeds expected maximum of 36594 bytes); channel replaced with black. width=171 height=214 depth=8 version=1
2026-04-09 23:36:18,876 | WARNING | Failed channel has been replaced by black
2026-04-09 23:36:18,876 | WARNING | ZIP_WITH_PREDICTION decode failed (ValueError: Decompressed size exceeds expected maximum of 36594 bytes); channel replaced with black. width=171 height=214 depth=8 version=1
2026-04-09 23:36:18,876 | WARNING | Failed channel has been replaced by black
2026-04-09 23:36:18,877 | WARNING | ZIP_WITH_PREDICTION decode failed (ValueError: Decompressed size exceeds expected maximum of 36594 bytes); channel replaced with black. width=171 height=214 depth=8 version=1
2026-04-09 23:36:18,877 | WARNING | Failed channel has been replaced by black
2026-04-09 23:36:20,226 | INFO | [ok] zombie-scarlet-witch.psd
2026-04-09 23:36:20,226 | INFO |     Cost 3: (152, 174, 318, 387) -> (167, 183, 333, 396) (target (167, 183, 333, 396), dx=15, dy=9)
2026-04-09 23:36:20,227 | INFO |     Power 4: (1472, 197, 1643, 411) -> (1472, 182, 1643, 396) (target (1472, 182, 1643, 396), dx=0, dy=-15)
2026-04-09 23:36:20,228 | INFO | Done. Successful: 40 | Skipped/Errors: 20
2026-04-10 14:31:58,918 | INFO | Loading calibration file: C:\Users\allda\Downloads\Snap-card-pipeline\photopea_batch\calibration_table.json
2026-04-10 14:31:58,925 | INFO | Loaded calibration entries | cost=9 | power=22
2026-04-10 14:31:58,925 | INFO | Found 60 PSD(s) in input directory: C:\Users\allda\Downloads\Snap-card-pipeline\photopea_batch\output_psd_dev
2026-04-10 14:31:58,926 | WARNING | [skipped_existing_output] ajax.psd
2026-04-10 14:31:58,927 | WARNING |     Output already exists: C:\Users\allda\Downloads\Snap-card-pipeline\photopea_batch\output_psd_calibrated\ajax.psd
2026-04-10 14:31:58,927 | WARNING | [skipped_existing_output] ant-man.psd
2026-04-10 14:31:58,927 | WARNING |     Output already exists: C:\Users\allda\Downloads\Snap-card-pipeline\photopea_batch\output_psd_calibrated\ant-man.psd
2026-04-10 14:31:58,927 | WARNING | [skipped_existing_output] black-swan.psd
2026-04-10 14:31:58,927 | WARNING |     Output already exists: C:\Users\allda\Downloads\Snap-card-pipeline\photopea_batch\output_psd_calibrated\black-swan.psd
2026-04-10 14:31:58,927 | WARNING | [skipped_existing_output] black-widow.psd
2026-04-10 14:31:58,927 | WARNING |     Output already exists: C:\Users\allda\Downloads\Snap-card-pipeline\photopea_batch\output_psd_calibrated\black-widow.psd
2026-04-10 14:31:58,928 | WARNING | [skipped_existing_output] blob.psd
2026-04-10 14:31:58,928 | WARNING |     Output already exists: C:\Users\allda\Downloads\Snap-card-pipeline\photopea_batch\output_psd_calibrated\blob.psd
2026-04-10 14:31:58,928 | WARNING | [skipped_existing_output] cloak.psd
2026-04-10 14:31:58,929 | WARNING |     Output already exists: C:\Users\allda\Downloads\Snap-card-pipeline\photopea_batch\output_psd_calibrated\cloak.psd
2026-04-10 14:31:58,929 | WARNING | [skipped_existing_output] death.psd
2026-04-10 14:31:58,929 | WARNING |     Output already exists: C:\Users\allda\Downloads\Snap-card-pipeline\photopea_batch\output_psd_calibrated\death.psd
2026-04-10 14:31:58,930 | WARNING | [skipped_existing_output] destroyer.psd
2026-04-10 14:31:58,930 | WARNING |     Output already exists: C:\Users\allda\Downloads\Snap-card-pipeline\photopea_batch\output_psd_calibrated\destroyer.psd
2026-04-10 14:31:58,930 | WARNING | [skipped_existing_output] dormammu.psd
2026-04-10 14:31:58,931 | WARNING |     Output already exists: C:\Users\allda\Downloads\Snap-card-pipeline\photopea_batch\output_psd_calibrated\dormammu.psd
2026-04-10 14:31:58,934 | WARNING | [skipped_existing_output] eson.psd
2026-04-10 14:31:58,934 | WARNING |     Output already exists: C:\Users\allda\Downloads\Snap-card-pipeline\photopea_batch\output_psd_calibrated\eson.psd
2026-04-10 14:31:58,935 | WARNING | [skipped_existing_output] galacta.psd
2026-04-10 14:31:58,935 | WARNING |     Output already exists: C:\Users\allda\Downloads\Snap-card-pipeline\photopea_batch\output_psd_calibrated\galacta.psd
2026-04-10 14:31:58,936 | WARNING | [skipped_existing_output] galactus-first-steps.psd
2026-04-10 14:31:58,936 | WARNING |     Output already exists: C:\Users\allda\Downloads\Snap-card-pipeline\photopea_batch\output_psd_calibrated\galactus-first-steps.psd
2026-04-10 14:31:58,936 | WARNING | [skipped_existing_output] giganto.psd
2026-04-10 14:31:58,936 | WARNING |     Output already exists: C:\Users\allda\Downloads\Snap-card-pipeline\photopea_batch\output_psd_calibrated\giganto.psd
2026-04-10 14:31:58,937 | WARNING | [skipped_existing_output] gilgamesh.psd
2026-04-10 14:31:58,937 | WARNING |     Output already exists: C:\Users\allda\Downloads\Snap-card-pipeline\photopea_batch\output_psd_calibrated\gilgamesh.psd
2026-04-10 14:31:58,937 | WARNING | [skipped_existing_output] gladiator.psd
2026-04-10 14:31:58,937 | WARNING |     Output already exists: C:\Users\allda\Downloads\Snap-card-pipeline\photopea_batch\output_psd_calibrated\gladiator.psd
2026-04-10 14:31:58,938 | WARNING | [skipped_existing_output] green-goblin.psd
2026-04-10 14:31:58,938 | WARNING |     Output already exists: C:\Users\allda\Downloads\Snap-card-pipeline\photopea_batch\output_psd_calibrated\green-goblin.psd
2026-04-10 14:31:58,939 | WARNING | [skipped_existing_output] groot.psd
2026-04-10 14:31:58,939 | WARNING |     Output already exists: C:\Users\allda\Downloads\Snap-card-pipeline\photopea_batch\output_psd_calibrated\groot.psd
2026-04-10 14:31:58,939 | WARNING | [skipped_existing_output] havok.psd
2026-04-10 14:31:58,939 | WARNING |     Output already exists: C:\Users\allda\Downloads\Snap-card-pipeline\photopea_batch\output_psd_calibrated\havok.psd
2026-04-10 14:31:58,940 | WARNING | [skipped_existing_output] headpool.psd
2026-04-10 14:31:58,940 | WARNING |     Output already exists: C:\Users\allda\Downloads\Snap-card-pipeline\photopea_batch\output_psd_calibrated\headpool.psd
2026-04-10 14:31:58,940 | WARNING | [skipped_existing_output] hela.psd
2026-04-10 14:31:58,940 | WARNING |     Output already exists: C:\Users\allda\Downloads\Snap-card-pipeline\photopea_batch\output_psd_calibrated\hela.psd
2026-04-10 14:31:58,941 | WARNING | [skipped_existing_output] hobgoblin.psd
2026-04-10 14:31:58,941 | WARNING |     Output already exists: C:\Users\allda\Downloads\Snap-card-pipeline\photopea_batch\output_psd_calibrated\hobgoblin.psd
2026-04-10 14:31:58,942 | WARNING | [skipped_existing_output] hope-summers.psd
2026-04-10 14:31:58,942 | WARNING |     Output already exists: C:\Users\allda\Downloads\Snap-card-pipeline\photopea_batch\output_psd_calibrated\hope-summers.psd
2026-04-10 14:31:58,942 | WARNING | [skipped_existing_output] iron-fist.psd
2026-04-10 14:31:58,942 | WARNING |     Output already exists: C:\Users\allda\Downloads\Snap-card-pipeline\photopea_batch\output_psd_calibrated\iron-fist.psd
2026-04-10 14:31:58,943 | WARNING | [skipped_existing_output] ironheart.psd
2026-04-10 14:31:58,943 | WARNING |     Output already exists: C:\Users\allda\Downloads\Snap-card-pipeline\photopea_batch\output_psd_calibrated\ironheart.psd
2026-04-10 14:31:58,944 | WARNING | [skipped_existing_output] jean-grey-x-men.psd
2026-04-10 14:31:58,944 | WARNING |     Output already exists: C:\Users\allda\Downloads\Snap-card-pipeline\photopea_batch\output_psd_calibrated\jean-grey-x-men.psd
2026-04-10 14:31:58,944 | WARNING | [skipped_existing_output] jessica-jones.psd
2026-04-10 14:31:58,945 | WARNING |     Output already exists: C:\Users\allda\Downloads\Snap-card-pipeline\photopea_batch\output_psd_calibrated\jessica-jones.psd
2026-04-10 14:31:58,945 | WARNING | [skipped_existing_output] juggernaut.psd
2026-04-10 14:31:58,945 | WARNING |     Output already exists: C:\Users\allda\Downloads\Snap-card-pipeline\photopea_batch\output_psd_calibrated\juggernaut.psd
2026-04-10 14:31:58,946 | WARNING | [skipped_existing_output] kang.psd
2026-04-10 14:31:58,946 | WARNING |     Output already exists: C:\Users\allda\Downloads\Snap-card-pipeline\photopea_batch\output_psd_calibrated\kang.psd
2026-04-10 14:31:58,947 | WARNING | [skipped_existing_output] mirage.psd
2026-04-10 14:31:58,949 | WARNING |     Output already exists: C:\Users\allda\Downloads\Snap-card-pipeline\photopea_batch\output_psd_calibrated\mirage.psd
2026-04-10 14:31:58,950 | WARNING | [skipped_existing_output] mobius-m-mobius.psd
2026-04-10 14:31:58,950 | WARNING |     Output already exists: C:\Users\allda\Downloads\Snap-card-pipeline\photopea_batch\output_psd_calibrated\mobius-m-mobius.psd
2026-04-10 14:31:58,950 | WARNING | [skipped_existing_output] moon-girl.psd
2026-04-10 14:31:58,950 | WARNING |     Output already exists: C:\Users\allda\Downloads\Snap-card-pipeline\photopea_batch\output_psd_calibrated\moon-girl.psd
2026-04-10 14:31:58,951 | WARNING | [skipped_existing_output] mr-fantastic.psd
2026-04-10 14:31:58,951 | WARNING |     Output already exists: C:\Users\allda\Downloads\Snap-card-pipeline\photopea_batch\output_psd_calibrated\mr-fantastic.psd
2026-04-10 14:31:58,951 | WARNING | [skipped_existing_output] mr-negative.psd
2026-04-10 14:31:58,951 | WARNING |     Output already exists: C:\Users\allda\Downloads\Snap-card-pipeline\photopea_batch\output_psd_calibrated\mr-negative.psd
2026-04-10 14:31:58,952 | WARNING | [skipped_existing_output] mysterio-illusion.psd
2026-04-10 14:31:58,952 | WARNING |     Output already exists: C:\Users\allda\Downloads\Snap-card-pipeline\photopea_batch\output_psd_calibrated\mysterio-illusion.psd
2026-04-10 14:31:58,952 | WARNING | [skipped_existing_output] nebula.psd
2026-04-10 14:31:58,953 | WARNING |     Output already exists: C:\Users\allda\Downloads\Snap-card-pipeline\photopea_batch\output_psd_calibrated\nebula.psd
2026-04-10 14:31:58,953 | WARNING | [skipped_existing_output] ninja.psd
2026-04-10 14:31:58,953 | WARNING |     Output already exists: C:\Users\allda\Downloads\Snap-card-pipeline\photopea_batch\output_psd_calibrated\ninja.psd
2026-04-10 14:31:58,954 | WARNING | [skipped_existing_output] nova.psd
2026-04-10 14:31:58,954 | WARNING |     Output already exists: C:\Users\allda\Downloads\Snap-card-pipeline\photopea_batch\output_psd_calibrated\nova.psd
2026-04-10 14:31:58,954 | WARNING | [skipped_existing_output] orka.psd
2026-04-10 14:31:58,954 | WARNING |     Output already exists: C:\Users\allda\Downloads\Snap-card-pipeline\photopea_batch\output_psd_calibrated\orka.psd
2026-04-10 14:31:58,955 | WARNING | [skipped_existing_output] program01-herbie.psd
2026-04-10 14:31:58,955 | WARNING |     Output already exists: C:\Users\allda\Downloads\Snap-card-pipeline\photopea_batch\output_psd_calibrated\program01-herbie.psd
2026-04-10 14:31:58,955 | WARNING | [skipped_existing_output] red-skull.psd
2026-04-10 14:31:58,956 | WARNING |     Output already exists: C:\Users\allda\Downloads\Snap-card-pipeline\photopea_batch\output_psd_calibrated\red-skull.psd
2026-04-10 14:31:58,956 | WARNING | [skipped_existing_output] sage.psd
2026-04-10 14:31:58,956 | WARNING |     Output already exists: C:\Users\allda\Downloads\Snap-card-pipeline\photopea_batch\output_psd_calibrated\sage.psd
2026-04-10 14:31:58,957 | WARNING | [skipped_existing_output] scarlet-witch.psd
2026-04-10 14:31:58,957 | WARNING |     Output already exists: C:\Users\allda\Downloads\Snap-card-pipeline\photopea_batch\output_psd_calibrated\scarlet-witch.psd
2026-04-10 14:31:58,957 | WARNING | [skipped_existing_output] skill01-carnage-champion.psd
2026-04-10 14:31:58,957 | WARNING |     Output already exists: C:\Users\allda\Downloads\Snap-card-pipeline\photopea_batch\output_psd_calibrated\skill01-carnage-champion.psd
2026-04-10 14:31:58,958 | WARNING | [skipped_existing_output] skill01-hulk-champion.psd
2026-04-10 14:31:58,958 | WARNING |     Output already exists: C:\Users\allda\Downloads\Snap-card-pipeline\photopea_batch\output_psd_calibrated\skill01-hulk-champion.psd
2026-04-10 14:31:58,959 | WARNING | [skipped_existing_output] skill01-mr-fantastic-champion.psd
2026-04-10 14:31:58,959 | WARNING |     Output already exists: C:\Users\allda\Downloads\Snap-card-pipeline\photopea_batch\output_psd_calibrated\skill01-mr-fantastic-champion.psd
2026-04-10 14:31:58,959 | WARNING | [skipped_existing_output] skill01-thor-champion.psd
2026-04-10 14:31:58,959 | WARNING |     Output already exists: C:\Users\allda\Downloads\Snap-card-pipeline\photopea_batch\output_psd_calibrated\skill01-thor-champion.psd
2026-04-10 14:31:58,960 | WARNING | [skipped_existing_output] spider-ham.psd
2026-04-10 14:31:58,960 | WARNING |     Output already exists: C:\Users\allda\Downloads\Snap-card-pipeline\photopea_batch\output_psd_calibrated\spider-ham.psd
2026-04-10 14:31:58,960 | WARNING | [skipped_existing_output] stegron.psd
2026-04-10 14:31:58,961 | WARNING |     Output already exists: C:\Users\allda\Downloads\Snap-card-pipeline\photopea_batch\output_psd_calibrated\stegron.psd
2026-04-10 14:31:58,961 | WARNING | [skipped_existing_output] storm.psd
2026-04-10 14:31:58,961 | WARNING |     Output already exists: C:\Users\allda\Downloads\Snap-card-pipeline\photopea_batch\output_psd_calibrated\storm.psd
2026-04-10 14:31:58,962 | WARNING | [skipped_existing_output] sunspot.psd
2026-04-10 14:31:58,962 | WARNING |     Output already exists: C:\Users\allda\Downloads\Snap-card-pipeline\photopea_batch\output_psd_calibrated\sunspot.psd
2026-04-10 14:31:58,962 | WARNING | [skipped_existing_output] the-thing.psd
2026-04-10 14:31:58,962 | WARNING |     Output already exists: C:\Users\allda\Downloads\Snap-card-pipeline\photopea_batch\output_psd_calibrated\the-thing.psd
2026-04-10 14:31:58,965 | WARNING | [skipped_existing_output] the-void.psd
2026-04-10 14:31:58,966 | WARNING |     Output already exists: C:\Users\allda\Downloads\Snap-card-pipeline\photopea_batch\output_psd_calibrated\the-void.psd
2026-04-10 14:31:58,966 | WARNING | [skipped_existing_output] toxie-doxie.psd
2026-04-10 14:31:58,966 | WARNING |     Output already exists: C:\Users\allda\Downloads\Snap-card-pipeline\photopea_batch\output_psd_calibrated\toxie-doxie.psd
2026-04-10 14:31:58,967 | WARNING | [skipped_existing_output] typhoid-mary.psd
2026-04-10 14:31:58,967 | WARNING |     Output already exists: C:\Users\allda\Downloads\Snap-card-pipeline\photopea_batch\output_psd_calibrated\typhoid-mary.psd
2026-04-10 14:31:58,967 | WARNING | [skipped_existing_output] uatu.psd
2026-04-10 14:31:58,967 | WARNING |     Output already exists: C:\Users\allda\Downloads\Snap-card-pipeline\photopea_batch\output_psd_calibrated\uatu.psd
2026-04-10 14:31:58,968 | WARNING | [skipped_existing_output] viv.psd
2026-04-10 14:31:58,968 | WARNING |     Output already exists: C:\Users\allda\Downloads\Snap-card-pipeline\photopea_batch\output_psd_calibrated\viv.psd
2026-04-10 14:31:58,968 | WARNING | [skipped_existing_output] zombie-galacti.psd
2026-04-10 14:31:58,968 | WARNING |     Output already exists: C:\Users\allda\Downloads\Snap-card-pipeline\photopea_batch\output_psd_calibrated\zombie-galacti.psd
2026-04-10 14:31:58,969 | WARNING | [skipped_existing_output] zombie-giant-man.psd
2026-04-10 14:31:58,969 | WARNING |     Output already exists: C:\Users\allda\Downloads\Snap-card-pipeline\photopea_batch\output_psd_calibrated\zombie-giant-man.psd
2026-04-10 14:31:58,969 | WARNING | [skipped_existing_output] zombie-horde.psd
2026-04-10 14:31:58,970 | WARNING |     Output already exists: C:\Users\allda\Downloads\Snap-card-pipeline\photopea_batch\output_psd_calibrated\zombie-horde.psd
2026-04-10 14:31:58,970 | WARNING | [skipped_existing_output] zombie-scarlet-witch.psd
2026-04-10 14:31:58,970 | WARNING |     Output already exists: C:\Users\allda\Downloads\Snap-card-pipeline\photopea_batch\output_psd_calibrated\zombie-scarlet-witch.psd
2026-04-10 14:31:58,970 | INFO | Done. Successful: 0 | Skipped/Errors: 60
